symbol,earnings_dt
20MICRONS,2021-02-12 15:34:59
20MICRONS,2021-06-28 16:41:42
20MICRONS,2021-08-10 16:03:30
20MICRONS,2021-08-12 15:56:48
20MICRONS,2021-10-21 14:57:57
20MICRONS,2021-10-21 15:25:05
20MICRONS,2021-10-22 15:14:51
20MICRONS,2022-01-21 16:00:46
20MICRONS,2022-05-03 15:34:28
20MICRONS,2023-01-27 10:53:38
20MICRONS,2023-05-17 12:18:02
20MICRONS,2023-05-17 15:53:45
20MICRONS,2023-07-21 15:48:16
20MICRONS,2023-10-25 15:22:07
20MICRONS,2024-01-25 16:31:17
20MICRONS,2024-05-17 16:43:25
20MICRONS,2024-07-26 14:35:19
20MICRONS,2024-10-25 15:50:42
20MICRONS,2025-01-22 15:37:20
21STCENMGM,2021-02-04 17:05:48
21STCENMGM,2021-06-11 17:09:08
21STCENMGM,2021-07-27 16:43:40
21STCENMGM,2021-10-21 16:44:22
21STCENMGM,2022-01-27 16:40:24
21STCENMGM,2022-05-26 17:30:35
21STCENMGM,2023-02-09 16:36:33
21STCENMGM,2023-05-25 17:18:00
21STCENMGM,2023-08-10 16:45:21
21STCENMGM,2023-11-09 16:37:29
21STCENMGM,2024-02-08 16:38:18
21STCENMGM,2024-05-28 17:06:33
21STCENMGM,2024-07-25 16:37:27
21STCENMGM,2024-11-07 16:38:42
21STCENMGM,2025-02-07 16:46:04
360ONE,2021-02-02 13:55:38
360ONE,2021-05-18 15:51:34
360ONE,2021-08-03 18:06:51
360ONE,2021-10-28 17:52:06
360ONE,2022-02-03 17:13:56
360ONE,2022-05-04 19:19:32
360ONE,2023-01-19 17:44:05
360ONE,2023-05-04 19:44:09
360ONE,2023-07-20 16:42:08
360ONE,2023-11-02 17:33:35
360ONE,2024-01-18 17:38:00
360ONE,2024-04-23 18:14:01
360ONE,2024-07-30 18:07:58
360ONE,2024-10-21 17:54:17
360ONE,2025-01-27 16:33:29
3IINFOLTD,2021-11-08 20:11:27
3IINFOLTD,2022-02-09 17:41:28
3IINFOLTD,2022-05-09 18:29:28
3IINFOLTD,2023-02-02 18:38:38
3IINFOLTD,2023-05-06 18:10:02
3IINFOLTD,2023-07-28 14:38:41
3IINFOLTD,2023-11-08 00:18:07
3IINFOLTD,2024-02-07 17:42:08
3IINFOLTD,2024-05-31 01:14:08
3IINFOLTD,2024-08-14 19:04:58
3IINFOLTD,2024-10-30 17:56:09
3IINFOLTD,2025-01-29 19:51:22
3IINFOTECH,2021-01-28 18:42:15
3IINFOTECH,2021-05-18 01:10:07
3IINFOTECH,2021-08-10 18:03:36
3MINDIA,2021-02-10 14:16:07
3MINDIA,2021-05-28 13:36:09
3MINDIA,2021-08-12 12:31:40
3MINDIA,2021-08-12 12:42:19
3MINDIA,2021-11-12 13:01:45
3MINDIA,2022-02-03 15:13:47
3MINDIA,2022-05-27 18:43:17
3MINDIA,2023-02-08 14:30:49
3MINDIA,2023-05-30 13:51:57
3MINDIA,2023-08-10 13:24:36
3MINDIA,2023-11-10 14:04:35
3MINDIA,2024-02-08 13:20:09
3MINDIA,2024-05-28 14:51:08
3MINDIA,2024-08-06 12:59:21
3MINDIA,2024-11-12 18:03:17
3MINDIA,2025-02-07 14:03:19
3PLAND,2021-01-29 11:55:56
3PLAND,2021-05-24 11:55:07
3PLAND,2021-07-24 11:10:17
3PLAND,2021-10-28 11:43:30
3PLAND,2022-01-24 12:02:06
3PLAND,2022-05-14 12:21:05
3PLAND,2023-01-21 11:51:13
3PLAND,2023-05-13 12:36:12
3PLAND,2023-05-13 12:42:14
3PLAND,2023-07-22 12:24:37
3PLAND,2023-10-28 12:32:12
3PLAND,2024-01-20 13:42:12
3PLAND,2024-05-11 12:52:38
3PLAND,2024-07-27 12:17:21
3PLAND,2024-10-26 12:28:53
3PLAND,2025-01-18 13:48:34
5PAISA,2021-01-13 15:46:15
5PAISA,2021-04-20 23:35:47
5PAISA,2021-07-14 18:53:45
5PAISA,2021-10-19 18:48:08
5PAISA,2022-01-10 17:55:57
5PAISA,2022-04-28 10:06:53
5PAISA,2022-07-11 17:48:25
5PAISA,2023-01-11 17:13:56
5PAISA,2023-05-01 17:30:38
5PAISA,2023-07-12 17:55:32
5PAISA,2023-10-18 16:29:42
5PAISA,2024-01-11 15:31:46
5PAISA,2024-04-24 17:29:33
5PAISA,2024-07-12 16:35:58
5PAISA,2024-10-17 17:12:59
5PAISA,2025-01-17 18:13:19
63MOONS,2021-02-09 17:12:12
63MOONS,2021-05-27 18:56:15
63MOONS,2021-08-12 16:49:34
63MOONS,2021-10-21 17:09:08
63MOONS,2022-02-11 17:02:22
63MOONS,2022-05-27 17:06:59
63MOONS,2023-02-04 13:48:25
63MOONS,2023-05-24 17:33:19
63MOONS,2023-08-08 16:39:11
63MOONS,2023-11-08 17:42:27
63MOONS,2024-02-12 17:21:06
63MOONS,2024-05-24 14:49:38
63MOONS,2024-08-12 17:46:31
63MOONS,2024-11-12 16:55:53
63MOONS,2025-02-12 16:50:19
A2ZINFRA,2021-02-13 23:57:52
A2ZINFRA,2021-07-21 23:25:46
A2ZINFRA,2021-08-14 19:24:21
A2ZINFRA,2021-11-12 20:17:46
A2ZINFRA,2022-02-09 19:20:05
A2ZINFRA,2022-05-18 17:45:21
A2ZINFRA,2023-02-14 13:56:25
A2ZINFRA,2023-05-19 20:50:07
A2ZINFRA,2023-08-11 18:43:52
A2ZINFRA,2023-11-06 18:07:47
A2ZINFRA,2024-02-12 19:37:17
A2ZINFRA,2024-05-15 20:34:42
A2ZINFRA,2024-08-14 18:44:11
A2ZINFRA,2024-11-14 17:58:57
A2ZINFRA,2025-02-12 19:34:55
AAATECH,2021-06-25 18:00:29
AAATECH,2021-11-02 13:19:56
AAATECH,2022-05-27 10:35:51
AAATECH,2023-02-04 13:52:48
AAATECH,2023-05-18 18:36:08
AAATECH,2023-08-11 12:05:02
AAATECH,2023-11-10 17:18:16
AAATECH,2024-02-07 13:27:55
AAATECH,2024-05-28 18:30:04
AAATECH,2024-08-12 12:57:28
AAATECH,2024-11-11 12:16:56
AAATECH,2025-02-10 12:42:10
AADHARHFC,2024-05-29 18:41:56
AADHARHFC,2024-08-07 18:30:57
AADHARHFC,2024-11-06 17:07:15
AADHARHFC,2025-02-06 17:18:15
AAKASH,2021-02-05 15:53:26
AAKASH,2021-06-28 15:50:31
AAKASH,2021-08-12 15:40:03
AAKASH,2021-08-12 15:45:18
AAKASH,2021-11-02 15:47:13
AAKASH,2022-01-29 16:39:41
AAKASH,2022-01-29 16:58:58
AAKASH,2022-04-30 15:45:49
AAKASH,2023-02-08 16:49:37
AAKASH,2023-05-29 16:40:44
AAKASH,2023-08-12 16:18:49
AAKASH,2023-11-07 15:20:09
AAKASH,2024-02-13 15:12:52
AAKASH,2024-05-22 16:27:28
AAKASH,2024-08-06 16:41:42
AAKASH,2024-11-12 15:15:30
AAKASH,2025-01-24 16:11:56
AAREYDRUGS,2021-08-10 21:53:20
AAREYDRUGS,2021-11-12 16:10:39
AAREYDRUGS,2022-02-08 14:40:38
AAREYDRUGS,2022-05-31 14:34:10
AAREYDRUGS,2023-02-08 16:58:01
AAREYDRUGS,2023-05-29 18:40:57
AAREYDRUGS,2023-08-14 14:51:43
AAREYDRUGS,2023-11-11 16:47:03
AAREYDRUGS,2024-02-14 16:20:12
AAREYDRUGS,2024-05-30 21:59:06
AAREYDRUGS,2024-06-05 13:12:53
AAREYDRUGS,2024-08-14 17:48:19
AAREYDRUGS,2024-11-14 20:06:19
AAREYDRUGS,2025-02-14 19:05:53
AARON,2021-02-12 19:15:14
AARON,2021-05-29 20:00:15
AARON,2021-08-06 15:04:07
AARON,2021-10-28 14:59:13
AARON,2022-01-31 14:48:27
AARON,2022-05-12 15:49:26
AARON,2023-01-24 12:09:26
AARON,2023-05-15 12:44:33
AARON,2023-08-12 13:46:16
AARON,2023-11-01 13:00:14
AARON,2024-02-12 12:18:37
AARON,2024-05-20 17:58:56
AARON,2024-08-08 11:58:14
AARON,2024-10-28 12:02:17
AARON,2025-02-11 11:57:46
AARTECH,2023-08-14 15:46:34
AARTECH,2023-11-09 18:14:16
AARTECH,2024-02-12 16:20:37
AARTECH,2024-05-30 18:43:31
AARTECH,2024-08-14 18:26:05
AARTECH,2024-11-14 16:50:34
AARTECH,2025-02-12 16:08:12
AARTIDRUGS,2021-01-25 14:47:29
AARTIDRUGS,2021-05-15 14:48:46
AARTIDRUGS,2021-07-27 18:25:28
AARTIDRUGS,2021-10-27 15:52:19
AARTIDRUGS,2022-01-31 15:19:43
AARTIDRUGS,2022-05-09 15:39:31
AARTIDRUGS,2023-01-27 16:45:47
AARTIDRUGS,2023-04-29 18:53:00
AARTIDRUGS,2023-07-21 16:42:17
AARTIDRUGS,2023-10-19 15:59:58
AARTIDRUGS,2024-01-24 16:02:50
AARTIDRUGS,2024-05-03 16:35:55
AARTIDRUGS,2024-07-26 17:34:36
AARTIDRUGS,2024-10-24 18:04:46
AARTIDRUGS,2025-01-29 16:41:02
AARTIIND,2021-01-28 16:42:47
AARTIIND,2021-05-18 20:59:36
AARTIIND,2021-08-06 18:54:36
AARTIIND,2021-10-31 11:58:23
AARTIIND,2022-02-05 19:01:48
AARTIIND,2022-05-27 16:56:45
AARTIIND,2023-02-03 17:18:19
AARTIIND,2023-05-08 19:35:05
AARTIIND,2023-08-08 19:09:19
AARTIIND,2023-11-04 16:41:13
AARTIIND,2024-02-08 16:48:48
AARTIIND,2024-05-10 18:24:15
AARTIIND,2024-08-09 17:31:39
AARTIIND,2024-11-08 16:19:26
AARTIIND,2025-02-01 17:06:07
AARTIPHARM,2023-02-13 18:03:58
AARTIPHARM,2023-05-12 19:06:14
AARTIPHARM,2023-08-05 15:49:38
AARTIPHARM,2023-11-07 18:33:37
AARTIPHARM,2024-02-07 16:32:35
AARTIPHARM,2024-05-13 17:37:19
AARTIPHARM,2024-08-05 15:47:09
AARTIPHARM,2024-10-28 16:04:04
AARTIPHARM,2025-02-05 19:16:05
AARTISURF,2021-01-29 12:47:01
AARTISURF,2021-05-21 16:55:23
AARTISURF,2021-08-10 15:18:39
AARTISURF,2021-10-29 14:12:44
AARTISURF,2022-02-02 13:28:39
AARTISURF,2022-05-26 20:12:35
AARTISURF,2023-02-09 19:44:56
AARTISURF,2023-04-27 16:42:00
AARTISURF,2023-07-24 17:12:42
AARTISURF,2023-10-31 18:14:56
AARTISURF,2024-01-20 12:56:26
AARTISURF,2024-04-22 20:55:58
AARTISURF,2024-07-20 18:48:58
AARTISURF,2024-11-11 17:18:23
AARTISURF,2025-02-08 15:34:15
AARVI,2021-02-11 16:39:28
AARVI,2021-06-03 20:12:41
AARVI,2021-08-13 18:24:49
AARVI,2021-11-12 17:17:17
AARVI,2022-02-14 19:31:37
AARVI,2022-05-27 10:52:39
AARVI,2023-02-14 18:06:02
AARVI,2023-05-30 15:39:59
AARVI,2023-08-14 18:28:53
AARVI,2023-11-08 18:03:14
AARVI,2024-02-07 17:42:04
AARVI,2024-05-13 19:23:32
AARVI,2024-08-13 14:09:09
AARVI,2024-11-13 17:29:40
AARVI,2025-02-08 19:33:26
AATMAJ,2023-08-29 21:01:51
AATMAJ,2023-11-08 18:37:39
AATMAJ,2024-05-31 17:42:53
AATMAJ,2024-11-12 17:58:13
AAVAS,2021-01-21 13:21:37
AAVAS,2021-04-29 13:13:35
AAVAS,2021-07-29 14:48:31
AAVAS,2021-10-28 12:59:38
AAVAS,2022-02-03 13:10:52
AAVAS,2022-05-05 15:00:43
AAVAS,2023-02-02 16:37:02
AAVAS,2023-05-03 20:37:45
AAVAS,2023-08-03 14:31:52
AAVAS,2023-10-26 16:05:54
AAVAS,2024-02-01 16:37:03
AAVAS,2024-04-25 15:35:46
AAVAS,2024-07-25 15:25:41
AAVAS,2024-11-07 15:21:15
AAVAS,2025-01-30 15:52:30
ABAN,2021-02-08 12:21:03
ABAN,2021-06-21 16:43:34
ABAN,2021-07-30 14:15:18
ABAN,2021-11-01 15:40:07
ABAN,2022-02-09 14:19:26
ABAN,2022-05-26 18:39:45
ABAN,2023-02-03 13:58:50
ABAN,2023-05-24 15:11:53
ABAN,2023-08-02 15:49:29
ABAN,2023-11-01 15:36:24
ABAN,2024-02-09 15:27:56
ABAN,2024-05-27 14:24:13
ABAN,2024-08-05 13:51:59
ABAN,2024-11-08 13:19:32
ABAN,2025-02-11 14:21:10
ABB,2021-02-10 14:35:01
ABB,2021-04-27 16:01:53
ABB,2021-07-28 16:22:38
ABB,2021-10-26 20:13:06
ABB,2022-02-10 14:21:28
ABB,2022-05-04 18:38:35
ABB,2023-02-10 17:35:09
ABB,2023-05-03 18:25:37
ABB,2023-08-11 15:53:24
ABB,2023-11-09 15:07:19
ABB,2024-02-20 19:29:06
ABB,2024-05-10 17:09:24
ABB,2024-08-08 16:14:59
ABB,2024-11-04 17:50:23
ABB,2025-02-17 19:53:30
ABCAPITAL,2021-02-05 16:27:13
ABCAPITAL,2021-05-14 16:17:36
ABCAPITAL,2021-08-05 16:00:50
ABCAPITAL,2021-11-01 13:42:06
ABCAPITAL,2022-02-03 17:25:42
ABCAPITAL,2022-05-12 19:41:46
ABCAPITAL,2023-02-02 16:13:42
ABCAPITAL,2023-05-11 14:19:58
ABCAPITAL,2023-08-02 14:03:55
ABCAPITAL,2023-11-03 14:22:08
ABCAPITAL,2024-02-01 14:31:52
ABCAPITAL,2024-05-13 14:40:20
ABCAPITAL,2024-08-01 14:11:20
ABCAPITAL,2024-10-30 14:27:06
ABCAPITAL,2025-02-03 14:27:30
ABCOTS,2022-05-30 17:24:55
ABCOTS,2023-05-30 17:05:55
ABCOTS,2023-11-10 15:50:20
ABCOTS,2024-05-28 14:06:27
ABCOTS,2024-11-13 16:20:31
ABCOTS,2025-02-14 15:14:34
ABDL,2024-07-22 16:45:07
ABDL,2024-08-13 17:35:22
ABDL,2024-10-29 19:14:33
ABDL,2025-01-29 20:16:18
ABFRL,2021-02-08 14:14:47
ABFRL,2021-05-28 16:15:15
ABFRL,2021-06-19 19:22:02
ABFRL,2021-07-30 14:17:29
ABFRL,2021-11-03 14:22:05
ABFRL,2022-02-04 13:45:11
ABFRL,2022-05-18 14:24:03
ABFRL,2023-02-07 13:51:33
ABFRL,2023-05-22 15:05:55
ABFRL,2023-08-04 14:55:07
ABFRL,2023-11-09 19:57:21
ABFRL,2024-02-14 20:30:41
ABFRL,2024-05-28 18:51:25
ABFRL,2024-08-07 14:57:13
ABFRL,2024-11-07 20:34:06
ABFRL,2025-02-14 19:58:48
ABHISHEK,2021-02-12 16:02:05
ABHISHEK,2021-06-30 16:03:27
ABHISHEK,2021-08-14 16:33:59
ABHISHEK,2021-11-12 16:37:27
ABHISHEK,2022-02-14 16:20:14
ABHISHEK,2022-05-25 17:19:50
ABHISHEK,2023-02-14 16:46:23
ABHISHEK,2023-05-29 18:20:26
ABHISHEK,2023-08-14 16:21:14
ABHISHEK,2023-11-10 16:36:40
ABHISHEK,2024-02-14 16:16:44
ABHISHEK,2024-05-27 22:06:07
ABHISHEK,2024-08-13 16:46:08
ABHISHEK,2024-11-14 18:36:19
ABHISHEK,2025-02-14 15:46:15
ABINFRA,2021-06-21 12:42:59
ABINFRA,2021-06-21 12:42:59
ABINFRA,2021-06-29 15:32:46
ABINFRA,2021-06-29 15:33:57
ABINFRA,2021-10-27 14:56:06
ABINFRA,2022-05-30 16:19:16
ABINFRA,2022-05-30 16:32:13
ABINFRA,2023-05-26 17:45:36
ABINFRA,2023-05-26 17:48:14
ABINFRA,2023-11-09 15:25:22
ABINFRA,2024-05-27 16:23:44
ABINFRA,2024-05-27 16:25:53
ABINFRA,2024-11-12 16:11:35
ABINFRA,2025-02-13 15:51:55
ABMINTLLTD,2021-11-12 18:27:44
ABMINTLLTD,2021-11-12 18:36:41
ABMINTLLTD,2021-11-13 11:46:44
ABMINTLLTD,2022-02-09 17:37:19
ABMINTLLTD,2022-02-11 15:46:04
ABMINTLLTD,2022-05-25 20:02:38
ABMINTLLTD,2023-02-10 16:45:15
ABMINTLLTD,2023-05-23 18:07:34
ABMINTLLTD,2023-08-05 18:11:46
ABMINTLLTD,2023-10-28 17:33:18
ABMINTLLTD,2024-02-08 15:41:37
ABMINTLLTD,2024-05-27 17:22:54
ABMINTLLTD,2024-08-09 17:13:36
ABMINTLLTD,2024-11-11 20:01:00
ABMINTLLTD,2025-02-06 18:37:34
ABMINTLTD,2021-01-25 16:10:21
ABMINTLTD,2021-06-26 16:31:21
ABMINTLTD,2021-08-06 17:35:11
ABREL,2021-01-22 16:42:40
ABREL,2021-05-06 17:19:54
ABREL,2021-07-28 13:51:10
ABREL,2021-10-14 13:11:09
ABREL,2022-01-20 13:20:01
ABREL,2022-04-25 13:36:31
ABREL,2023-01-31 12:43:59
ABREL,2023-04-24 19:41:36
ABREL,2023-07-19 13:06:08
ABREL,2023-10-20 12:57:28
ABREL,2024-02-02 13:20:28
ABREL,2024-05-07 14:29:12
ABREL,2024-07-16 14:27:27
ABREL,2024-10-22 13:56:42
ABREL,2025-01-21 13:24:24
ABSLAMC,2021-10-25 13:58:21
ABSLAMC,2022-01-25 15:00:08
ABSLAMC,2022-04-26 19:35:20
ABSLAMC,2023-01-27 19:02:59
ABSLAMC,2023-04-27 18:30:10
ABSLAMC,2023-07-26 19:17:13
ABSLAMC,2023-10-26 18:05:02
ABSLAMC,2024-01-29 18:14:50
ABSLAMC,2024-04-26 18:26:19
ABSLAMC,2024-07-24 19:17:48
ABSLAMC,2024-10-28 18:32:18
ABSLAMC,2025-01-27 18:30:24
ABSMARINE,2024-11-12 19:15:57
ACC,2021-02-11 16:12:10
ACC,2021-04-19 16:15:18
ACC,2021-07-19 16:42:40
ACC,2021-10-19 17:01:01
ACC,2022-02-09 18:27:04
ACC,2022-04-19 16:41:23
ACC,2023-01-31 20:40:06
ACC,2023-04-27 20:04:18
ACC,2023-07-27 15:09:09
ACC,2023-10-26 15:12:46
ACC,2024-01-25 14:11:17
ACC,2024-04-25 14:41:20
ACC,2024-07-29 16:55:03
ACC,2024-10-24 13:23:26
ACC,2025-01-27 13:32:29
ACCELYA,2021-01-29 19:12:57
ACCELYA,2021-04-30 18:00:11
ACCELYA,2021-08-05 19:42:00
ACCELYA,2021-10-26 18:47:10
ACCELYA,2022-01-27 21:21:38
ACCELYA,2022-05-03 15:42:38
ACCELYA,2023-01-24 15:48:30
ACCELYA,2023-04-18 14:52:20
ACCELYA,2023-07-27 19:35:09
ACCELYA,2023-10-19 13:29:38
ACCELYA,2024-01-18 15:19:12
ACCELYA,2024-04-18 16:48:24
ACCELYA,2024-07-26 16:50:52
ACCELYA,2024-10-16 19:22:18
ACCELYA,2025-01-22 16:29:12
ACCENTMIC,2024-01-04 13:17:33
ACCENTMIC,2024-05-17 14:44:42
ACCENTMIC,2024-10-17 13:14:18
ACCORD,2021-06-25 17:17:50
ACCORD,2021-11-12 15:24:49
ACCORD,2022-05-30 16:57:00
ACCORD,2023-05-30 16:07:45
ACCORD,2023-11-10 13:39:43
ACCORD,2024-05-30 13:38:45
ACCORD,2024-11-14 14:46:18
ACCURACY,2021-02-13 19:46:16
ACCURACY,2021-06-30 21:41:53
ACCURACY,2021-08-10 19:43:13
ACCURACY,2021-11-13 21:24:57
ACCURACY,2022-02-14 19:57:33
ACCURACY,2022-05-30 20:12:49
ACCURACY,2023-02-01 18:42:51
ACCURACY,2023-05-27 19:49:26
ACCURACY,2023-08-12 20:56:16
ACCURACY,2023-11-10 21:24:32
ACCURACY,2024-02-13 16:40:22
ACCURACY,2024-05-29 22:45:13
ACCURACY,2024-08-12 13:10:29
ACCURACY,2024-11-14 20:42:50
ACCURACY,2025-02-14 12:58:57
ACE,2021-01-28 17:07:16
ACE,2021-05-28 15:47:20
ACE,2021-07-31 14:34:35
ACE,2021-11-08 15:39:21
ACE,2022-02-05 14:32:34
ACE,2022-05-23 16:19:37
ACE,2023-02-06 17:03:46
ACE,2023-05-30 20:34:06
ACE,2023-08-11 14:05:54
ACE,2023-11-09 15:50:10
ACE,2024-02-06 16:23:01
ACE,2024-05-21 17:05:00
ACE,2024-07-31 14:37:49
ACE,2024-11-08 15:11:53
ACE,2025-02-07 16:34:43
ACEINTEG,2021-06-30 16:31:14
ACEINTEG,2021-11-09 16:07:36
ACEINTEG,2021-11-09 16:13:32
ACEINTEG,2021-11-09 16:13:32
ACEINTEG,2022-05-30 21:08:28
ACEINTEG,2023-02-13 17:34:45
ACEINTEG,2023-05-30 19:02:48
ACEINTEG,2023-08-11 17:51:13
ACEINTEG,2023-11-10 19:12:43
ACEINTEG,2024-02-12 17:20:56
ACEINTEG,2024-05-29 18:51:42
ACEINTEG,2024-08-14 11:46:31
ACEINTEG,2024-11-13 13:29:57
ACEINTEG,2025-02-14 14:15:42
ACI,2023-02-10 19:46:18
ACI,2023-05-26 20:54:59
ACI,2023-08-11 18:48:46
ACI,2023-10-31 13:25:33
ACI,2024-02-03 17:59:33
ACI,2024-05-14 18:29:18
ACI,2024-08-02 18:20:19
ACI,2024-11-08 20:24:25
ACI,2025-02-07 19:50:20
ACL,2023-07-27 13:41:58
ACL,2023-10-19 15:17:04
ACL,2024-01-24 13:01:05
ACL,2024-05-14 14:00:08
ACL,2024-07-18 13:20:54
ACL,2024-10-23 16:16:50
ACL,2025-01-24 13:54:45
ACLGATI,2021-02-05 19:33:28
ACLGATI,2021-05-26 04:58:24
ACLGATI,2021-08-09 20:35:50
ACLGATI,2021-08-10 13:25:10
ACLGATI,2021-10-26 20:00:58
ACLGATI,2022-02-04 16:14:51
ACLGATI,2022-05-21 04:50:53
ACLGATI,2023-02-08 20:31:12
ACLGATI,2023-05-19 21:26:58
ACLGATI,2023-08-04 19:18:10
ACLGATI,2023-11-03 18:42:59
ACLGATI,2024-02-02 19:53:40
ACLGATI,2024-05-16 22:14:09
ACLGATI,2024-08-02 17:00:15
ACLGATI,2024-11-07 18:03:12
ACLGATI,2025-02-06 19:07:52
ACMESOLAR,2024-11-25 15:55:07
ACMESOLAR,2025-01-29 10:28:21
ACUTAAS,2021-10-23 17:31:20
ACUTAAS,2022-02-07 17:20:32
ACUTAAS,2022-05-16 15:01:09
ACUTAAS,2023-02-04 13:56:02
ACUTAAS,2023-05-13 15:39:00
ACUTAAS,2023-08-11 12:22:09
ACUTAAS,2023-11-08 21:34:05
ACUTAAS,2024-02-12 14:35:28
ACUTAAS,2024-05-10 20:45:04
ACUTAAS,2024-08-12 15:51:00
ACUTAAS,2024-10-29 12:12:00
ACUTAAS,2025-01-28 18:00:36
ADANIENSOL,2021-02-04 17:38:39
ADANIENSOL,2021-05-06 17:47:00
ADANIENSOL,2021-08-05 14:43:40
ADANIENSOL,2021-10-29 19:21:38
ADANIENSOL,2022-02-03 14:33:19
ADANIENSOL,2022-05-05 20:16:56
ADANIENSOL,2023-02-07 14:55:43
ADANIENSOL,2023-05-29 22:22:05
ADANIENSOL,2023-08-01 11:34:41
ADANIENSOL,2023-11-07 14:40:59
ADANIENSOL,2024-01-29 14:25:25
ADANIENSOL,2024-05-01 19:35:22
ADANIENSOL,2024-07-25 15:55:39
ADANIENSOL,2024-10-22 15:22:10
ADANIENSOL,2025-01-23 15:02:15
ADANIENT,2021-02-03 14:36:15
ADANIENT,2021-05-05 14:01:10
ADANIENT,2021-08-04 15:35:50
ADANIENT,2021-10-27 17:47:05
ADANIENT,2022-02-14 17:51:28
ADANIENT,2022-05-04 11:35:54
ADANIENT,2023-02-14 13:47:08
ADANIENT,2023-05-04 15:21:53
ADANIENT,2023-08-03 14:55:20
ADANIENT,2023-11-02 18:31:20
ADANIENT,2024-02-01 14:09:11
ADANIENT,2024-05-02 15:09:36
ADANIENT,2024-08-01 14:51:16
ADANIENT,2024-10-29 14:58:48
ADANIENT,2025-01-30 14:17:21
ADANIGREEN,2021-02-03 16:54:59
ADANIGREEN,2021-05-05 18:17:19
ADANIGREEN,2021-08-04 13:46:43
ADANIGREEN,2021-10-28 14:16:54
ADANIGREEN,2022-02-02 14:52:24
ADANIGREEN,2022-05-04 13:37:45
ADANIGREEN,2023-02-07 15:26:03
ADANIGREEN,2023-05-01 21:48:09
ADANIGREEN,2023-07-31 14:07:22
ADANIGREEN,2023-10-30 14:14:06
ADANIGREEN,2024-01-29 13:19:29
ADANIGREEN,2024-05-03 14:17:17
ADANIGREEN,2024-07-25 15:14:35
ADANIGREEN,2024-10-22 15:37:05
ADANIGREEN,2025-01-23 19:05:28
ADANIPORTS,2021-02-09 14:39:26
ADANIPORTS,2021-05-04 16:15:18
ADANIPORTS,2021-08-03 14:26:56
ADANIPORTS,2021-10-27 16:39:55
ADANIPORTS,2022-02-01 17:14:06
ADANIPORTS,2022-05-25 09:55:45
ADANIPORTS,2023-02-07 13:25:02
ADANIPORTS,2023-05-30 19:34:43
ADANIPORTS,2023-08-08 14:14:38
ADANIPORTS,2023-11-09 14:10:20
ADANIPORTS,2024-02-01 12:41:20
ADANIPORTS,2024-05-02 13:16:03
ADANIPORTS,2024-08-01 12:51:52
ADANIPORTS,2024-10-29 12:59:34
ADANIPORTS,2025-01-30 13:04:48
ADANIPOWER,2021-02-04 14:07:25
ADANIPOWER,2021-05-06 15:39:45
ADANIPOWER,2021-08-05 19:58:29
ADANIPOWER,2021-10-29 14:12:43
ADANIPOWER,2022-02-03 18:07:53
ADANIPOWER,2022-05-05 14:19:48
ADANIPOWER,2023-02-08 16:32:12
ADANIPOWER,2023-05-06 00:16:28
ADANIPOWER,2023-08-03 15:08:11
ADANIPOWER,2023-11-02 13:44:39
ADANIPOWER,2024-01-25 17:04:33
ADANIPOWER,2024-05-01 19:11:31
ADANIPOWER,2024-07-31 15:16:41
ADANIPOWER,2024-10-28 15:30:08
ADANIPOWER,2025-01-29 14:56:42
ADDICTIVE,2024-05-09 14:14:29
ADDICTIVE,2024-11-14 21:40:45
ADFFOODS,2021-01-29 14:40:46
ADFFOODS,2021-02-01 16:26:51
ADFFOODS,2021-05-24 19:49:14
ADFFOODS,2021-07-29 19:54:21
ADFFOODS,2021-10-29 20:18:21
ADFFOODS,2022-01-31 18:34:49
ADFFOODS,2022-05-20 23:04:19
ADFFOODS,2023-01-30 21:56:10
ADFFOODS,2023-05-06 21:16:06
ADFFOODS,2023-08-07 18:57:06
ADFFOODS,2023-10-31 21:23:43
ADFFOODS,2024-01-30 20:48:54
ADFFOODS,2024-05-09 19:59:47
ADFFOODS,2024-07-30 18:28:39
ADFFOODS,2024-10-28 18:59:06
ADFFOODS,2025-02-14 20:26:00
ADL,2021-02-12 17:22:12
ADL,2021-06-26 15:29:05
ADL,2021-08-14 13:21:32
ADL,2021-11-13 12:37:12
ADL,2022-02-14 12:08:02
ADL,2022-05-30 16:04:57
ADL,2023-02-13 13:38:56
ADL,2023-05-26 13:53:31
ADL,2023-08-14 12:21:06
ADL,2023-11-14 13:15:00
ADL,2024-02-13 13:11:44
ADL,2024-05-30 14:45:36
ADL,2024-08-14 12:42:36
ADL,2024-11-14 13:03:28
ADL,2025-02-14 12:46:15
ADOR,2021-02-05 20:41:52
ADOR,2021-05-28 20:18:34
ADOR,2021-08-05 19:52:47
ADOR,2021-11-12 20:08:48
ADOR,2022-02-10 20:41:44
ADOR,2022-05-20 19:44:58
ADOR,2023-02-03 19:08:33
ADOR,2023-05-30 18:44:31
ADOR,2023-08-02 17:19:09
ADOR,2023-11-08 17:36:17
ADOR,2024-02-01 18:18:20
ADOR,2024-04-30 19:34:55
ADOR,2024-08-02 18:30:02
ADOR,2024-11-12 20:29:43
ADOR,2025-01-24 19:51:59
ADROITINFO,2021-02-04 18:36:09
ADROITINFO,2021-06-23 21:39:20
ADROITINFO,2021-07-27 19:21:23
ADROITINFO,2021-11-05 11:33:42
ADROITINFO,2022-01-21 19:23:14
ADROITINFO,2022-05-21 16:46:58
ADROITINFO,2023-01-02 16:38:09
ADROITINFO,2023-01-24 19:13:13
ADROITINFO,2023-05-25 00:42:46
ADROITINFO,2023-08-07 20:38:23
ADROITINFO,2023-11-14 22:43:52
ADROITINFO,2024-02-05 17:16:42
ADROITINFO,2024-05-14 23:24:55
ADROITINFO,2024-08-07 19:08:49
ADROITINFO,2024-11-05 21:45:50
ADROITINFO,2025-01-22 19:29:26
ADSL,2021-02-02 19:16:00
ADSL,2021-05-31 19:51:39
ADSL,2021-07-30 17:50:24
ADSL,2021-11-01 16:08:54
ADSL,2022-01-31 18:46:16
ADSL,2022-05-18 18:26:25
ADSL,2023-02-09 15:39:05
ADSL,2023-05-25 16:21:25
ADSL,2023-07-31 16:11:33
ADSL,2023-11-08 13:30:37
ADSL,2024-02-01 18:20:16
ADSL,2024-05-23 19:07:11
ADSL,2024-07-31 17:08:01
ADSL,2024-10-28 18:43:07
ADSL,2025-01-31 22:12:38
ADVANIHOTR,2021-02-11 21:36:08
ADVANIHOTR,2021-06-26 13:18:30
ADVANIHOTR,2021-08-13 19:25:43
ADVANIHOTR,2021-11-13 16:32:27
ADVANIHOTR,2022-02-07 13:57:37
ADVANIHOTR,2022-05-20 17:11:51
ADVANIHOTR,2023-02-10 19:06:18
ADVANIHOTR,2023-05-19 19:39:37
ADVANIHOTR,2023-08-10 19:56:49
ADVANIHOTR,2023-11-13 20:47:11
ADVANIHOTR,2024-01-29 17:20:50
ADVANIHOTR,2024-05-22 15:47:46
ADVANIHOTR,2024-08-14 19:42:18
ADVANIHOTR,2024-11-14 21:27:35
ADVANIHOTR,2025-02-07 18:17:51
ADVENZYMES,2021-02-12 12:17:25
ADVENZYMES,2021-05-29 20:38:17
ADVENZYMES,2021-08-07 12:32:27
ADVENZYMES,2021-11-02 12:09:37
ADVENZYMES,2022-02-05 11:40:08
ADVENZYMES,2022-05-20 12:00:13
ADVENZYMES,2023-02-11 12:19:27
ADVENZYMES,2023-05-13 13:22:07
ADVENZYMES,2023-08-12 11:29:35
ADVENZYMES,2023-11-07 12:13:22
ADVENZYMES,2024-02-10 12:38:46
ADVENZYMES,2024-05-11 13:03:10
ADVENZYMES,2024-08-10 11:13:46
ADVENZYMES,2024-11-09 10:51:51
ADVENZYMES,2025-02-08 12:41:09
AEGISLOG,2021-01-20 17:45:51
AEGISLOG,2021-01-28 19:33:04
AEGISLOG,2021-05-27 20:08:00
AEGISLOG,2021-07-29 19:35:28
AEGISLOG,2021-10-27 19:36:34
AEGISLOG,2022-02-10 19:19:07
AEGISLOG,2022-05-27 18:35:01
AEGISLOG,2023-02-02 15:51:37
AEGISLOG,2023-05-30 15:22:24
AEGISLOG,2023-07-26 15:48:20
AEGISLOG,2023-11-03 12:28:24
AEGISLOG,2024-02-02 12:31:19
AEGISLOG,2024-05-24 12:53:53
AEGISLOG,2024-07-30 17:43:47
AEGISLOG,2024-10-25 16:39:03
AEGISLOG,2025-02-12 12:52:35
AEROENTER,2023-02-13 18:12:38
AEROENTER,2023-05-25 17:31:40
AEROENTER,2023-08-07 16:52:06
AEROENTER,2023-11-06 16:47:43
AEROENTER,2024-02-09 16:44:17
AEROENTER,2024-05-09 16:38:49
AEROENTER,2024-08-09 18:06:14
AEROENTER,2024-11-12 17:29:11
AEROENTER,2025-01-31 18:20:20
AEROFLEX,2023-09-20 13:47:21
AEROFLEX,2023-11-03 18:14:02
AEROFLEX,2024-01-25 16:46:16
AEROFLEX,2024-05-06 17:26:23
AEROFLEX,2024-08-02 18:01:43
AEROFLEX,2024-10-30 17:09:25
AEROFLEX,2025-01-15 18:05:59
AERON,2024-09-25 18:29:52
AERON,2024-11-12 15:27:50
AERONEU,2023-02-11 16:49:46
AERONEU,2023-05-19 16:47:39
AERONEU,2023-08-04 19:55:04
AERONEU,2023-11-04 17:47:51
AERONEU,2024-02-09 11:35:52
AERONEU,2024-05-03 16:12:17
AERONEU,2024-08-01 16:11:29
AERONEU,2024-10-25 16:19:17
AERONEU,2025-01-29 16:31:53
AESTHETIK,2024-11-16 21:15:29
AETHER,2023-01-20 12:41:21
AETHER,2023-05-06 16:31:51
AETHER,2023-05-06 16:33:36
AETHER,2023-07-26 14:05:39
AETHER,2023-10-31 15:28:12
AETHER,2024-02-01 13:44:26
AETHER,2024-05-21 13:35:28
AETHER,2024-07-19 12:42:32
AETHER,2024-10-18 12:37:50
AETHER,2025-01-17 16:34:49
AFCONS,2024-11-23 17:43:10
AFCONS,2025-02-13 17:17:13
AFFLE,2021-02-06 13:34:48
AFFLE,2021-05-29 19:26:19
AFFLE,2021-08-07 14:00:03
AFFLE,2021-11-10 16:29:58
AFFLE,2022-02-05 13:49:11
AFFLE,2022-05-14 11:33:30
AFFLE,2023-02-04 15:49:42
AFFLE,2023-05-13 14:46:42
AFFLE,2023-08-05 15:45:11
AFFLE,2023-11-04 16:26:12
AFFLE,2024-02-03 16:20:51
AFFLE,2024-05-24 17:45:25
AFFLE,2024-08-03 14:01:25
AFFLE,2024-11-09 16:03:49
AFFLE,2025-02-08 14:11:11
AFFORDABLE,2024-11-08 22:17:20
AFFORDABLE,2025-02-10 20:24:03
AFIL,2024-07-11 11:48:05
AFIL,2024-07-29 16:45:06
AFIL,2024-10-28 18:35:29
AFIL,2025-02-07 18:22:30
AFSL,2023-02-14 21:29:25
AFSL,2023-05-19 18:14:44
AFSL,2023-08-11 14:32:46
AFSL,2023-11-09 15:18:36
AFSL,2024-02-13 16:12:51
AFSL,2024-05-14 17:25:22
AFSL,2024-08-07 17:08:05
AFSL,2024-11-11 16:46:29
AFSL,2025-02-10 19:56:14
AGARIND,2021-02-13 16:58:39
AGARIND,2021-06-15 16:54:31
AGARIND,2021-08-13 17:20:50
AGARIND,2021-11-12 18:17:44
AGARIND,2022-02-07 16:23:32
AGARIND,2022-05-18 22:24:45
AGARIND,2023-02-09 16:12:08
AGARIND,2023-05-23 17:46:37
AGARIND,2023-08-14 14:31:56
AGARIND,2023-11-10 16:30:14
AGARIND,2024-02-13 16:47:03
AGARIND,2024-05-27 17:12:54
AGARIND,2024-08-07 18:27:10
AGARIND,2024-11-13 16:27:49
AGARIND,2025-02-13 18:50:15
AGARWALEYE,2025-02-14 19:11:18
AGARWALFT,2023-05-29 16:16:58
AGARWALFT,2023-11-10 13:02:50
AGARWALFT,2023-11-10 14:07:40
AGARWALFT,2024-05-29 16:52:02
AGARWALFT,2024-11-13 15:36:06
AGI,2021-01-28 16:14:15
AGI,2021-05-10 18:36:59
AGI,2021-07-28 17:15:09
AGI,2021-10-28 17:15:26
AGI,2022-01-27 15:31:01
AGI,2022-05-11 18:48:40
AGI,2023-01-27 16:19:02
AGI,2023-05-04 18:13:50
AGI,2023-07-25 16:25:53
AGI,2023-10-26 15:29:45
AGI,2024-02-06 16:06:59
AGI,2024-05-02 17:48:11
AGI,2024-07-29 17:05:09
AGI,2024-11-07 16:10:04
AGI,2025-01-20 17:13:39
AGIIL,2024-08-14 15:27:56
AGIIL,2024-11-13 14:52:49
AGIIL,2025-02-05 16:55:25
AGNI,2023-05-24 18:11:16
AGNI,2023-11-09 15:04:40
AGNI,2024-05-15 17:57:54
AGNI,2024-11-14 17:13:34
AGRITECH,2021-02-13 17:09:48
AGRITECH,2021-06-07 10:47:25
AGRITECH,2021-08-09 17:36:39
AGRITECH,2021-08-10 11:48:13
AGRITECH,2021-10-27 16:32:17
AGRITECH,2022-02-10 17:22:31
AGRITECH,2022-05-28 17:46:40
AGRITECH,2023-02-13 15:55:52
AGRITECH,2023-05-09 17:19:33
AGRITECH,2023-08-11 16:26:26
AGRITECH,2023-11-09 11:59:55
AGRITECH,2024-01-17 17:21:58
AGRITECH,2024-05-22 17:39:44
AGRITECH,2024-08-08 16:04:33
AGRITECH,2024-10-25 17:15:36
AGRITECH,2025-01-24 17:09:35
AGROPHOS,2021-02-13 17:15:46
AGROPHOS,2021-06-30 19:02:00
AGROPHOS,2021-08-14 18:24:49
AGROPHOS,2021-11-14 13:43:53
AGROPHOS,2022-02-14 18:17:27
AGROPHOS,2022-05-30 20:40:59
AGROPHOS,2023-02-14 16:42:34
AGROPHOS,2023-05-30 20:37:05
AGROPHOS,2023-08-03 18:51:42
AGROPHOS,2023-11-10 15:06:34
AGROPHOS,2024-02-14 21:12:11
AGROPHOS,2024-05-30 21:39:40
AGROPHOS,2024-08-17 17:37:00
AGROPHOS,2024-11-14 19:48:07
AGROPHOS,2025-02-06 15:34:05
AGSTRA,2022-02-14 19:19:20
AGSTRA,2022-05-27 23:57:03
AGSTRA,2023-02-06 21:53:24
AGSTRA,2023-05-26 21:19:59
AGSTRA,2023-08-04 21:07:02
AGSTRA,2023-11-03 20:31:03
AGSTRA,2024-02-07 22:16:56
AGSTRA,2024-05-29 20:41:17
AGSTRA,2024-07-23 21:25:09
AGSTRA,2024-10-31 16:32:46
AGSTRA,2025-02-15 00:10:44
AGUL,2023-05-30 18:13:44
AGUL,2023-11-10 15:36:15
AGUL,2024-05-30 18:02:24
AGUL,2024-11-14 16:17:07
AHIMSA,2021-06-26 20:42:43
AHIMSA,2021-11-01 12:35:26
AHIMSA,2022-05-28 15:02:41
AHIMSA,2023-05-18 15:18:34
AHIMSA,2023-11-09 13:20:14
AHIMSA,2024-05-18 19:13:23
AHIMSA,2024-10-25 15:24:41
AHLADA,2021-02-13 18:04:13
AHLADA,2021-06-30 18:04:39
AHLADA,2021-06-30 18:08:01
AHLADA,2021-08-12 18:45:37
AHLADA,2021-11-13 18:26:02
AHLADA,2022-02-12 18:41:47
AHLADA,2022-05-28 18:12:36
AHLADA,2023-02-14 17:33:50
AHLADA,2023-05-30 18:19:19
AHLADA,2023-08-14 17:49:18
AHLADA,2023-11-14 17:23:03
AHLADA,2024-02-14 17:11:29
AHLADA,2024-05-25 17:34:46
AHLADA,2024-08-14 17:59:26
AHLADA,2024-11-14 16:46:03
AHLADA,2025-02-14 17:13:24
AHLEAST,2021-02-10 16:51:42
AHLEAST,2021-02-19 18:35:42
AHLEAST,2021-06-23 21:37:49
AHLEAST,2021-08-10 19:44:52
AHLEAST,2021-11-12 18:33:40
AHLEAST,2022-02-14 18:27:07
AHLEAST,2022-05-30 20:04:40
AHLEAST,2023-02-14 18:58:46
AHLEAST,2023-05-22 21:00:45
AHLEAST,2023-08-11 18:51:49
AHLEAST,2023-11-09 17:38:33
AHLEAST,2024-02-13 20:39:23
AHLEAST,2024-05-28 19:24:18
AHLEAST,2024-08-09 19:51:45
AHLEAST,2024-11-08 20:24:53
AHLEAST,2025-02-12 18:38:28
AHLUCONT,2021-02-13 15:52:21
AHLUCONT,2021-02-16 12:52:51
AHLUCONT,2021-06-26 14:24:02
AHLUCONT,2021-08-10 16:05:43
AHLUCONT,2021-08-12 11:36:00
AHLUCONT,2021-11-13 14:16:00
AHLUCONT,2022-02-14 17:43:03
AHLUCONT,2022-05-30 16:55:51
AHLUCONT,2023-02-14 13:05:54
AHLUCONT,2023-05-27 17:26:34
AHLUCONT,2023-05-30 12:47:50
AHLUCONT,2023-08-14 16:58:17
AHLUCONT,2023-11-10 14:18:42
AHLUCONT,2024-02-13 17:22:09
AHLUCONT,2024-02-15 15:10:55
AHLUCONT,2024-05-29 18:26:42
AHLUCONT,2024-08-13 18:18:16
AHLUCONT,2024-11-14 17:16:53
AHLUCONT,2025-02-11 16:43:25
AHLWEST,2021-02-13 21:18:04
AHLWEST,2021-06-26 16:42:32
AHLWEST,2024-06-30 13:59:02
AHLWEST,2024-06-30 14:08:46
AHLWEST,2024-10-08 18:25:25
AHLWEST,2024-10-10 13:11:25
AHLWEST,2024-10-10 13:18:33
AHLWEST,2024-10-10 13:20:58
AHLWEST,2024-10-10 13:25:53
AHLWEST,2024-10-10 13:29:25
AHLWEST,2024-10-10 13:31:27
AHLWEST,2024-11-28 13:00:58
AHLWEST,2024-11-28 13:10:24
AHLWEST,2024-11-28 13:44:03
AHLWEST,2024-11-28 13:45:32
AHLWEST,2024-11-28 13:46:59
AHLWEST,2024-11-28 13:48:11
AHLWEST,2024-11-28 13:49:26
AHLWEST,2024-11-28 13:51:03
AHLWEST,2024-11-28 13:52:27
AHLWEST,2024-11-28 13:54:12
AHLWEST,2024-11-28 13:55:24
AHLWEST,2024-11-28 13:56:37
AHLWEST,2024-11-28 13:57:51
AHLWEST,2024-11-28 13:58:54
AHLWEST,2024-11-28 13:59:56
AHLWEST,2025-02-12 16:27:25
AIAENG,2021-02-09 13:48:22
AIAENG,2021-05-25 15:29:21
AIAENG,2021-08-13 12:55:52
AIAENG,2021-10-30 18:57:52
AIAENG,2022-01-27 13:59:25
AIAENG,2022-05-25 14:34:17
AIAENG,2023-01-27 12:57:38
AIAENG,2023-05-25 15:23:50
AIAENG,2023-08-02 13:28:11
AIAENG,2023-11-06 13:11:52
AIAENG,2024-02-07 13:40:11
AIAENG,2024-05-14 15:06:27
AIAENG,2024-08-12 14:22:51
AIAENG,2024-10-30 13:53:38
AIAENG,2025-02-07 13:46:57
AIFL,2021-05-14 16:48:55
AIFL,2021-05-14 16:55:20
AIIL,2024-05-30 23:22:48
AIIL,2024-08-07 19:16:18
AIIL,2024-10-21 21:24:32
AIIL,2025-01-15 20:49:27
AILIMITED,2021-08-17 17:52:18
AILIMITED,2021-10-19 15:19:03
AILIMITED,2022-05-06 12:38:33
AILIMITED,2023-05-09 20:12:32
AILIMITED,2023-11-05 12:10:40
AILIMITED,2024-05-08 16:22:32
AILIMITED,2024-10-28 12:30:07
AIMTRON,2024-06-22 18:01:22
AIMTRON,2024-11-08 11:46:49
AIRAN,2021-02-13 10:24:41
AIRAN,2021-06-26 11:21:50
AIRAN,2021-06-26 11:23:26
AIRAN,2021-08-14 15:43:30
AIRAN,2021-11-13 17:39:55
AIRAN,2022-01-28 17:39:19
AIRAN,2022-01-28 17:44:46
AIRAN,2022-05-21 11:55:47
AIRAN,2023-02-11 11:19:00
AIRAN,2023-05-28 13:42:04
AIRAN,2023-08-12 11:42:25
AIRAN,2023-11-11 12:28:50
AIRAN,2024-02-13 17:38:59
AIRAN,2024-05-28 18:42:05
AIRAN,2024-08-14 18:49:39
AIRAN,2024-11-14 18:33:47
AIRAN,2025-02-14 18:46:18
AIROLAM,2021-06-16 17:11:29
AIROLAM,2021-06-16 17:16:30
AIROLAM,2021-06-16 17:16:30
AIROLAM,2021-11-02 18:41:21
AIROLAM,2022-02-14 15:00:42
AIROLAM,2022-05-30 19:10:56
AIROLAM,2022-05-30 19:57:07
AIROLAM,2023-02-07 18:48:19
AIROLAM,2023-05-23 19:23:32
AIROLAM,2023-08-14 18:03:45
AIROLAM,2023-11-09 18:53:58
AIROLAM,2024-02-12 17:32:14
AIROLAM,2024-05-29 16:39:42
AIROLAM,2024-08-03 16:46:53
AIROLAM,2024-10-29 18:45:50
AIROLAM,2025-02-12 18:20:27
AISL,2021-05-25 16:53:04
AISL,2021-08-12 19:12:15
AISL,2021-11-12 17:20:24
AISL,2022-02-14 16:51:09
AISL,2022-05-24 16:53:05
AISL,2023-02-14 17:13:13
AISL,2023-05-29 15:22:48
AISL,2023-08-14 13:27:45
AISL,2023-10-31 15:32:18
AISL,2024-02-07 16:10:14
AISL,2024-05-20 16:48:20
AISL,2024-08-13 16:15:24
AISL,2024-11-14 17:11:22
AJANTPHARM,2021-02-02 15:37:10
AJANTPHARM,2021-04-30 16:21:41
AJANTPHARM,2021-07-29 15:48:21
AJANTPHARM,2021-10-29 14:24:24
AJANTPHARM,2022-01-31 15:26:02
AJANTPHARM,2022-05-10 14:15:14
AJANTPHARM,2023-02-01 15:40:53
AJANTPHARM,2023-05-05 15:42:42
AJANTPHARM,2023-05-07 07:46:45
AJANTPHARM,2023-07-27 15:59:26
AJANTPHARM,2023-10-31 13:39:09
AJANTPHARM,2024-01-31 16:19:53
AJANTPHARM,2024-05-02 16:38:13
AJANTPHARM,2024-07-30 15:06:08
AJANTPHARM,2024-10-28 15:48:34
AJANTPHARM,2025-01-30 15:34:55
AJAXENGG,2025-03-09 13:26:47
AJMERA,2021-02-08 17:10:04
AJMERA,2021-05-25 18:43:28
AJMERA,2021-06-17 17:00:52
AJMERA,2021-08-02 18:49:06
AJMERA,2021-11-11 17:10:41
AJMERA,2022-02-08 18:28:44
AJMERA,2022-05-19 13:58:17
AJMERA,2023-01-30 11:41:56
AJMERA,2023-05-11 12:40:10
AJMERA,2023-07-25 17:36:54
AJMERA,2023-11-01 13:19:41
AJMERA,2024-02-06 12:52:22
AJMERA,2024-05-09 15:42:32
AJMERA,2024-08-08 12:48:32
AJMERA,2024-10-28 12:24:37
AJMERA,2025-02-04 13:47:56
AJOONI,2021-06-23 12:34:33
AJOONI,2021-08-02 13:54:30
AJOONI,2021-08-02 13:56:36
AJOONI,2021-11-13 12:11:09
AJOONI,2022-02-11 12:41:59
AJOONI,2022-05-09 13:04:43
AJOONI,2023-05-18 12:54:26
AJOONI,2023-08-03 13:11:40
AJOONI,2023-11-09 12:17:49
AJOONI,2024-02-07 12:42:23
AJOONI,2024-05-20 16:21:58
AJOONI,2024-08-09 15:14:04
AJOONI,2024-11-13 15:36:25
AJOONI,2025-02-13 12:29:55
AJRINFRA,2021-02-12 21:24:01
AJRINFRA,2021-07-08 22:28:44
AJRINFRA,2021-08-14 19:40:08
AJRINFRA,2021-11-13 21:01:43
AJRINFRA,2022-02-14 16:42:22
AJRINFRA,2022-03-02 17:14:05
AJRINFRA,2023-04-19 20:18:38
AJRINFRA,2023-04-19 20:21:12
AJRINFRA,2023-04-19 20:23:07
AJRINFRA,2023-10-23 18:36:42
AJRINFRA,2023-12-14 21:26:41
AJRINFRA,2023-12-14 21:27:32
AJRINFRA,2024-02-12 20:39:35
AJRINFRA,2024-05-30 21:43:15
AJRINFRA,2024-08-14 21:18:40
AJRINFRA,2024-11-14 22:05:10
AJRINFRA,2025-02-12 20:39:03
AKANKSHA,2024-06-10 20:11:57
AKANKSHA,2024-06-10 20:15:09
AKANKSHA,2024-11-14 20:34:55
AKASH,2021-02-13 15:46:30
AKASH,2021-06-30 16:17:30
AKASH,2021-08-13 16:53:14
AKASH,2021-10-16 14:09:08
AKASH,2022-01-28 16:24:56
AKASH,2022-05-21 19:46:07
AKASH,2023-02-14 14:52:46
AKASH,2023-05-19 18:45:35
AKASH,2023-08-12 13:26:35
AKASH,2023-11-09 15:34:32
AKASH,2024-02-14 17:12:04
AKASH,2024-05-30 19:29:22
AKASH,2024-08-14 13:38:15
AKASH,2024-11-14 17:09:18
AKASH,2025-02-14 12:56:25
AKG,2021-02-13 18:05:59
AKG,2021-06-29 14:03:05
AKG,2021-08-13 16:44:17
AKG,2021-10-30 21:18:02
AKG,2022-02-03 18:03:51
AKG,2022-02-04 13:48:47
AKG,2022-05-30 14:25:35
AKG,2023-02-14 10:39:51
AKG,2023-05-27 18:21:57
AKG,2023-08-12 13:53:16
AKG,2023-11-07 16:52:06
AKG,2024-02-10 17:21:03
AKG,2024-05-24 18:38:05
AKG,2024-08-08 13:13:24
AKG,2024-11-14 17:22:35
AKG,2025-01-22 16:56:59
AKI,2023-05-11 19:12:14
AKI,2023-07-13 17:05:25
AKI,2023-11-22 18:42:23
AKI,2024-02-14 19:44:46
AKI,2024-05-28 20:26:28
AKI,2024-08-14 19:56:01
AKI,2024-11-13 20:47:06
AKI,2025-02-14 20:26:43
AKIKO,2024-09-18 20:54:47
AKIKO,2024-11-14 15:25:06
AKSHAR,2022-06-22 14:38:29
AKSHAR,2023-02-10 15:44:02
AKSHAR,2023-05-27 16:25:44
AKSHAR,2023-08-11 16:49:01
AKSHAR,2023-11-06 17:33:59
AKSHAR,2024-01-30 15:52:15
AKSHAR,2024-05-20 16:01:57
AKSHAR,2024-07-30 15:59:47
AKSHAR,2024-11-14 16:17:47
AKSHAR,2025-02-14 16:22:41
AKSHARCHEM,2021-02-12 13:02:58
AKSHARCHEM,2021-06-11 14:28:17
AKSHARCHEM,2021-08-11 13:18:12
AKSHARCHEM,2021-10-29 15:56:43
AKSHARCHEM,2022-01-25 13:33:29
AKSHARCHEM,2022-05-20 14:18:21
AKSHARCHEM,2023-02-09 13:24:41
AKSHARCHEM,2023-05-30 16:37:40
AKSHARCHEM,2023-08-10 15:14:03
AKSHARCHEM,2023-11-07 15:12:42
AKSHARCHEM,2024-01-30 15:50:28
AKSHARCHEM,2024-05-29 16:49:53
AKSHARCHEM,2024-08-02 13:48:36
AKSHARCHEM,2024-11-12 18:03:13
AKSHARCHEM,2025-02-10 18:32:27
AKSHOPTFBR,2021-02-10 16:40:48
AKSHOPTFBR,2021-06-11 19:34:26
AKSHOPTFBR,2021-08-06 16:23:42
AKSHOPTFBR,2021-11-12 15:22:28
AKSHOPTFBR,2022-02-03 16:18:34
AKSHOPTFBR,2022-05-13 14:26:57
AKSHOPTFBR,2023-01-20 15:01:31
AKSHOPTFBR,2023-05-19 17:59:32
AKSHOPTFBR,2023-07-26 16:55:23
AKSHOPTFBR,2023-11-09 17:49:58
AKSHOPTFBR,2024-02-14 15:51:39
AKSHOPTFBR,2024-05-27 20:05:11
AKSHOPTFBR,2024-08-06 17:00:10
AKSHOPTFBR,2024-11-13 18:57:09
AKSHOPTFBR,2025-02-13 17:30:38
AKUMS,2024-08-24 17:32:07
AKUMS,2024-11-09 17:53:22
AKUMS,2025-02-06 18:12:31
ALANKIT,2021-02-13 15:24:08
ALANKIT,2021-06-30 16:21:33
ALANKIT,2021-08-14 16:13:52
ALANKIT,2021-11-12 16:46:46
ALANKIT,2022-02-14 16:08:58
ALANKIT,2022-05-30 17:02:51
ALANKIT,2023-02-14 16:26:53
ALANKIT,2023-05-08 16:52:04
ALANKIT,2023-08-11 17:03:46
ALANKIT,2023-11-09 18:51:47
ALANKIT,2024-02-14 19:05:06
ALANKIT,2024-02-14 19:09:24
ALANKIT,2024-05-23 17:58:17
ALANKIT,2024-05-23 19:31:00
ALANKIT,2024-07-27 14:57:59
ALANKIT,2024-07-27 15:05:50
ALANKIT,2024-10-25 16:36:48
ALANKIT,2025-01-30 14:30:09
ALBERTDAVD,2021-02-09 15:27:57
ALBERTDAVD,2021-06-17 17:32:05
ALBERTDAVD,2021-08-12 15:29:18
ALBERTDAVD,2021-11-13 13:26:43
ALBERTDAVD,2022-02-14 15:11:25
ALBERTDAVD,2022-05-11 16:17:23
ALBERTDAVD,2023-02-13 14:08:59
ALBERTDAVD,2023-05-19 15:31:01
ALBERTDAVD,2023-08-10 16:33:16
ALBERTDAVD,2023-11-09 13:38:20
ALBERTDAVD,2024-02-05 12:25:58
ALBERTDAVD,2024-05-13 14:30:27
ALBERTDAVD,2024-05-14 12:55:44
ALBERTDAVD,2024-08-09 17:13:56
ALBERTDAVD,2024-11-14 18:11:26
ALBERTDAVD,2025-02-12 17:39:27
ALCODIS,2021-07-01 12:24:03
ALCODIS,2021-07-06 15:48:05
ALCODIS,2021-11-08 14:11:16
ALCODIS,2022-05-27 13:27:10
ALCODIS,2022-05-27 13:28:48
ALCODIS,2023-05-27 15:59:28
ALCODIS,2023-05-27 16:01:57
ALCODIS,2023-11-17 10:58:37
ALCODIS,2024-05-25 11:06:25
ALCODIS,2024-11-13 12:15:04
ALEMBICLTD,2021-01-28 17:37:17
ALEMBICLTD,2021-05-11 17:37:10
ALEMBICLTD,2021-08-06 16:12:43
ALEMBICLTD,2021-11-12 16:53:44
ALEMBICLTD,2022-02-14 16:35:17
ALEMBICLTD,2022-05-05 17:32:59
ALEMBICLTD,2023-02-09 17:14:21
ALEMBICLTD,2023-05-12 17:42:57
ALEMBICLTD,2023-08-10 16:07:22
ALEMBICLTD,2023-11-08 17:11:45
ALEMBICLTD,2024-02-14 16:49:00
ALEMBICLTD,2024-05-13 18:29:55
ALEMBICLTD,2024-08-12 15:51:54
ALEMBICLTD,2024-11-08 16:57:13
ALEMBICLTD,2025-02-07 17:51:04
ALICON,2021-01-29 15:51:36
ALICON,2021-05-01 00:03:59
ALICON,2021-08-05 15:15:23
ALICON,2021-11-11 16:32:18
ALICON,2022-02-14 15:34:28
ALICON,2022-05-16 15:53:21
ALICON,2023-02-10 14:44:04
ALICON,2023-05-17 07:57:10
ALICON,2023-07-25 16:17:12
ALICON,2023-11-06 15:02:32
ALICON,2024-02-09 15:15:48
ALICON,2024-05-16 16:01:44
ALICON,2024-08-08 15:36:15
ALICON,2024-11-14 15:42:22
ALICON,2025-02-10 15:40:53
ALIVUS,2021-08-13 13:16:40
ALIVUS,2021-11-10 19:25:48
ALIVUS,2022-02-08 18:42:05
ALIVUS,2022-04-20 19:36:08
ALIVUS,2023-01-27 12:55:31
ALIVUS,2023-04-27 17:40:20
ALIVUS,2023-07-21 12:55:04
ALIVUS,2023-10-20 13:11:31
ALIVUS,2024-01-23 17:19:56
ALIVUS,2024-04-25 14:50:20
ALIVUS,2024-07-25 19:18:37
ALIVUS,2024-10-24 18:27:07
ALIVUS,2025-01-23 14:22:57
ALKALI,2021-02-10 13:06:20
ALKALI,2021-06-10 12:26:36
ALKALI,2021-06-22 19:15:59
ALKALI,2021-08-04 11:48:16
ALKALI,2021-10-30 17:11:22
ALKALI,2022-02-08 10:36:26
ALKALI,2022-05-24 11:32:29
ALKALI,2023-02-13 13:29:56
ALKALI,2023-05-27 14:29:48
ALKALI,2023-07-28 13:08:16
ALKALI,2023-11-04 13:29:23
ALKALI,2024-02-09 17:33:03
ALKALI,2024-05-25 15:32:30
ALKALI,2024-07-27 15:05:22
ALKALI,2024-11-09 20:34:33
ALKALI,2025-01-30 11:54:39
ALKEM,2021-02-05 13:53:04
ALKEM,2021-05-25 13:59:39
ALKEM,2021-08-06 13:38:28
ALKEM,2021-11-12 12:48:05
ALKEM,2022-02-04 13:13:52
ALKEM,2022-05-13 13:43:53
ALKEM,2023-02-10 13:38:30
ALKEM,2023-05-19 13:42:03
ALKEM,2023-08-10 13:53:13
ALKEM,2023-11-07 13:51:08
ALKEM,2024-02-09 13:12:05
ALKEM,2024-05-29 14:09:43
ALKEM,2024-08-09 13:10:34
ALKEM,2024-11-13 13:18:19
ALKEM,2025-02-07 13:52:23
ALKYLAMINE,2021-02-02 14:19:17
ALKYLAMINE,2021-05-27 14:09:52
ALKYLAMINE,2021-08-03 12:55:31
ALKYLAMINE,2021-11-02 13:42:03
ALKYLAMINE,2022-02-02 13:16:46
ALKYLAMINE,2022-05-19 13:28:28
ALKYLAMINE,2023-02-09 12:56:45
ALKYLAMINE,2023-05-11 13:24:43
ALKYLAMINE,2023-08-07 13:17:27
ALKYLAMINE,2023-11-07 12:43:22
ALKYLAMINE,2024-02-02 13:31:59
ALKYLAMINE,2024-05-09 13:22:45
ALKYLAMINE,2024-08-01 14:04:34
ALKYLAMINE,2024-11-05 13:45:38
ALKYLAMINE,2025-01-24 17:46:22
ALLCARGO,2021-02-11 19:12:05
ALLCARGO,2021-06-23 19:06:24
ALLCARGO,2021-08-13 22:25:36
ALLCARGO,2021-11-01 21:24:14
ALLCARGO,2022-02-11 20:50:43
ALLCARGO,2022-05-27 01:11:48
ALLCARGO,2023-02-14 07:18:49
ALLCARGO,2023-05-30 23:57:48
ALLCARGO,2023-08-10 22:21:12
ALLCARGO,2023-11-10 23:12:54
ALLCARGO,2024-02-12 20:36:42
ALLCARGO,2024-05-25 23:34:07
ALLCARGO,2024-08-13 19:18:03
ALLCARGO,2024-11-12 23:53:28
ALLCARGO,2025-02-13 21:03:00
ALLDIGI,2021-01-20 18:39:41
ALLDIGI,2021-05-26 23:41:20
ALLDIGI,2021-07-19 18:34:26
ALLDIGI,2021-10-28 16:47:26
ALLDIGI,2022-01-25 19:20:53
ALLDIGI,2022-05-14 14:40:23
ALLDIGI,2023-01-24 18:29:18
ALLDIGI,2023-05-08 20:32:48
ALLDIGI,2023-07-26 17:33:26
ALLDIGI,2023-10-26 18:49:25
ALLDIGI,2024-01-22 18:12:39
ALLDIGI,2024-05-06 20:55:46
ALLDIGI,2024-07-26 11:14:28
ALLDIGI,2024-10-24 18:35:49
ALLDIGI,2025-01-22 19:01:24
ALLETEC,2023-02-14 17:42:40
ALLETEC,2023-05-24 14:29:48
ALLETEC,2023-08-02 12:39:58
ALLETEC,2023-11-05 10:02:23
ALLETEC,2024-01-31 11:28:45
ALLETEC,2024-05-20 09:56:26
ALLETEC,2024-07-29 12:00:40
ALLETEC,2024-10-24 16:57:59
ALLETEC,2025-01-29 12:25:56
ALMONDZ,2021-02-11 15:31:53
ALMONDZ,2021-06-24 15:33:31
ALMONDZ,2021-08-10 14:45:52
ALMONDZ,2021-11-10 14:32:51
ALMONDZ,2022-02-09 15:40:55
ALMONDZ,2022-05-24 16:43:30
ALMONDZ,2023-02-11 16:25:58
ALMONDZ,2023-05-26 16:31:18
ALMONDZ,2023-08-10 13:40:16
ALMONDZ,2023-11-07 15:20:28
ALMONDZ,2024-02-12 15:17:57
ALMONDZ,2024-05-29 12:36:06
ALMONDZ,2024-08-12 15:57:14
ALMONDZ,2024-11-11 14:11:07
ALMONDZ,2025-02-12 14:20:22
ALOKINDS,2021-01-18 19:16:19
ALOKINDS,2021-04-27 01:00:45
ALOKINDS,2021-07-20 15:20:21
ALOKINDS,2021-10-18 18:57:23
ALOKINDS,2022-01-18 18:52:47
ALOKINDS,2022-04-14 19:29:38
ALOKINDS,2023-01-18 18:42:50
ALOKINDS,2023-04-19 23:36:35
ALOKINDS,2023-07-19 19:26:53
ALOKINDS,2023-10-23 17:14:38
ALOKINDS,2024-01-17 18:24:39
ALOKINDS,2024-04-20 19:00:35
ALOKINDS,2024-07-17 15:10:59
ALOKINDS,2024-10-14 13:56:18
ALOKINDS,2025-01-16 13:59:12
ALPA,2021-02-12 19:26:22
ALPA,2021-06-30 21:26:27
ALPA,2021-08-14 18:54:27
ALPA,2021-11-13 18:26:14
ALPA,2022-02-14 20:15:06
ALPA,2022-05-28 23:23:30
ALPA,2023-02-14 19:53:30
ALPA,2023-05-29 21:57:42
ALPA,2023-08-14 19:20:58
ALPA,2023-11-07 21:31:27
ALPA,2024-02-13 18:51:28
ALPA,2024-05-28 23:27:48
ALPA,2024-08-13 19:32:24
ALPA,2024-11-14 21:42:30
ALPA,2025-02-14 14:59:44
ALPEXSOLAR,2024-05-27 15:44:37
ALPEXSOLAR,2024-11-12 17:26:19
ALPEXSOLAR,2025-02-11 17:10:06
ALPHAGEO,2021-01-28 13:36:12
ALPHAGEO,2021-08-09 13:45:37
ALPHAGEO,2021-10-29 14:35:12
ALPHAGEO,2022-02-04 15:12:45
ALPHAGEO,2022-05-27 20:12:16
ALPHAGEO,2023-02-07 14:53:07
ALPHAGEO,2023-05-26 15:24:39
ALPHAGEO,2023-08-11 15:22:02
ALPHAGEO,2023-11-08 14:14:29
ALPHAGEO,2024-02-13 14:53:59
ALPHAGEO,2024-05-20 15:18:18
ALPHAGEO,2024-08-14 15:43:42
ALPHAGEO,2024-11-11 13:22:44
ALPHAGEO,2025-02-11 13:38:10
ALPSINDUS,2021-02-12 18:31:34
ALPSINDUS,2021-06-30 20:23:39
ALPSINDUS,2021-07-01 16:35:34
ALPSINDUS,2021-08-13 18:26:57
ALPSINDUS,2021-11-12 17:32:23
ALPSINDUS,2022-02-14 19:57:21
ALPSINDUS,2022-05-31 14:05:05
ALPSINDUS,2023-02-03 17:33:07
ALPSINDUS,2023-05-09 20:11:23
ALPSINDUS,2023-08-12 19:00:45
ALPSINDUS,2023-10-27 17:52:39
ALPSINDUS,2024-02-14 17:59:31
ALPSINDUS,2024-05-09 21:03:06
ALPSINDUS,2024-08-14 18:15:35
ALPSINDUS,2024-11-14 18:42:33
ALPSINDUS,2025-02-14 18:49:20
ALUWIND,2024-05-29 20:15:16
ALUWIND,2024-11-13 19:09:04
AMBANIORGO,2021-06-26 15:28:34
AMBANIORGO,2021-11-12 17:14:07
AMBANIORGO,2022-05-30 16:35:58
AMBANIORGO,2023-05-30 20:17:47
AMBANIORGO,2023-11-10 21:31:44
AMBANIORGO,2024-06-03 17:41:30
AMBANIORGO,2024-11-14 19:36:06
AMBER,2021-01-30 15:54:11
AMBER,2021-05-22 16:52:18
AMBER,2021-08-07 15:02:20
AMBER,2021-10-30 15:31:04
AMBER,2022-01-29 15:45:29
AMBER,2022-05-13 17:30:45
AMBER,2023-01-23 18:15:33
AMBER,2023-05-16 19:09:33
AMBER,2023-07-25 16:34:17
AMBER,2023-10-21 14:14:28
AMBER,2024-02-10 18:07:04
AMBER,2024-05-18 00:27:34
AMBER,2024-07-26 14:12:45
AMBER,2024-10-22 15:32:57
AMBER,2025-01-23 16:34:46
AMBICAAGAR,2021-02-12 16:22:57
AMBICAAGAR,2021-06-30 22:40:27
AMBICAAGAR,2021-08-13 20:42:36
AMBICAAGAR,2021-11-13 21:10:08
AMBICAAGAR,2022-02-02 18:35:02
AMBICAAGAR,2022-02-14 19:49:53
AMBICAAGAR,2022-05-31 16:46:15
AMBICAAGAR,2023-02-10 18:27:01
AMBICAAGAR,2023-05-29 23:05:13
AMBICAAGAR,2023-08-12 19:39:55
AMBICAAGAR,2023-11-11 19:45:33
AMBICAAGAR,2024-02-14 20:35:48
AMBICAAGAR,2024-05-28 22:40:18
AMBICAAGAR,2024-08-14 20:23:25
AMBICAAGAR,2024-11-11 20:48:53
AMBICAAGAR,2025-02-14 20:39:45
AMBIKCO,2021-02-03 12:42:49
AMBIKCO,2021-06-10 12:47:24
AMBIKCO,2021-08-11 12:49:50
AMBIKCO,2021-11-06 13:10:24
AMBIKCO,2022-02-03 12:53:55
AMBIKCO,2022-05-28 15:24:44
AMBIKCO,2023-02-09 12:42:02
AMBIKCO,2023-05-26 12:49:01
AMBIKCO,2023-05-26 12:56:35
AMBIKCO,2023-08-10 13:03:29
AMBIKCO,2023-11-09 14:29:37
AMBIKCO,2024-02-08 12:49:53
AMBIKCO,2024-05-25 13:29:45
AMBIKCO,2024-08-09 12:48:10
AMBIKCO,2024-11-08 12:54:28
AMBIKCO,2025-02-11 13:45:22
AMBUJACEM,2021-02-18 17:26:56
AMBUJACEM,2021-04-29 17:09:28
AMBUJACEM,2021-07-23 17:51:51
AMBUJACEM,2021-10-26 16:49:14
AMBUJACEM,2022-02-17 19:08:36
AMBUJACEM,2022-04-28 17:28:53
AMBUJACEM,2023-02-07 15:15:44
AMBUJACEM,2023-05-02 15:48:46
AMBUJACEM,2023-08-02 09:09:41
AMBUJACEM,2023-11-01 12:59:32
AMBUJACEM,2024-01-31 12:51:15
AMBUJACEM,2024-05-01 13:28:31
AMBUJACEM,2024-07-31 12:25:43
AMBUJACEM,2024-10-28 12:55:06
AMBUJACEM,2025-01-29 13:12:05
AMDIND,2021-02-09 18:33:53
AMDIND,2021-06-22 18:03:01
AMDIND,2021-08-12 19:48:28
AMDIND,2021-11-13 20:26:12
AMDIND,2022-02-14 17:50:30
AMDIND,2022-05-30 22:22:15
AMDIND,2023-02-14 18:00:25
AMDIND,2023-05-23 18:53:35
AMDIND,2023-08-08 19:15:10
AMDIND,2023-11-08 18:10:50
AMDIND,2024-02-13 17:18:37
AMDIND,2024-05-23 19:05:03
AMDIND,2024-08-09 18:36:06
AMDIND,2024-11-13 19:21:26
AMDIND,2025-02-13 17:49:26
AMEYA,2023-11-08 15:41:08
AMEYA,2024-05-28 18:24:06
AMEYA,2024-11-13 16:49:29
AMIABLE,2023-05-30 16:28:35
AMIABLE,2023-05-30 16:33:54
AMIABLE,2023-11-09 15:03:53
AMIABLE,2024-05-23 15:33:26
AMIABLE,2024-05-23 15:43:20
AMIABLE,2024-11-13 15:42:32
AMJLAND,2021-02-06 12:36:02
AMJLAND,2021-05-29 20:11:38
AMJLAND,2021-08-11 12:38:49
AMJLAND,2021-10-29 15:43:24
AMJLAND,2022-02-05 15:58:21
AMJLAND,2022-05-16 12:49:51
AMJLAND,2023-01-24 12:29:53
AMJLAND,2023-05-20 12:55:37
AMJLAND,2023-08-05 14:13:44
AMJLAND,2023-11-04 11:56:49
AMJLAND,2024-02-05 12:33:12
AMJLAND,2024-05-28 12:28:40
AMJLAND,2024-08-05 10:52:01
AMJLAND,2024-10-30 11:55:26
AMJLAND,2025-02-05 12:34:25
AMNPLST,2024-02-12 18:07:04
AMNPLST,2024-05-28 18:06:25
AMNPLST,2024-08-08 18:07:35
AMNPLST,2024-11-14 18:05:34
AMNPLST,2025-02-13 18:18:17
AMRUTANJAN,2021-02-11 13:45:41
AMRUTANJAN,2021-05-27 16:44:29
AMRUTANJAN,2021-08-14 14:54:06
AMRUTANJAN,2021-11-09 15:38:41
AMRUTANJAN,2022-02-11 14:50:38
AMRUTANJAN,2022-05-24 19:42:54
AMRUTANJAN,2023-02-14 18:31:26
AMRUTANJAN,2023-05-31 12:22:47
AMRUTANJAN,2023-08-02 16:32:01
AMRUTANJAN,2023-11-10 20:12:18
AMRUTANJAN,2024-02-09 19:27:58
AMRUTANJAN,2024-05-23 19:32:02
AMRUTANJAN,2024-08-13 17:07:42
AMRUTANJAN,2024-11-12 19:17:14
AMRUTANJAN,2025-02-12 16:53:26
AMTEKAUTO,2021-01-15 18:33:22
AMTEKAUTO,2021-06-09 19:09:55
AMTEKAUTO,2021-06-19 20:10:32
AMTEKAUTO,2021-06-29 12:59:35
AMTEKAUTO,2021-07-29 23:48:32
AMTEKAUTO,2021-09-13 22:06:36
AMTEKAUTO,2021-09-21 16:52:23
ANANDRATHI,2022-01-06 17:40:43
ANANDRATHI,2022-01-06 18:49:32
ANANDRATHI,2022-04-12 18:52:30
ANANDRATHI,2023-01-12 17:35:03
ANANDRATHI,2023-04-12 18:00:45
ANANDRATHI,2023-07-12 17:48:03
ANANDRATHI,2023-10-12 18:05:02
ANANDRATHI,2024-01-12 18:07:27
ANANDRATHI,2024-04-12 18:27:56
ANANDRATHI,2024-07-11 17:16:58
ANANDRATHI,2024-10-10 16:32:49
ANANDRATHI,2025-01-13 18:19:14
ANANTRAJ,2021-02-12 19:18:43
ANANTRAJ,2021-06-30 20:50:02
ANANTRAJ,2021-08-14 19:47:00
ANANTRAJ,2021-11-12 20:02:45
ANANTRAJ,2022-02-14 20:42:33
ANANTRAJ,2022-05-14 21:01:17
ANANTRAJ,2023-01-19 18:30:17
ANANTRAJ,2023-04-25 19:26:35
ANANTRAJ,2023-08-01 18:42:34
ANANTRAJ,2023-10-21 20:11:09
ANANTRAJ,2024-02-06 17:27:10
ANANTRAJ,2024-04-24 20:11:34
ANANTRAJ,2024-07-27 17:58:51
ANANTRAJ,2024-10-28 18:36:33
ANANTRAJ,2025-02-01 18:13:28
ANDHRACEMT,2021-02-13 16:10:40
ANDHRACEMT,2021-06-26 19:03:48
ANDHRACEMT,2021-08-14 14:48:06
ANDHRACEMT,2021-11-13 16:17:35
ANDHRACEMT,2022-02-14 16:57:04
ANDHRACEMT,2022-05-30 17:36:25
ANDHRACEMT,2023-02-09 20:28:35
ANDHRACEMT,2023-05-06 13:15:51
ANDHRAPAP,2021-01-28 16:52:01
ANDHRAPAP,2021-05-11 17:16:53
ANDHRAPAP,2021-07-29 17:04:53
ANDHRAPAP,2021-11-08 17:51:51
ANDHRAPAP,2022-01-31 16:30:32
ANDHRAPAP,2022-05-05 16:42:18
ANDHRAPAP,2023-01-31 13:16:14
ANDHRAPAP,2023-05-09 14:08:24
ANDHRAPAP,2023-08-03 13:29:05
ANDHRAPAP,2023-10-30 13:45:25
ANDHRAPAP,2024-02-02 14:09:25
ANDHRAPAP,2024-05-14 15:08:36
ANDHRAPAP,2024-08-05 16:24:46
ANDHRAPAP,2024-11-04 17:47:45
ANDHRAPAP,2025-02-06 16:34:22
ANDHRSUGAR,2021-02-13 12:44:24
ANDHRSUGAR,2021-06-30 15:19:45
ANDHRSUGAR,2021-08-11 13:19:10
ANDHRSUGAR,2021-11-13 12:17:00
ANDHRSUGAR,2022-02-12 13:25:44
ANDHRSUGAR,2022-05-28 14:50:21
ANDHRSUGAR,2023-02-11 12:34:32
ANDHRSUGAR,2023-05-29 13:03:10
ANDHRSUGAR,2023-08-09 12:35:41
ANDHRSUGAR,2023-11-09 12:43:16
ANDHRSUGAR,2024-02-12 13:44:10
ANDHRSUGAR,2024-05-30 14:46:47
ANDHRSUGAR,2024-08-12 13:06:48
ANDHRSUGAR,2024-11-14 13:24:57
ANDHRSUGAR,2025-02-11 13:45:20
ANGELONE,2021-01-28 18:43:30
ANGELONE,2021-05-05 19:27:50
ANGELONE,2021-07-15 18:53:25
ANGELONE,2021-07-15 19:54:10
ANGELONE,2021-10-20 18:29:05
ANGELONE,2022-01-17 18:35:52
ANGELONE,2022-04-20 19:18:12
ANGELONE,2023-01-16 19:27:38
ANGELONE,2023-04-17 18:22:56
ANGELONE,2023-07-13 19:16:08
ANGELONE,2023-10-12 17:56:13
ANGELONE,2024-01-15 17:46:13
ANGELONE,2024-04-17 18:16:21
ANGELONE,2024-07-15 19:53:52
ANGELONE,2024-10-14 18:27:40
ANGELONE,2025-01-13 18:49:37
ANIKINDS,2021-02-12 19:53:45
ANIKINDS,2021-07-01 16:54:39
ANIKINDS,2021-08-14 18:57:02
ANIKINDS,2021-11-13 18:56:27
ANIKINDS,2022-02-12 18:24:19
ANIKINDS,2022-05-31 13:17:08
ANIKINDS,2023-02-14 20:15:12
ANIKINDS,2023-06-06 18:19:35
ANIKINDS,2023-08-12 16:27:27
ANIKINDS,2023-11-09 18:14:58
ANIKINDS,2024-02-14 16:49:25
ANIKINDS,2024-05-30 16:29:17
ANIKINDS,2024-08-13 16:45:58
ANIKINDS,2024-11-14 18:36:24
ANIKINDS,2025-02-07 18:11:04
ANKITMETAL,2021-02-13 16:12:18
ANKITMETAL,2021-06-30 23:36:21
ANKITMETAL,2021-08-14 17:15:38
ANKITMETAL,2021-11-13 19:12:34
ANKITMETAL,2022-02-14 18:22:59
ANKITMETAL,2022-05-31 01:11:29
ANKITMETAL,2023-02-13 22:05:12
ANKITMETAL,2023-05-30 21:38:01
ANKITMETAL,2023-08-14 19:51:04
ANKITMETAL,2023-11-14 21:17:46
ANKITMETAL,2024-03-21 20:06:23
ANLON,2023-02-23 13:16:08
ANLON,2023-05-12 16:07:31
ANLON,2023-11-03 15:51:35
ANLON,2024-05-27 16:35:36
ANLON,2024-11-11 16:52:02
ANMOL,2021-06-28 12:19:20
ANMOL,2021-08-12 13:05:38
ANMOL,2021-11-15 20:22:04
ANMOL,2022-01-29 22:58:48
ANMOL,2022-02-05 14:37:08
ANMOL,2022-05-14 12:33:22
ANMOL,2023-02-09 12:54:44
ANMOL,2023-05-17 16:24:35
ANMOL,2023-07-27 17:37:09
ANMOL,2023-11-07 18:09:28
ANMOL,2024-02-06 18:08:35
ANMOL,2024-05-14 17:35:37
ANMOL,2024-08-10 17:34:18
ANMOL,2024-11-12 17:38:28
ANMOL,2025-02-12 17:40:57
ANNAPURNA,2023-05-29 18:16:21
ANNAPURNA,2023-11-09 16:53:35
ANNAPURNA,2024-05-30 20:31:41
ANNAPURNA,2024-11-13 19:58:44
ANSALAPI,2021-02-11 16:05:26
ANSALAPI,2021-06-29 18:28:24
ANSALAPI,2021-08-12 14:47:25
ANSALAPI,2021-11-12 15:15:28
ANSALAPI,2022-02-11 17:39:03
ANSALAPI,2022-05-26 22:02:35
ANSALAPI,2023-05-31 10:19:22
ANSALAPI,2023-10-23 19:01:01
ANSALAPI,2023-12-16 19:19:47
ANSALAPI,2024-03-27 17:57:30
ANSALAPI,2024-03-27 17:58:49
ANSALAPI,2024-05-28 18:56:18
ANSALAPI,2024-08-12 18:28:46
ANSALAPI,2024-11-26 19:06:35
ANSALHSG,2021-02-11 18:15:29
ANSALHSG,2021-06-14 16:19:42
ANSALHSG,2021-07-27 19:15:29
ANSALHSG,2021-08-13 17:14:26
ANSALHSG,2021-11-10 19:45:37
ANSALHSG,2022-02-11 16:49:55
ANSALHSG,2022-05-27 19:18:32
ANTELOPUS,2021-02-06 13:08:04
ANTELOPUS,2021-08-12 16:53:07
ANTELOPUS,2021-11-06 13:07:50
ANTELOPUS,2022-02-05 14:13:10
ANTELOPUS,2022-04-30 13:39:51
ANTELOPUS,2023-01-23 18:01:57
ANTELOPUS,2023-05-05 17:34:48
ANTELOPUS,2023-08-12 17:33:10
ANTELOPUS,2023-10-16 17:21:12
ANTELOPUS,2024-02-12 17:57:51
ANTELOPUS,2024-05-06 18:22:43
ANTELOPUS,2024-07-31 17:28:07
ANTELOPUS,2024-10-29 16:43:16
ANTELOPUS,2025-02-07 17:39:20
ANTGRAPHIC,2021-02-11 13:24:09
ANTGRAPHIC,2021-06-30 13:21:26
ANTGRAPHIC,2021-08-09 12:47:49
ANTGRAPHIC,2021-11-10 12:36:18
ANTGRAPHIC,2022-01-19 13:36:59
ANTGRAPHIC,2022-04-14 14:14:40
ANTGRAPHIC,2023-02-13 13:35:08
ANTGRAPHIC,2023-05-17 16:14:58
ANTGRAPHIC,2023-08-10 14:47:26
ANTGRAPHIC,2023-11-10 16:05:44
ANTGRAPHIC,2024-01-29 17:24:13
ANTGRAPHIC,2024-04-29 19:30:56
ANTGRAPHIC,2024-08-14 21:11:54
ANTGRAPHIC,2024-11-14 18:23:03
ANTGRAPHIC,2025-02-14 19:20:22
ANUHPHR,2025-02-07 18:05:42
ANUP,2021-01-30 12:55:59
ANUP,2021-05-14 13:29:03
ANUP,2021-07-27 12:23:29
ANUP,2021-10-26 16:00:17
ANUP,2022-01-18 12:40:04
ANUP,2022-05-17 16:25:48
ANUP,2023-01-13 13:34:38
ANUP,2023-05-17 13:14:08
ANUP,2023-07-28 12:40:23
ANUP,2023-10-30 12:41:15
ANUP,2024-02-12 12:24:54
ANUP,2024-05-04 12:09:13
ANUP,2024-07-31 12:14:26
ANUP,2024-10-26 13:30:37
ANUP,2025-01-31 11:32:02
ANURAS,2021-06-12 18:19:22
ANURAS,2021-06-12 18:28:08
ANURAS,2021-08-06 11:51:14
ANURAS,2021-11-10 12:36:11
ANURAS,2021-11-10 12:46:51
ANURAS,2022-02-11 18:47:07
ANURAS,2022-05-12 19:34:28
ANURAS,2023-01-27 10:25:06
ANURAS,2023-05-03 09:12:49
ANURAS,2023-08-01 09:32:10
ANURAS,2023-11-07 10:49:57
ANURAS,2024-02-12 10:26:15
ANURAS,2024-05-18 17:02:33
ANURAS,2024-08-13 17:51:19
ANURAS,2024-11-14 21:17:23
ANURAS,2025-02-13 18:39:55
ANYA,2025-01-22 16:14:24
APARINDS,2021-02-04 12:49:55
APARINDS,2021-05-31 14:27:10
APARINDS,2021-07-27 13:01:47
APARINDS,2021-11-01 13:06:30
APARINDS,2022-01-31 13:26:32
APARINDS,2022-05-27 13:09:38
APARINDS,2023-01-31 13:26:25
APARINDS,2023-05-08 13:48:06
APARINDS,2023-07-28 12:41:22
APARINDS,2023-10-26 12:56:10
APARINDS,2024-01-30 13:10:31
APARINDS,2024-05-14 13:53:15
APARINDS,2024-07-30 12:43:44
APARINDS,2024-10-29 13:20:46
APARINDS,2025-01-28 12:32:04
APCL,2021-02-09 12:27:44
APCL,2021-05-25 15:43:23
APCL,2021-08-12 16:28:57
APCL,2021-11-12 12:37:55
APCL,2022-02-09 12:18:31
APCL,2022-05-12 15:51:35
APCL,2023-02-09 12:19:23
APCL,2023-05-26 12:31:09
APCL,2023-08-11 12:34:49
APCL,2023-11-10 13:55:27
APCL,2024-02-12 16:00:54
APCL,2024-05-27 13:13:05
APCL,2024-08-07 16:09:53
APCL,2024-11-12 17:12:58
APCL,2025-02-13 12:39:20
APCOTEXIND,2021-01-28 13:45:53
APCOTEXIND,2021-05-06 14:48:34
APCOTEXIND,2021-07-28 13:16:23
APCOTEXIND,2021-10-28 13:41:53
APCOTEXIND,2022-01-27 16:14:10
APCOTEXIND,2022-04-27 15:11:18
APCOTEXIND,2023-01-25 15:20:30
APCOTEXIND,2023-04-27 16:48:39
APCOTEXIND,2023-07-26 15:04:27
APCOTEXIND,2023-10-26 14:37:00
APCOTEXIND,2024-01-23 14:52:06
APCOTEXIND,2024-05-06 16:53:46
APCOTEXIND,2024-07-26 14:57:52
APCOTEXIND,2024-10-24 15:23:58
APCOTEXIND,2025-01-28 14:59:31
APEX,2021-02-12 11:34:50
APEX,2021-08-14 14:13:15
APEX,2021-11-13 12:20:44
APEX,2022-02-14 12:56:44
APEX,2022-05-23 17:52:33
APEX,2023-02-04 16:31:56
APEX,2023-05-30 23:19:43
APEX,2023-08-14 17:31:50
APEX,2023-11-11 15:22:17
APEX,2024-02-10 15:18:24
APEX,2024-05-24 15:44:48
APEX,2024-08-10 13:35:25
APEX,2024-11-12 17:21:09
APEX,2025-02-01 18:14:02
APLAPOLLO,2021-01-25 13:52:54
APLAPOLLO,2021-06-03 14:50:07
APLAPOLLO,2021-08-06 14:28:43
APLAPOLLO,2021-10-28 14:35:23
APLAPOLLO,2022-01-25 14:52:47
APLAPOLLO,2022-05-13 15:15:44
APLAPOLLO,2023-02-02 14:14:25
APLAPOLLO,2023-05-12 16:52:43
APLAPOLLO,2023-08-05 14:42:13
APLAPOLLO,2023-10-30 15:38:24
APLAPOLLO,2024-01-27 16:24:16
APLAPOLLO,2024-05-12 13:23:54
APLAPOLLO,2024-08-10 16:23:45
APLAPOLLO,2024-10-29 14:08:28
APLAPOLLO,2025-01-20 14:47:00
APLLTD,2021-01-19 13:13:09
APLLTD,2021-05-04 14:28:20
APLLTD,2021-07-26 15:09:42
APLLTD,2021-11-10 14:00:12
APLLTD,2022-02-10 14:16:08
APLLTD,2022-05-02 18:04:27
APLLTD,2023-02-01 19:53:19
APLLTD,2023-05-05 16:59:04
APLLTD,2023-08-04 13:35:35
APLLTD,2023-11-07 13:38:56
APLLTD,2024-02-05 14:12:10
APLLTD,2024-05-09 14:10:26
APLLTD,2024-08-08 13:27:25
APLLTD,2024-11-07 13:04:59
APLLTD,2025-02-03 14:35:13
APOLLO,2021-02-12 15:51:38
APOLLO,2021-06-29 17:36:16
APOLLO,2021-08-12 15:47:03
APOLLO,2021-11-11 17:24:23
APOLLO,2022-02-14 18:19:37
APOLLO,2022-05-28 18:26:29
APOLLO,2023-02-10 19:13:09
APOLLO,2023-05-29 16:59:19
APOLLO,2023-08-10 17:34:13
APOLLO,2023-11-10 13:45:00
APOLLO,2024-02-03 17:00:31
APOLLO,2024-05-20 17:18:36
APOLLO,2024-08-09 10:57:21
APOLLO,2024-10-25 11:16:42
APOLLO,2025-02-04 19:45:26
APOLLOHOSP,2021-02-12 15:12:15
APOLLOHOSP,2021-06-23 20:50:37
APOLLOHOSP,2021-08-13 19:08:12
APOLLOHOSP,2021-11-12 19:50:42
APOLLOHOSP,2022-02-11 15:22:56
APOLLOHOSP,2022-05-25 20:05:46
APOLLOHOSP,2023-02-15 16:32:21
APOLLOHOSP,2023-05-30 14:50:03
APOLLOHOSP,2023-08-11 14:00:06
APOLLOHOSP,2023-11-09 14:33:40
APOLLOHOSP,2024-02-08 14:35:19
APOLLOHOSP,2024-05-30 18:56:58
APOLLOHOSP,2024-08-13 19:02:02
APOLLOHOSP,2024-11-06 15:38:58
APOLLOHOSP,2025-02-10 19:24:04
APOLLOPIPE,2021-01-16 14:25:47
APOLLOPIPE,2021-05-04 15:07:42
APOLLOPIPE,2021-07-26 15:30:00
APOLLOPIPE,2021-10-22 14:45:40
APOLLOPIPE,2022-01-24 15:16:48
APOLLOPIPE,2022-05-06 15:18:58
APOLLOPIPE,2023-01-24 14:50:21
APOLLOPIPE,2023-05-08 15:31:28
APOLLOPIPE,2023-07-25 14:50:17
APOLLOPIPE,2023-10-26 13:38:38
APOLLOPIPE,2024-01-29 14:14:50
APOLLOPIPE,2024-05-20 15:52:52
APOLLOPIPE,2024-07-29 13:55:34
APOLLOPIPE,2024-10-25 14:00:47
APOLLOPIPE,2025-01-27 15:04:22
APOLLOTYRE,2021-02-03 18:51:02
APOLLOTYRE,2021-05-12 18:39:18
APOLLOTYRE,2021-08-04 17:05:20
APOLLOTYRE,2021-10-29 17:55:03
APOLLOTYRE,2022-02-02 18:20:16
APOLLOTYRE,2022-05-12 18:45:39
APOLLOTYRE,2023-02-02 17:44:38
APOLLOTYRE,2023-05-09 19:03:16
APOLLOTYRE,2023-08-10 18:08:28
APOLLOTYRE,2023-11-07 18:57:08
APOLLOTYRE,2024-02-07 18:24:34
APOLLOTYRE,2024-05-14 17:11:12
APOLLOTYRE,2024-08-07 18:20:31
APOLLOTYRE,2024-11-13 19:08:04
APOLLOTYRE,2025-02-06 17:08:28
APOLSINHOT,2021-02-13 15:39:34
APOLSINHOT,2021-06-29 17:51:47
APOLSINHOT,2021-08-14 15:56:12
APOLSINHOT,2021-11-12 15:29:54
APOLSINHOT,2022-02-14 15:15:17
APOLSINHOT,2022-05-28 15:13:54
APOLSINHOT,2023-02-13 13:55:39
APOLSINHOT,2023-05-19 15:12:37
APOLSINHOT,2023-08-14 14:57:48
APOLSINHOT,2023-11-14 13:44:44
APOLSINHOT,2024-02-14 14:07:22
APOLSINHOT,2024-05-28 15:00:45
APOLSINHOT,2024-08-13 15:35:48
APOLSINHOT,2024-11-14 16:21:07
APOLSINHOT,2025-02-07 17:04:21
APRAMEYA,2024-11-11 19:12:05
APS,2024-03-07 12:49:10
APS,2024-05-27 12:06:25
APS,2024-10-11 14:13:46
APS,2025-02-13 14:00:09
APTECHT,2021-02-03 17:41:35
APTECHT,2021-04-29 18:26:40
APTECHT,2021-08-11 17:59:03
APTECHT,2021-11-11 20:04:23
APTECHT,2022-01-19 14:14:10
APTECHT,2022-05-04 20:31:24
APTECHT,2023-02-09 16:22:16
APTECHT,2023-05-24 18:09:37
APTECHT,2023-08-04 18:03:41
APTECHT,2023-11-01 14:38:14
APTECHT,2024-02-06 18:21:22
APTECHT,2024-05-02 18:55:22
APTECHT,2024-08-02 20:07:43
APTECHT,2024-11-11 17:16:05
APTECHT,2025-01-25 15:40:08
APTUS,2021-10-29 13:01:34
APTUS,2021-10-30 12:46:16
APTUS,2022-01-28 15:06:10
APTUS,2022-05-05 16:18:00
APTUS,2023-02-02 15:52:21
APTUS,2023-05-04 19:00:04
APTUS,2023-08-01 14:30:59
APTUS,2023-11-02 14:54:47
APTUS,2024-02-01 14:09:47
APTUS,2024-05-03 15:24:45
APTUS,2024-08-01 13:29:04
APTUS,2024-11-05 14:12:32
APTUS,2025-01-31 13:35:42
AQYLON,2024-05-24 15:37:18
AQYLON,2024-08-14 13:53:52
AQYLON,2024-11-14 13:52:56
AQYLON,2025-02-14 14:14:25
ARABIAN,2023-11-18 17:48:03
ARABIAN,2024-05-29 18:29:53
ARABIAN,2024-11-14 19:28:35
ARABIAN,2024-11-14 21:40:41
ARCHIDPLY,2021-02-08 13:38:30
ARCHIDPLY,2021-06-18 13:02:24
ARCHIDPLY,2021-08-11 14:18:53
ARCHIDPLY,2021-10-30 16:13:32
ARCHIDPLY,2022-02-14 14:08:38
ARCHIDPLY,2022-05-20 13:50:06
ARCHIDPLY,2023-02-07 15:34:14
ARCHIDPLY,2023-05-17 15:50:21
ARCHIDPLY,2023-08-12 13:40:46
ARCHIDPLY,2023-11-07 14:53:05
ARCHIDPLY,2024-01-25 16:35:59
ARCHIDPLY,2024-05-20 17:23:36
ARCHIDPLY,2024-08-13 13:20:47
ARCHIDPLY,2024-11-12 14:56:53
ARCHIDPLY,2025-01-29 16:14:53
ARCHIES,2021-02-10 13:37:10
ARCHIES,2021-02-10 13:45:41
ARCHIES,2021-06-30 14:14:05
ARCHIES,2021-08-13 13:50:06
ARCHIES,2021-11-02 15:25:27
ARCHIES,2022-02-11 16:50:08
ARCHIES,2022-05-30 16:56:10
ARCHIES,2023-02-04 16:25:45
ARCHIES,2023-05-30 17:05:20
ARCHIES,2023-08-11 18:24:57
ARCHIES,2023-11-09 15:36:02
ARCHIES,2024-02-12 16:19:26
ARCHIES,2024-05-29 16:25:29
ARCHIES,2024-08-14 19:51:05
ARCHIES,2024-11-14 17:16:33
ARCHIES,2025-02-14 14:57:37
ARCOTECH,2021-02-12 14:29:01
ARCOTECH,2021-06-29 14:14:52
ARCOTECH,2021-08-12 13:25:44
ARCOTECH,2021-11-12 18:08:18
ARCOTECH,2022-02-14 18:38:53
ARCOTECH,2022-05-31 11:40:24
ARCOTECH,2023-02-14 15:09:13
ARCOTECH,2023-06-08 16:08:43
ARCOTECH,2023-08-10 14:48:18
ARCOTECH,2023-11-07 13:31:18
ARCOTECH,2024-02-14 14:58:27
ARCOTECH,2024-05-30 15:51:48
ARCOTECH,2024-08-13 15:40:46
ARCOTECH,2024-11-12 14:52:46
ARCOTECH,2025-02-06 18:12:07
ARE&M,2021-02-13 13:59:01
ARE&M,2021-05-22 15:25:27
ARE&M,2021-08-14 14:13:47
ARE&M,2021-11-12 16:22:55
ARE&M,2022-02-10 15:25:02
ARE&M,2022-05-23 10:05:12
ARE&M,2023-01-25 17:03:16
ARE&M,2023-05-23 19:54:40
ARE&M,2023-08-12 13:46:37
ARE&M,2023-10-31 18:07:24
ARE&M,2024-01-31 18:35:30
ARE&M,2024-05-28 18:44:49
ARE&M,2024-08-03 13:45:28
ARE&M,2024-11-04 17:40:59
ARE&M,2025-02-08 18:07:24
ARENTERP,2021-02-13 16:15:54
ARENTERP,2021-06-30 17:37:04
ARENTERP,2021-08-13 15:48:03
ARENTERP,2021-11-13 16:12:06
ARENTERP,2022-02-08 16:16:22
ARENTERP,2022-05-28 16:13:11
ARENTERP,2023-02-13 17:45:22
ARENTERP,2023-05-29 20:27:18
ARENTERP,2023-08-12 16:05:01
ARENTERP,2023-11-09 19:17:37
ARENTERP,2024-02-12 13:42:26
ARENTERP,2024-05-29 18:39:32
ARENTERP,2024-08-14 15:34:23
ARENTERP,2024-10-25 16:54:14
ARENTERP,2025-02-14 13:48:57
ARHAM,2023-05-25 18:07:36
ARHAM,2023-11-10 16:36:38
ARHAM,2024-05-15 14:07:20
ARHAM,2024-11-14 13:00:38
ARIES,2021-02-09 19:53:17
ARIES,2021-06-29 16:34:48
ARIES,2021-06-29 16:40:38
ARIES,2021-08-11 20:28:16
ARIES,2021-11-12 19:26:15
ARIES,2021-11-12 19:27:44
ARIES,2022-02-09 21:03:14
ARIES,2022-05-26 12:52:33
ARIES,2023-02-10 20:05:42
ARIES,2023-05-23 22:35:57
ARIES,2023-08-10 20:22:04
ARIES,2023-11-08 20:57:47
ARIES,2024-02-14 20:36:31
ARIES,2024-05-29 20:43:07
ARIES,2024-08-13 21:31:13
ARIES,2024-11-08 19:38:16
ARIES,2025-02-13 21:33:40
ARIHANT,2021-02-12 17:59:42
ARIHANT,2021-06-30 20:41:12
ARIHANT,2021-08-13 18:39:56
ARIHANT,2021-08-13 18:41:18
ARIHANT,2021-11-11 18:27:31
ARIHANT,2021-11-11 18:31:52
ARIHANTACA,2023-02-10 16:15:20
ARIHANTACA,2023-05-30 17:54:45
ARIHANTACA,2023-11-09 17:52:00
ARIHANTACA,2024-05-28 19:51:39
ARIHANTACA,2024-08-14 19:54:04
ARIHANTACA,2024-11-12 15:51:26
ARIHANTACA,2025-02-08 20:24:50
ARIHANTCAP,2021-06-16 14:38:56
ARIHANTCAP,2021-07-27 13:33:49
ARIHANTCAP,2021-11-11 12:59:15
ARIHANTCAP,2022-01-31 12:57:13
ARIHANTCAP,2022-04-25 14:31:51
ARIHANTCAP,2023-01-31 17:28:24
ARIHANTCAP,2023-05-20 13:44:05
ARIHANTCAP,2023-07-22 14:29:15
ARIHANTCAP,2023-11-09 13:29:46
ARIHANTCAP,2024-02-03 14:45:46
ARIHANTCAP,2024-05-21 18:36:09
ARIHANTCAP,2024-07-20 15:08:56
ARIHANTCAP,2024-11-07 13:58:18
ARIHANTCAP,2025-02-10 18:05:23
ARIHANTSUP,2021-01-23 16:21:24
ARIHANTSUP,2021-06-19 15:13:15
ARIHANTSUP,2021-07-20 15:31:04
ARIHANTSUP,2021-07-20 16:59:15
ARIHANTSUP,2021-10-20 15:28:38
ARIHANTSUP,2022-01-24 16:23:00
ARIHANTSUP,2022-05-06 18:23:17
ARIHANTSUP,2023-02-04 16:16:22
ARIHANTSUP,2023-05-22 16:23:50
ARIHANTSUP,2023-08-11 16:21:30
ARIHANTSUP,2023-11-07 17:11:45
ARIHANTSUP,2024-02-12 16:53:12
ARIHANTSUP,2024-05-15 17:55:17
ARIHANTSUP,2024-08-10 18:55:10
ARIHANTSUP,2024-10-26 16:59:13
ARIHANTSUP,2025-02-03 15:10:14
ARISTO,2023-05-27 18:16:48
ARISTO,2023-11-07 18:03:24
ARISTO,2024-05-27 18:11:33
ARISTO,2024-11-14 19:24:00
ARKADE,2024-10-10 17:13:10
ARKADE,2024-11-13 17:35:00
ARKADE,2025-01-24 13:09:58
ARMANFIN,2021-02-12 16:45:53
ARMANFIN,2021-06-24 15:28:16
ARMANFIN,2021-08-12 19:14:23
ARMANFIN,2021-11-13 18:45:49
ARMANFIN,2022-02-14 17:31:29
ARMANFIN,2022-05-30 18:02:58
ARMANFIN,2023-02-14 15:04:40
ARMANFIN,2023-05-30 17:47:33
ARMANFIN,2023-08-14 18:31:11
ARMANFIN,2023-11-01 18:42:34
ARMANFIN,2024-02-03 16:46:19
ARMANFIN,2024-05-27 15:11:06
ARMANFIN,2024-08-14 20:17:52
ARMANFIN,2024-11-13 19:28:04
ARMANFIN,2025-02-14 17:40:42
AROGRANITE,2021-01-29 14:13:26
AROGRANITE,2021-06-25 14:34:46
AROGRANITE,2021-08-13 13:56:02
AROGRANITE,2021-10-29 14:29:23
AROGRANITE,2022-01-28 13:27:30
AROGRANITE,2022-04-29 15:09:01
AROGRANITE,2023-02-01 14:25:44
AROGRANITE,2023-05-19 15:25:32
AROGRANITE,2023-08-04 15:27:04
AROGRANITE,2023-10-31 13:37:08
AROGRANITE,2024-02-02 13:10:57
AROGRANITE,2024-04-23 14:24:04
AROGRANITE,2024-07-26 13:38:45
AROGRANITE,2024-11-14 13:23:25
AROGRANITE,2025-02-04 13:31:42
ARROWGREEN,2021-02-11 17:01:06
ARROWGREEN,2021-06-24 18:26:43
ARROWGREEN,2021-08-14 16:30:04
ARROWGREEN,2021-11-01 19:32:00
ARROWGREEN,2022-02-14 16:49:59
ARROWGREEN,2022-05-28 16:54:47
ARROWGREEN,2023-02-13 17:41:07
ARROWGREEN,2023-05-27 16:15:24
ARROWGREEN,2023-08-12 17:05:59
ARROWGREEN,2023-11-09 18:07:52
ARROWGREEN,2024-02-13 18:16:31
ARROWGREEN,2024-05-25 18:07:24
ARROWGREEN,2024-08-03 18:17:16
ARROWGREEN,2024-10-28 13:55:50
ARROWGREEN,2025-02-08 15:51:31
ARSHIYA,2021-02-10 17:59:18
ARSHIYA,2021-06-30 20:13:42
ARSHIYA,2021-08-13 17:12:33
ARSHIYA,2021-11-13 17:26:27
ARSHIYA,2022-02-14 16:35:00
ARSHIYA,2022-05-30 22:50:53
ARSHIYA,2023-02-14 18:23:53
ARSHIYA,2023-05-30 23:39:54
ARSHIYA,2023-08-14 17:05:20
ARSHIYA,2023-11-09 18:01:08
ARSHIYA,2024-02-21 18:26:05
ARSHIYA,2024-09-27 23:18:44
ARSSINFRA,2021-01-22 17:25:12
ARSSINFRA,2021-08-21 17:07:03
ARSSINFRA,2021-08-26 18:37:37
ARSSINFRA,2021-09-15 16:10:49
ARSSINFRA,2021-11-12 18:56:21
ARSSINFRA,2021-12-20 17:50:18
ARSSINFRA,2021-12-22 18:15:37
ARSSINFRA,2022-02-14 19:25:30
ARSSINFRA,2022-05-27 19:09:55
ARSSINFRA,2023-02-14 19:04:53
ARSSINFRA,2023-05-24 18:29:44
ARSSINFRA,2023-08-11 19:17:14
ARSSINFRA,2023-11-14 18:06:13
ARSSINFRA,2024-02-09 18:17:17
ARSSINFRA,2024-08-10 21:21:38
ARSSINFRA,2024-08-13 17:22:13
ARSSINFRA,2024-11-14 18:26:21
ARSSINFRA,2025-02-14 16:53:15
ARTEMISMED,2021-02-04 18:04:28
ARTEMISMED,2021-05-10 18:10:00
ARTEMISMED,2021-05-11 15:21:22
ARTEMISMED,2021-08-05 17:04:43
ARTEMISMED,2021-10-26 17:00:26
ARTEMISMED,2022-02-01 17:39:44
ARTEMISMED,2022-05-11 18:48:20
ARTEMISMED,2023-02-01 13:53:50
ARTEMISMED,2023-05-05 18:35:48
ARTEMISMED,2023-08-08 16:25:22
ARTEMISMED,2023-11-08 18:05:01
ARTEMISMED,2024-02-05 17:18:22
ARTEMISMED,2024-05-10 18:36:28
ARTEMISMED,2024-08-08 15:52:01
ARTEMISMED,2024-11-14 18:51:04
ARTEMISMED,2025-02-05 13:36:56
ARTNIRMAN,2021-06-29 17:20:39
ARTNIRMAN,2021-11-13 18:43:14
ARTNIRMAN,2022-02-05 12:46:20
ARTNIRMAN,2022-02-14 14:12:25
ARTNIRMAN,2022-05-30 21:36:53
ARTNIRMAN,2023-02-14 18:15:17
ARTNIRMAN,2023-05-30 14:16:56
ARTNIRMAN,2023-08-14 17:22:25
ARTNIRMAN,2023-11-07 16:45:30
ARTNIRMAN,2024-02-13 16:47:33
ARTNIRMAN,2024-05-29 18:24:45
ARTNIRMAN,2024-08-14 17:01:59
ARTNIRMAN,2024-11-14 17:23:39
ARTNIRMAN,2025-02-12 17:18:04
ARVEE,2021-06-17 16:46:04
ARVEE,2021-07-17 17:21:13
ARVEE,2021-11-12 14:19:30
ARVEE,2022-02-08 15:22:00
ARVEE,2022-05-27 20:38:56
ARVEE,2023-02-02 13:03:32
ARVEE,2023-05-05 15:54:15
ARVEE,2023-08-11 15:42:31
ARVEE,2023-11-07 13:06:02
ARVEE,2024-02-13 16:18:55
ARVEE,2024-05-17 16:20:19
ARVEE,2024-08-13 12:59:52
ARVEE,2024-11-14 13:46:50
ARVEE,2025-02-12 12:54:50
ARVIND,2021-02-04 13:02:00
ARVIND,2021-05-26 13:55:21
ARVIND,2021-08-05 12:54:05
ARVIND,2021-10-27 12:40:38
ARVIND,2022-01-27 13:01:30
ARVIND,2022-05-18 13:58:44
ARVIND,2023-01-25 11:53:26
ARVIND,2023-05-18 14:08:55
ARVIND,2023-07-27 13:36:31
ARVIND,2023-10-31 12:38:40
ARVIND,2024-01-30 11:37:52
ARVIND,2024-05-06 13:00:15
ARVIND,2024-07-29 12:22:45
ARVIND,2024-10-28 12:54:25
ARVIND,2025-01-28 13:16:22
ARVINDFASN,2021-02-03 13:36:10
ARVINDFASN,2021-06-03 14:12:50
ARVINDFASN,2021-08-06 15:03:03
ARVINDFASN,2021-11-13 14:49:29
ARVINDFASN,2022-02-11 13:47:36
ARVINDFASN,2022-05-27 16:20:51
ARVINDFASN,2023-02-14 13:32:04
ARVINDFASN,2023-05-30 13:58:44
ARVINDFASN,2023-08-10 13:18:36
ARVINDFASN,2023-11-07 13:45:07
ARVINDFASN,2024-02-13 14:06:11
ARVINDFASN,2024-05-21 14:34:32
ARVINDFASN,2024-08-01 13:37:37
ARVINDFASN,2024-10-28 16:30:18
ARVINDFASN,2025-02-05 13:05:01
ARVINDPORT,2023-11-15 12:22:29
ARVINDPORT,2024-05-24 18:01:39
ARVINDPORT,2024-11-14 17:02:15
ARVSMART,2021-01-28 14:05:47
ARVSMART,2021-05-28 14:08:11
ARVSMART,2021-08-06 12:33:03
ARVSMART,2021-11-12 13:18:49
ARVSMART,2022-01-28 13:19:16
ARVSMART,2022-05-20 15:17:04
ARVSMART,2023-01-23 16:27:20
ARVSMART,2023-05-19 14:28:59
ARVSMART,2023-08-02 13:18:28
ARVSMART,2023-11-01 13:16:13
ARVSMART,2024-02-01 11:49:42
ARVSMART,2024-05-06 17:50:50
ARVSMART,2024-07-30 14:19:35
ARVSMART,2024-10-25 13:21:31
ARVSMART,2025-01-29 16:23:10
ASAHIINDIA,2021-02-10 11:19:48
ASAHIINDIA,2021-06-16 11:32:01
ASAHIINDIA,2021-07-30 11:25:53
ASAHIINDIA,2021-10-27 11:13:20
ASAHIINDIA,2022-01-28 21:55:48
ASAHIINDIA,2022-05-25 15:49:55
ASAHIINDIA,2023-01-25 12:03:49
ASAHIINDIA,2023-05-16 13:58:28
ASAHIINDIA,2023-07-31 15:30:24
ASAHIINDIA,2023-11-02 15:07:57
ASAHIINDIA,2024-01-25 14:02:34
ASAHIINDIA,2024-05-15 13:46:15
ASAHIINDIA,2024-07-31 14:04:26
ASAHIINDIA,2024-10-29 14:15:43
ASAHIINDIA,2025-01-29 13:35:47
ASAHISONG,2021-01-28 11:44:58
ASAHISONG,2021-06-04 15:54:56
ASAHISONG,2021-08-04 17:33:13
ASAHISONG,2021-08-05 19:30:40
ASAHISONG,2021-10-26 12:07:05
ASAHISONG,2022-02-03 12:30:54
ASAHISONG,2022-05-19 14:41:22
ASAHISONG,2023-02-14 14:36:28
ASAHISONG,2023-05-29 18:02:26
ASAHISONG,2023-08-14 14:30:13
ASAHISONG,2023-10-25 15:52:43
ASAHISONG,2024-01-30 16:47:40
ASAHISONG,2024-05-28 16:51:54
ASAHISONG,2024-07-27 16:19:06
ASAHISONG,2024-10-24 13:41:53
ASAHISONG,2025-01-30 12:37:40
ASAL,2021-01-28 18:10:00
ASAL,2021-04-26 13:56:32
ASAL,2021-07-24 14:12:34
ASAL,2021-10-23 18:30:53
ASAL,2022-01-25 15:09:53
ASAL,2022-04-25 17:25:40
ASAL,2023-01-25 18:29:29
ASAL,2023-04-29 09:52:36
ASAL,2023-08-01 18:38:31
ASAL,2023-10-26 18:55:39
ASAL,2024-01-25 13:40:54
ASAL,2024-05-06 19:27:29
ASAL,2024-08-06 17:57:06
ASAL,2024-10-25 18:24:55
ASAL,2025-01-25 17:24:16
ASALCBR,2021-02-13 18:03:02
ASALCBR,2021-02-15 12:29:20
ASALCBR,2021-05-11 14:24:30
ASALCBR,2021-05-28 17:53:06
ASALCBR,2021-05-29 19:36:09
ASALCBR,2021-08-06 11:19:51
ASALCBR,2021-08-13 18:06:15
ASALCBR,2021-08-14 13:24:50
ASALCBR,2021-11-13 17:54:11
ASALCBR,2021-11-15 13:52:55
ASALCBR,2022-02-12 17:57:54
ASALCBR,2022-02-14 12:06:26
ASALCBR,2022-05-25 17:58:58
ASALCBR,2023-02-14 16:54:33
ASALCBR,2023-05-09 17:56:46
ASALCBR,2023-08-10 16:29:07
ASALCBR,2023-11-08 16:01:44
ASALCBR,2024-01-25 17:30:32
ASALCBR,2024-05-02 19:01:48
ASALCBR,2024-07-27 17:26:49
ASALCBR,2024-10-24 19:46:07
ASALCBR,2025-01-24 18:07:39
ASCOM,2021-06-29 14:15:04
ASCOM,2021-11-11 12:51:27
ASCOM,2022-05-21 14:05:18
ASCOM,2023-05-10 17:02:43
ASCOM,2023-11-08 16:04:15
ASCOM,2024-04-30 16:42:01
ASCOM,2024-10-28 17:11:16
ASHALOG,2024-11-14 20:50:28
ASHAPURMIN,2021-02-12 10:25:53
ASHAPURMIN,2021-06-22 15:39:12
ASHAPURMIN,2021-08-12 16:49:20
ASHAPURMIN,2021-11-12 19:31:28
ASHAPURMIN,2021-11-12 19:32:49
ASHAPURMIN,2022-02-08 19:06:03
ASHAPURMIN,2022-02-08 19:07:28
ASHAPURMIN,2022-05-30 21:10:00
ASHAPURMIN,2023-02-09 16:33:41
ASHAPURMIN,2023-05-25 20:17:12
ASHAPURMIN,2023-08-10 18:39:08
ASHAPURMIN,2023-11-06 17:29:14
ASHAPURMIN,2024-02-14 15:36:38
ASHAPURMIN,2024-05-29 19:04:31
ASHAPURMIN,2024-08-13 19:50:38
ASHAPURMIN,2024-11-14 17:45:01
ASHAPURMIN,2025-02-14 20:13:27
ASHIANA,2021-02-12 15:28:40
ASHIANA,2021-06-26 18:42:28
ASHIANA,2021-08-11 17:15:07
ASHIANA,2021-11-12 18:18:13
ASHIANA,2022-02-14 17:20:38
ASHIANA,2022-05-27 20:00:55
ASHIANA,2023-02-14 18:22:47
ASHIANA,2023-05-30 18:39:19
ASHIANA,2023-08-08 17:19:09
ASHIANA,2023-11-10 15:30:02
ASHIANA,2024-02-12 17:19:24
ASHIANA,2024-05-28 18:25:47
ASHIANA,2024-08-12 22:00:58
ASHIANA,2024-11-13 19:46:21
ASHIANA,2025-02-11 20:23:24
ASHIMASYN,2021-02-06 11:58:55
ASHIMASYN,2021-06-07 10:50:47
ASHIMASYN,2021-08-07 12:15:19
ASHIMASYN,2021-10-26 12:19:18
ASHIMASYN,2022-02-05 13:22:59
ASHIMASYN,2022-05-14 13:43:16
ASHIMASYN,2023-02-03 17:34:40
ASHIMASYN,2023-05-16 12:59:37
ASHIMASYN,2023-07-26 13:06:33
ASHIMASYN,2023-11-02 12:40:04
ASHIMASYN,2024-02-08 13:13:44
ASHIMASYN,2024-05-25 13:04:57
ASHIMASYN,2024-08-08 12:39:04
ASHIMASYN,2024-11-13 12:59:08
ASHIMASYN,2025-02-13 12:51:23
ASHOKA,2021-02-05 16:25:55
ASHOKA,2021-06-18 17:18:57
ASHOKA,2021-08-10 14:48:09
ASHOKA,2021-11-13 17:15:03
ASHOKA,2022-02-12 17:12:13
ASHOKA,2022-05-25 22:26:24
ASHOKA,2023-02-10 18:14:22
ASHOKA,2023-05-24 23:54:09
ASHOKA,2023-08-10 16:59:22
ASHOKA,2023-11-08 19:35:18
ASHOKA,2024-02-07 18:17:27
ASHOKA,2024-05-22 23:14:00
ASHOKA,2024-08-13 18:32:43
ASHOKA,2024-11-12 18:13:26
ASHOKA,2025-02-10 17:53:59
ASHOKAMET,2023-08-11 19:20:03
ASHOKAMET,2023-11-08 17:55:11
ASHOKAMET,2024-02-09 15:44:45
ASHOKAMET,2024-05-28 18:45:50
ASHOKAMET,2024-08-12 18:32:29
ASHOKAMET,2024-10-10 17:38:10
ASHOKAMET,2025-02-13 15:54:03
ASHOKLEY,2021-02-11 18:18:01
ASHOKLEY,2021-06-24 22:01:27
ASHOKLEY,2021-08-12 17:48:11
ASHOKLEY,2021-11-12 19:28:56
ASHOKLEY,2022-02-11 19:01:36
ASHOKLEY,2022-05-19 16:24:15
ASHOKLEY,2023-02-01 19:54:06
ASHOKLEY,2023-05-23 15:47:35
ASHOKLEY,2023-07-21 11:05:43
ASHOKLEY,2023-11-09 14:58:56
ASHOKLEY,2024-02-05 19:16:33
ASHOKLEY,2024-05-24 13:57:57
ASHOKLEY,2024-07-25 12:58:20
ASHOKLEY,2024-11-08 13:08:09
ASHOKLEY,2025-02-12 13:34:22
ASIANENE,2022-02-14 14:45:32
ASIANENE,2022-02-14 16:58:40
ASIANENE,2022-05-27 15:11:57
ASIANENE,2023-02-09 11:02:53
ASIANENE,2023-05-24 19:36:39
ASIANENE,2023-08-07 17:52:54
ASIANENE,2023-11-06 17:51:38
ASIANENE,2024-01-29 17:46:04
ASIANENE,2024-05-03 16:34:23
ASIANENE,2024-08-12 18:09:33
ASIANENE,2024-11-12 17:07:17
ASIANENE,2025-02-12 18:15:32
ASIANHOTNR,2021-02-13 12:40:59
ASIANHOTNR,2021-07-05 14:48:37
ASIANHOTNR,2021-08-11 19:00:03
ASIANHOTNR,2021-11-12 13:27:12
ASIANHOTNR,2022-02-12 16:40:20
ASIANHOTNR,2022-05-28 13:31:12
ASIANHOTNR,2023-02-10 20:30:55
ASIANHOTNR,2023-05-29 17:22:20
ASIANHOTNR,2023-08-10 16:27:40
ASIANHOTNR,2023-11-09 12:48:59
ASIANHOTNR,2024-02-08 16:36:59
ASIANHOTNR,2024-05-29 15:09:40
ASIANHOTNR,2024-08-12 19:22:00
ASIANHOTNR,2024-11-11 20:17:18
ASIANHOTNR,2025-02-13 19:58:49
ASIANPAINT,2021-01-21 14:25:15
ASIANPAINT,2021-05-12 15:12:41
ASIANPAINT,2021-05-12 20:17:39
ASIANPAINT,2021-07-20 13:56:12
ASIANPAINT,2021-10-21 13:42:37
ASIANPAINT,2022-01-20 13:47:59
ASIANPAINT,2022-05-10 22:36:16
ASIANPAINT,2023-01-19 13:44:47
ASIANPAINT,2023-05-11 14:03:04
ASIANPAINT,2023-07-25 13:24:09
ASIANPAINT,2023-10-26 13:45:32
ASIANPAINT,2024-01-17 14:46:56
ASIANPAINT,2024-05-09 13:42:43
ASIANPAINT,2024-07-17 14:16:21
ASIANPAINT,2024-11-09 14:41:00
ASIANPAINT,2025-02-04 14:08:19
ASIANTILES,2021-02-10 14:56:31
ASIANTILES,2021-05-31 18:40:35
ASIANTILES,2021-08-06 15:05:25
ASIANTILES,2021-11-12 18:20:19
ASIANTILES,2022-02-11 13:51:38
ASIANTILES,2022-05-24 19:18:22
ASIANTILES,2023-02-02 19:29:17
ASIANTILES,2023-05-24 18:27:41
ASIANTILES,2023-08-12 16:52:16
ASIANTILES,2023-11-08 17:57:34
ASIANTILES,2024-01-30 14:40:15
ASIANTILES,2024-05-23 14:20:51
ASIANTILES,2024-08-06 16:35:45
ASIANTILES,2024-11-14 18:02:11
ASIANTILES,2025-02-07 14:52:54
ASIL,2021-02-13 19:19:17
ASIL,2021-06-29 21:18:01
ASIL,2021-08-13 18:08:38
ASIL,2021-11-13 18:20:34
ASIL,2022-02-10 18:12:54
ASIL,2022-05-31 16:12:09
ASIL,2023-02-14 19:14:17
ASIL,2023-05-30 22:11:38
ASIL,2023-08-14 19:59:41
ASIL,2023-11-10 21:10:31
ASIL,2024-02-14 18:16:37
ASIL,2024-05-31 21:38:34
ASIL,2024-08-14 20:15:38
ASIL,2024-11-14 19:00:57
ASIL,2025-02-14 21:57:10
ASKAUTOLTD,2023-12-02 15:25:43
ASKAUTOLTD,2024-02-05 15:49:46
ASKAUTOLTD,2024-05-18 16:52:18
ASKAUTOLTD,2024-07-29 14:42:15
ASKAUTOLTD,2024-10-30 11:06:14
ASKAUTOLTD,2025-01-29 16:00:51
ASMS,2023-05-31 16:53:45
ASMS,2023-08-14 21:51:48
ASMS,2023-11-14 19:19:24
ASMS,2024-02-13 19:57:22
ASMS,2024-05-27 12:25:11
ASMS,2024-08-14 12:35:12
ASMS,2024-11-13 13:52:53
ASMS,2025-02-13 18:11:43
ASPINWALL,2021-02-08 14:44:35
ASPINWALL,2021-06-17 16:00:09
ASPINWALL,2021-08-06 14:26:05
ASPINWALL,2021-11-08 14:51:45
ASPINWALL,2022-02-03 14:12:00
ASPINWALL,2022-05-16 15:11:06
ASPINWALL,2023-02-07 16:05:43
ASPINWALL,2023-05-23 15:46:19
ASPINWALL,2023-08-02 14:45:49
ASPINWALL,2023-11-02 15:11:58
ASPINWALL,2024-02-05 15:29:21
ASPINWALL,2024-05-29 15:54:45
ASPINWALL,2024-08-09 15:44:04
ASPINWALL,2024-11-11 16:25:36
ASPINWALL,2025-02-03 17:08:09
ASPIRE,2024-05-30 21:10:33
ASPIRE,2024-11-12 19:46:33
ASTEC,2021-01-25 16:23:28
ASTEC,2021-01-25 16:32:31
ASTEC,2021-04-30 21:00:12
ASTEC,2021-07-28 16:01:07
ASTEC,2021-07-28 16:14:16
ASTEC,2021-08-03 19:51:22
ASTEC,2021-10-27 16:33:17
ASTEC,2021-10-27 16:38:59
ASTEC,2022-01-25 16:29:26
ASTEC,2022-01-25 16:42:29
ASTEC,2022-05-02 17:20:13
ASTEC,2023-01-30 17:12:51
ASTEC,2023-05-02 17:50:54
ASTEC,2023-07-27 15:13:59
ASTEC,2023-10-27 17:05:53
ASTEC,2024-01-25 16:45:14
ASTEC,2024-05-02 16:29:16
ASTEC,2024-07-29 15:23:00
ASTEC,2024-10-25 18:04:55
ASTEC,2025-01-27 17:47:47
ASTERDM,2021-02-09 18:08:16
ASTERDM,2021-06-22 22:43:44
ASTERDM,2021-08-11 20:24:38
ASTERDM,2021-11-11 15:44:43
ASTERDM,2022-02-08 16:47:28
ASTERDM,2022-05-25 10:05:50
ASTERDM,2023-02-14 21:04:46
ASTERDM,2023-05-25 21:31:41
ASTERDM,2023-08-14 17:15:51
ASTERDM,2023-11-15 00:13:04
ASTERDM,2024-02-08 19:13:58
ASTERDM,2024-05-28 21:37:02
ASTERDM,2024-07-31 20:08:30
ASTERDM,2024-10-23 22:07:41
ASTERDM,2025-01-31 18:45:21
ASTRAL,2021-02-03 15:40:55
ASTRAL,2021-05-18 16:13:08
ASTRAL,2021-08-06 15:48:11
ASTRAL,2021-11-11 15:39:31
ASTRAL,2022-02-04 15:42:37
ASTRAL,2022-05-27 16:20:20
ASTRAL,2023-02-07 17:36:54
ASTRAL,2023-05-15 17:37:40
ASTRAL,2023-08-11 16:24:12
ASTRAL,2023-10-18 16:05:22
ASTRAL,2024-01-30 15:54:30
ASTRAL,2024-05-17 17:42:40
ASTRAL,2024-08-08 15:53:05
ASTRAL,2024-11-07 16:26:20
ASTRAL,2025-01-30 16:18:21
ASTRAMICRO,2021-02-10 15:48:10
ASTRAMICRO,2021-05-26 15:48:34
ASTRAMICRO,2021-08-13 15:44:35
ASTRAMICRO,2021-11-10 14:14:03
ASTRAMICRO,2022-02-14 15:14:02
ASTRAMICRO,2022-05-25 16:13:06
ASTRAMICRO,2023-02-10 13:08:26
ASTRAMICRO,2023-05-26 15:16:09
ASTRAMICRO,2023-08-14 15:20:57
ASTRAMICRO,2023-11-14 15:22:44
ASTRAMICRO,2024-02-08 18:49:12
ASTRAMICRO,2024-05-24 16:03:56
ASTRAMICRO,2024-08-13 15:26:32
ASTRAMICRO,2024-11-12 17:24:54
ASTRAMICRO,2025-02-07 18:06:50
ASTRAZEN,2021-02-08 18:09:12
ASTRAZEN,2021-05-25 16:30:11
ASTRAZEN,2021-08-09 14:09:44
ASTRAZEN,2021-11-09 17:27:15
ASTRAZEN,2022-02-08 18:09:04
ASTRAZEN,2022-05-26 17:38:15
ASTRAZEN,2023-02-10 17:27:42
ASTRAZEN,2023-05-30 16:49:08
ASTRAZEN,2023-05-30 16:53:59
ASTRAZEN,2023-08-14 13:57:07
ASTRAZEN,2023-11-09 17:14:50
ASTRAZEN,2024-02-08 18:19:17
ASTRAZEN,2024-05-27 17:42:03
ASTRAZEN,2024-08-08 14:42:44
ASTRAZEN,2024-11-13 16:30:54
ASTRAZEN,2025-02-11 19:12:36
ASTRON,2021-02-09 12:38:33
ASTRON,2021-05-31 13:11:47
ASTRON,2021-07-19 18:20:21
ASTRON,2021-11-13 13:56:18
ASTRON,2022-02-14 16:06:52
ASTRON,2022-06-11 13:50:02
ASTRON,2023-02-14 14:58:32
ASTRON,2023-05-28 13:23:36
ASTRON,2023-08-12 16:47:55
ASTRON,2023-11-09 17:12:08
ASTRON,2024-02-09 17:08:46
ASTRON,2024-05-29 20:16:03
ASTRON,2024-08-14 18:21:21
ASTRON,2024-11-08 22:34:01
ASTRON,2025-02-17 16:37:06
ATALREAL,2021-06-29 22:05:15
ATALREAL,2021-11-13 16:29:04
ATALREAL,2022-05-30 22:16:16
ATALREAL,2023-05-30 22:54:22
ATALREAL,2023-08-14 23:24:38
ATALREAL,2023-11-12 18:26:17
ATALREAL,2024-02-06 16:50:51
ATALREAL,2024-05-25 20:02:57
ATALREAL,2024-08-14 20:19:21
ATALREAL,2024-11-14 20:18:46
ATALREAL,2025-02-13 20:23:18
ATAM,2023-05-11 18:31:53
ATAM,2023-05-11 19:06:26
ATAM,2023-05-12 15:37:15
ATAM,2023-08-14 15:36:58
ATAM,2023-11-14 12:10:24
ATAM,2024-02-13 14:06:10
ATAM,2024-04-15 18:40:50
ATAM,2024-07-15 16:00:47
ATAM,2024-11-08 15:22:07
ATAM,2025-01-30 14:07:59
ATCOM,2021-02-12 19:44:22
ATCOM,2021-06-23 14:00:06
ATCOM,2021-06-30 21:16:53
ATCOM,2021-08-13 18:11:38
ATCOM,2021-11-13 17:31:13
ATCOM,2022-02-14 19:08:23
ATCOM,2022-05-30 18:40:33
ATCOM,2022-05-30 20:34:30
ATCOM,2023-02-14 18:03:33
ATCOM,2023-05-30 18:52:08
ATCOM,2023-08-11 14:32:51
ATCOM,2023-11-10 18:28:36
ATCOM,2024-02-08 16:09:10
ATCOM,2024-05-29 17:48:41
ATCOM,2024-08-13 16:47:35
ATCOM,2024-11-13 17:41:43
ATCOM,2025-02-10 17:52:57
ATGL,2021-02-03 14:33:08
ATGL,2021-05-04 17:16:42
ATGL,2021-08-04 18:03:48
ATGL,2021-10-28 17:51:43
ATGL,2022-02-02 18:13:39
ATGL,2022-05-04 18:02:53
ATGL,2023-02-09 16:19:08
ATGL,2023-05-02 14:47:23
ATGL,2023-08-01 14:26:10
ATGL,2023-10-31 16:23:12
ATGL,2024-01-30 14:36:34
ATGL,2024-04-30 17:36:50
ATGL,2024-07-29 13:54:43
ATGL,2024-10-24 14:48:30
ATGL,2025-01-27 14:22:41
ATL,2023-09-08 11:35:22
ATL,2023-11-06 20:24:37
ATL,2024-02-01 16:15:05
ATL,2024-05-17 23:35:52
ATL,2024-08-01 19:17:36
ATL,2024-10-29 21:27:51
ATL,2025-02-10 18:32:07
ATLANTAA,2021-02-12 14:10:54
ATLANTAA,2021-07-30 16:41:17
ATLANTAA,2021-08-14 14:49:18
ATLANTAA,2021-11-12 16:11:31
ATLANTAA,2022-02-14 16:45:00
ATLANTAA,2022-05-31 12:46:06
ATLANTAA,2023-02-11 18:51:10
ATLANTAA,2023-05-22 17:44:07
ATLANTAA,2023-08-10 17:03:30
ATLANTAA,2023-11-06 17:36:06
ATLANTAA,2024-02-09 15:51:52
ATLANTAA,2024-05-25 18:34:14
ATLANTAA,2024-05-26 18:24:32
ATLANTAA,2024-05-28 17:09:39
ATLANTAA,2024-08-14 16:07:27
ATLANTAA,2024-11-14 18:05:21
ATLANTAA,2025-02-12 15:57:57
ATLASCYCLE,2021-09-12 21:36:07
ATLASCYCLE,2021-09-14 22:38:51
ATLASCYCLE,2023-05-25 00:32:24
ATLASCYCLE,2023-05-25 00:35:42
ATLASCYCLE,2023-05-25 00:38:17
ATLASCYCLE,2023-05-25 00:41:23
ATLASCYCLE,2023-06-09 01:04:41
ATLASCYCLE,2023-06-09 01:07:56
ATLASCYCLE,2023-06-09 01:11:03
ATLASCYCLE,2023-06-09 01:19:15
ATLASCYCLE,2023-08-12 23:49:25
ATLASCYCLE,2023-08-12 23:51:29
ATLASCYCLE,2023-08-12 23:52:56
ATLASCYCLE,2023-08-12 23:55:07
ATLASCYCLE,2023-08-12 23:56:44
ATLASCYCLE,2023-11-10 16:10:58
ATLASCYCLE,2024-02-10 17:42:46
ATLASCYCLE,2024-05-29 17:27:54
ATLASCYCLE,2024-07-05 16:23:36
ATLASCYCLE,2024-10-29 15:26:25
ATLASCYCLE,2025-01-17 12:42:52
ATMASTCO,2024-05-29 23:06:06
ATMASTCO,2024-11-15 00:00:41
ATNINTER,2021-02-12 19:41:54
ATNINTER,2021-06-23 16:20:27
ATNINTER,2021-08-12 16:06:43
ATNINTER,2021-11-11 16:46:22
ATNINTER,2022-02-12 15:35:54
ATNINTER,2022-05-28 16:16:19
ATNINTER,2023-02-15 16:15:12
ATNINTER,2023-05-29 17:36:36
ATNINTER,2023-08-11 17:15:38
ATNINTER,2023-11-08 15:37:04
ATNINTER,2024-02-12 13:32:39
ATNINTER,2024-05-27 18:34:12
ATNINTER,2024-08-16 19:38:19
ATNINTER,2024-11-07 22:03:52
ATNINTER,2025-02-13 14:21:45
ATUL,2021-01-29 13:51:44
ATUL,2021-04-30 14:04:58
ATUL,2021-07-23 13:42:54
ATUL,2021-10-29 13:10:07
ATUL,2022-01-28 13:40:38
ATUL,2022-04-26 14:04:54
ATUL,2023-01-20 13:47:46
ATUL,2023-04-28 13:59:44
ATUL,2023-07-21 13:28:56
ATUL,2023-10-20 13:39:58
ATUL,2024-01-19 13:09:20
ATUL,2024-04-26 14:29:02
ATUL,2024-07-19 14:19:18
ATUL,2024-10-25 13:24:42
ATUL,2025-01-24 14:36:22
ATULAUTO,2021-02-11 18:54:30
ATULAUTO,2021-06-25 20:40:05
ATULAUTO,2021-08-07 16:48:24
ATULAUTO,2021-11-13 18:29:54
ATULAUTO,2022-02-12 20:44:35
ATULAUTO,2022-05-27 19:22:15
ATULAUTO,2023-02-04 17:39:06
ATULAUTO,2023-05-20 18:00:57
ATULAUTO,2023-08-11 15:29:23
ATULAUTO,2023-11-07 15:10:41
ATULAUTO,2024-01-31 14:01:25
ATULAUTO,2024-05-17 15:51:33
ATULAUTO,2024-08-10 14:09:02
ATULAUTO,2024-11-09 13:22:02
ATULAUTO,2025-02-08 12:49:42
AUBANK,2021-01-28 16:51:51
AUBANK,2021-04-29 20:31:26
AUBANK,2021-08-06 14:24:49
AUBANK,2021-10-28 18:38:45
AUBANK,2022-01-28 16:14:52
AUBANK,2022-04-27 11:02:21
AUBANK,2023-01-19 16:08:52
AUBANK,2023-04-25 16:43:28
AUBANK,2023-07-22 15:47:08
AUBANK,2023-10-28 14:22:08
AUBANK,2024-01-25 15:43:41
AUBANK,2024-04-24 16:02:00
AUBANK,2024-07-25 16:03:07
AUBANK,2024-10-23 15:37:21
AUBANK,2025-01-24 14:41:32
AURIGROW,2021-02-11 15:42:44
AURIGROW,2021-06-30 13:54:00
AURIGROW,2021-08-14 14:08:06
AURIGROW,2021-10-28 13:41:19
AURIGROW,2022-02-12 16:21:51
AURIGROW,2022-04-20 10:41:06
AURIGROW,2023-01-19 16:22:46
AURIGROW,2023-05-30 16:23:14
AURIGROW,2023-08-14 16:14:24
AURIGROW,2023-11-11 16:37:51
AURIGROW,2024-01-27 17:15:10
AURIGROW,2024-05-18 18:28:16
AURIGROW,2024-08-13 16:55:20
AURIGROW,2024-11-13 17:04:29
AURIGROW,2025-02-13 15:40:27
AURIONPRO,2021-02-05 12:50:42
AURIONPRO,2021-05-28 14:09:46
AURIONPRO,2021-07-23 21:42:12
AURIONPRO,2021-10-25 14:33:55
AURIONPRO,2022-01-27 13:29:48
AURIONPRO,2022-05-18 13:07:37
AURIONPRO,2023-01-24 14:37:57
AURIONPRO,2023-05-16 13:41:22
AURIONPRO,2023-07-25 13:52:44
AURIONPRO,2023-10-25 23:29:39
AURIONPRO,2024-02-05 13:12:37
AURIONPRO,2024-05-14 18:51:03
AURIONPRO,2024-07-24 13:49:22
AURIONPRO,2024-10-21 23:59:20
AURIONPRO,2025-01-27 22:36:57
AUROIMPEX,2023-06-01 11:02:34
AUROIMPEX,2023-06-01 11:07:25
AUROIMPEX,2023-11-10 21:14:02
AUROIMPEX,2024-05-30 20:37:04
AUROIMPEX,2024-11-14 20:50:28
AUROPHARMA,2021-02-10 19:00:31
AUROPHARMA,2021-05-31 13:35:33
AUROPHARMA,2021-05-31 17:53:31
AUROPHARMA,2021-08-12 19:40:04
AUROPHARMA,2021-11-08 19:33:37
AUROPHARMA,2022-02-09 17:52:39
AUROPHARMA,2022-05-31 17:27:12
AUROPHARMA,2023-02-09 18:47:57
AUROPHARMA,2023-05-27 19:22:02
AUROPHARMA,2023-08-12 18:09:53
AUROPHARMA,2023-11-09 20:05:26
AUROPHARMA,2024-02-10 17:38:45
AUROPHARMA,2024-05-25 18:55:19
AUROPHARMA,2024-08-10 18:29:05
AUROPHARMA,2024-11-09 18:54:11
AUROPHARMA,2025-02-06 19:51:08
AURUM,2021-01-18 11:47:05
AURUM,2021-01-19 10:41:04
AURUM,2021-04-21 21:41:11
AURUM,2021-07-23 18:09:11
AURUM,2021-10-30 14:36:40
AURUM,2022-02-07 17:04:34
AURUM,2022-05-26 15:38:49
AURUM,2023-01-18 14:24:06
AURUM,2023-04-27 12:39:41
AURUM,2023-07-18 16:49:59
AURUM,2023-10-23 19:11:39
AURUM,2024-01-18 15:20:03
AURUM,2024-04-29 16:13:37
AURUM,2024-07-19 15:49:32
AURUM,2024-10-21 17:53:19
AURUM,2025-01-20 17:37:03
AURUS,2021-02-13 20:26:35
AURUS,2021-06-30 21:04:57
AURUS,2021-08-14 19:28:03
AURUS,2021-11-13 17:58:26
AURUS,2022-02-12 22:33:39
AURUS,2022-06-01 16:43:55
AURUS,2023-02-14 19:48:20
AURUS,2023-05-30 20:41:11
AURUS,2023-06-01 20:33:54
AURUS,2023-08-14 18:18:38
AURUS,2023-11-06 18:33:44
AURUS,2024-02-12 18:09:47
AURUS,2024-05-28 21:35:48
AURUS,2024-08-14 20:06:06
AURUS,2024-11-14 19:36:29
AURUS,2025-02-13 17:53:27
AUSL,2024-11-14 15:39:30
AUSOMENT,2021-02-09 15:40:38
AUSOMENT,2021-06-29 17:07:20
AUSOMENT,2021-08-12 17:01:19
AUSOMENT,2021-11-02 15:08:20
AUSOMENT,2022-02-03 16:59:40
AUSOMENT,2022-05-25 18:41:55
AUSOMENT,2023-02-10 16:11:18
AUSOMENT,2023-05-29 17:02:43
AUSOMENT,2023-08-09 16:46:01
AUSOMENT,2023-11-07 15:15:26
AUSOMENT,2024-01-24 15:45:11
AUSOMENT,2024-05-21 17:31:50
AUSOMENT,2024-08-08 16:33:42
AUSOMENT,2024-10-25 18:19:41
AUSOMENT,2025-02-13 16:43:33
AUTOAXLES,2021-02-05 18:01:27
AUTOAXLES,2021-05-14 18:36:19
AUTOAXLES,2021-08-09 16:23:38
AUTOAXLES,2021-11-08 14:42:44
AUTOAXLES,2022-02-04 17:33:39
AUTOAXLES,2022-02-05 10:38:45
AUTOAXLES,2022-05-17 14:09:30
AUTOAXLES,2023-01-31 14:06:06
AUTOAXLES,2023-05-16 18:22:55
AUTOAXLES,2023-08-04 12:57:44
AUTOAXLES,2023-11-08 13:27:55
AUTOAXLES,2024-01-31 14:21:15
AUTOAXLES,2024-05-27 18:42:50
AUTOAXLES,2024-08-07 13:52:19
AUTOAXLES,2024-10-30 18:06:25
AUTOAXLES,2025-02-04 14:06:49
AUTOIND,2021-01-30 16:59:17
AUTOIND,2021-06-28 18:44:05
AUTOIND,2021-06-28 18:45:33
AUTOIND,2021-08-13 15:17:06
AUTOIND,2021-08-13 15:25:25
AUTOIND,2021-10-30 15:12:40
AUTOIND,2022-02-12 17:36:32
AUTOIND,2022-02-12 17:40:18
AUTOIND,2022-05-28 14:32:57
AUTOIND,2023-02-09 15:03:59
AUTOIND,2023-05-18 19:33:10
AUTOIND,2023-08-13 17:08:21
AUTOIND,2023-11-08 16:14:33
AUTOIND,2024-02-10 17:44:04
AUTOIND,2024-05-25 20:15:19
AUTOIND,2024-08-10 16:46:01
AUTOIND,2024-11-12 22:08:32
AUTOIND,2025-02-08 17:50:41
AUTOLITIND,2021-03-11 16:29:16
AUTOLITIND,2021-03-17 21:42:59
AUTOLITIND,2021-03-17 21:58:22
AUTOLITIND,2021-04-06 12:25:44
AUTOLITIND,2022-06-24 18:04:32
AUTORIDFIN,2021-02-10 18:58:42
AVADHSUGAR,2021-02-08 14:28:21
AVADHSUGAR,2021-05-12 18:21:18
AVADHSUGAR,2021-08-02 13:45:20
AVADHSUGAR,2021-11-10 13:17:55
AVADHSUGAR,2022-02-02 13:35:31
AVADHSUGAR,2022-02-02 16:05:55
AVADHSUGAR,2022-05-10 14:26:14
AVADHSUGAR,2023-02-06 18:31:28
AVADHSUGAR,2023-05-08 14:44:12
AVADHSUGAR,2023-08-03 13:51:20
AVADHSUGAR,2023-11-08 13:32:47
AVADHSUGAR,2024-02-12 13:34:57
AVADHSUGAR,2024-05-13 14:48:22
AVADHSUGAR,2024-08-12 13:45:10
AVADHSUGAR,2024-11-12 14:41:05
AVADHSUGAR,2025-02-10 14:24:32
AVALON,2023-05-26 21:34:43
AVALON,2023-06-06 16:40:59
AVALON,2023-08-10 21:43:53
AVALON,2023-11-08 21:30:06
AVALON,2024-02-01 20:40:14
AVALON,2024-05-16 21:22:47
AVALON,2024-05-16 21:26:38
AVALON,2024-08-08 21:20:42
AVALON,2024-11-06 20:43:53
AVALON,2025-02-05 21:09:22
AVANTEL,2024-10-05 11:18:09
AVANTEL,2025-01-18 12:14:33
AVANTIFEED,2021-02-04 13:40:32
AVANTIFEED,2021-06-22 14:42:48
AVANTIFEED,2021-06-23 21:39:13
AVANTIFEED,2021-08-12 12:44:10
AVANTIFEED,2021-11-12 13:41:47
AVANTIFEED,2022-02-12 12:58:01
AVANTIFEED,2022-05-12 14:44:43
AVANTIFEED,2023-02-11 14:13:33
AVANTIFEED,2023-05-24 12:47:08
AVANTIFEED,2023-08-10 14:13:37
AVANTIFEED,2023-11-07 13:44:24
AVANTIFEED,2024-02-05 15:18:38
AVANTIFEED,2024-05-22 14:20:04
AVANTIFEED,2024-08-05 13:42:42
AVANTIFEED,2024-11-14 16:32:33
AVANTIFEED,2025-02-10 15:21:59
AVATAR,2021-06-16 14:42:54
AVATAR,2021-06-30 14:26:45
AVATAR,2021-06-30 14:27:50
AVATAR,2021-11-06 12:22:41
AVATAR,2021-11-12 18:31:37
AVATAR,2022-06-03 11:50:02
AVATAR,2023-05-30 19:57:49
AVATAR,2023-05-30 20:06:02
AVATAR,2023-11-08 17:08:47
AVATAR,2024-05-28 18:42:55
AVATAR,2024-05-28 18:44:55
AVATAR,2024-11-12 18:35:36
AVG,2021-01-13 19:14:26
AVG,2021-10-29 12:10:30
AVG,2022-03-09 16:42:14
AVG,2022-06-06 20:01:46
AVG,2023-06-03 20:55:04
AVG,2023-08-14 12:44:19
AVG,2023-11-10 17:20:59
AVG,2024-02-14 16:43:21
AVG,2024-05-29 15:08:06
AVG,2024-08-14 20:39:28
AVG,2024-11-14 15:24:55
AVG,2025-02-12 19:38:42
AVIANSH,2024-11-11 17:23:17
AVL,2024-11-12 15:16:39
AVL,2025-01-30 14:04:30
AVONMORE,2023-02-14 15:01:29
AVONMORE,2023-05-30 12:54:17
AVONMORE,2023-08-14 13:42:43
AVONMORE,2023-11-10 13:15:24
AVONMORE,2024-02-14 17:00:39
AVONMORE,2024-05-30 12:56:35
AVONMORE,2024-08-14 13:30:01
AVONMORE,2024-11-13 13:18:29
AVONMORE,2025-02-14 13:42:27
AVPINFRA,2024-05-29 19:00:09
AVPINFRA,2024-10-29 15:43:33
AVROIND,2021-06-28 15:10:05
AVROIND,2021-06-28 15:10:05
AVROIND,2021-06-28 15:11:50
AVROIND,2021-11-13 16:28:35
AVROIND,2021-11-13 16:35:20
AVROIND,2021-11-13 16:35:20
AVROIND,2022-05-10 15:26:57
AVROIND,2023-02-11 17:21:34
AVROIND,2023-05-23 18:35:41
AVROIND,2023-05-24 18:24:27
AVROIND,2023-08-10 17:33:15
AVROIND,2023-11-14 18:10:53
AVROIND,2024-02-12 17:35:49
AVROIND,2024-05-27 19:20:18
AVROIND,2024-08-14 18:03:44
AVROIND,2024-11-13 17:21:05
AVROIND,2025-02-14 17:10:20
AVSL,2021-06-30 17:12:27
AVSL,2021-11-13 12:58:41
AVSL,2021-11-13 13:01:18
AVSL,2022-05-30 11:48:14
AVSL,2023-05-30 20:18:44
AVSL,2023-11-10 16:25:36
AVSL,2024-05-30 23:25:33
AVSL,2024-11-14 16:35:59
AVTNPL,2021-02-10 14:59:20
AVTNPL,2021-06-30 13:16:38
AVTNPL,2021-08-12 12:19:57
AVTNPL,2021-11-10 17:33:53
AVTNPL,2022-02-09 13:49:03
AVTNPL,2022-05-30 13:58:27
AVTNPL,2023-02-13 13:21:54
AVTNPL,2023-05-30 13:30:17
AVTNPL,2023-08-11 13:22:01
AVTNPL,2023-11-10 12:53:48
AVTNPL,2024-02-14 14:29:18
AVTNPL,2024-05-29 13:11:08
AVTNPL,2024-08-09 12:07:18
AVTNPL,2024-11-12 17:42:43
AVTNPL,2025-02-12 17:34:14
AWFIS,2024-06-19 16:30:36
AWFIS,2024-06-21 15:04:35
AWFIS,2024-08-13 15:58:03
AWFIS,2024-11-11 16:37:00
AWFIS,2025-02-11 19:38:04
AWHCL,2021-02-10 19:04:25
AWHCL,2021-06-25 17:56:43
AWHCL,2021-08-11 17:30:27
AWHCL,2021-08-11 17:48:43
AWHCL,2021-08-11 17:59:38
AWHCL,2021-11-12 16:42:00
AWHCL,2022-02-04 12:23:27
AWHCL,2022-05-26 17:30:16
AWHCL,2023-02-08 17:09:38
AWHCL,2023-05-24 11:45:12
AWHCL,2023-08-11 16:57:23
AWHCL,2023-11-09 16:26:33
AWHCL,2024-02-13 17:02:33
AWHCL,2024-05-24 19:09:11
AWHCL,2024-08-08 16:25:25
AWHCL,2024-11-09 16:27:39
AWHCL,2025-02-14 16:40:19
AWL,2022-02-14 13:13:10
AWL,2022-05-02 15:32:46
AWL,2023-02-08 14:50:17
AWL,2023-05-03 12:25:14
AWL,2023-08-02 22:36:10
AWL,2023-11-01 12:10:42
AWL,2024-01-31 13:43:21
AWL,2024-05-01 14:38:04
AWL,2024-07-29 12:08:51
AWL,2024-10-24 14:39:24
AWL,2025-01-27 13:08:12
AXISBANK,2021-01-27 16:41:26
AXISBANK,2021-04-27 16:47:20
AXISBANK,2021-07-26 17:22:09
AXISBANK,2021-10-26 16:36:57
AXISBANK,2022-01-24 16:40:41
AXISBANK,2022-04-28 16:53:24
AXISBANK,2023-01-23 15:55:39
AXISBANK,2023-04-27 16:06:55
AXISBANK,2023-07-26 16:02:05
AXISBANK,2023-10-25 16:00:39
AXISBANK,2024-01-23 16:01:24
AXISBANK,2024-04-24 16:25:23
AXISBANK,2024-07-24 15:48:22
AXISBANK,2024-10-17 15:43:12
AXISBANK,2025-01-16 15:42:18
AXISCADES,2021-02-05 22:14:38
AXISCADES,2021-06-11 22:20:16
AXISCADES,2021-08-07 20:32:17
AXISCADES,2021-11-09 19:55:49
AXISCADES,2022-02-09 20:13:19
AXISCADES,2022-05-25 09:58:25
AXISCADES,2023-02-12 19:23:09
AXISCADES,2023-05-25 20:01:03
AXISCADES,2023-08-04 21:26:19
AXISCADES,2023-11-08 18:14:10
AXISCADES,2024-02-14 16:36:49
AXISCADES,2024-05-20 21:41:08
AXISCADES,2024-08-06 09:41:43
AXISCADES,2024-11-12 19:34:43
AXISCADES,2025-01-31 20:25:28
AXITA,2023-01-28 17:03:42
AXITA,2023-04-28 18:19:50
AXITA,2023-08-08 18:41:09
AXITA,2023-11-03 19:52:03
AXITA,2024-01-19 17:53:20
AXITA,2024-04-23 20:28:30
AXITA,2024-08-09 19:37:34
AXITA,2024-11-14 19:14:09
AXITA,2025-02-10 18:58:38
AYMSYNTEX,2021-01-30 15:29:19
AYMSYNTEX,2021-05-15 19:21:54
AYMSYNTEX,2021-07-31 13:56:18
AYMSYNTEX,2021-10-30 14:38:37
AYMSYNTEX,2021-10-31 12:17:06
AYMSYNTEX,2022-01-29 18:01:44
AYMSYNTEX,2022-01-30 10:40:23
AYMSYNTEX,2022-05-07 17:06:43
AYMSYNTEX,2023-02-04 14:49:58
AYMSYNTEX,2023-05-05 16:12:53
AYMSYNTEX,2023-08-10 15:33:38
AYMSYNTEX,2023-11-07 17:23:54
AYMSYNTEX,2024-02-05 18:28:00
AYMSYNTEX,2024-05-30 19:21:41
AYMSYNTEX,2024-08-10 14:57:47
AYMSYNTEX,2024-10-29 15:42:13
AYMSYNTEX,2025-02-06 15:59:20
AZAD,2024-02-06 16:17:34
AZAD,2024-05-21 17:58:59
AZAD,2024-08-08 16:56:49
AZAD,2024-11-11 17:42:01
AZAD,2025-02-04 18:58:30
BABAFP,2023-11-27 13:52:52
BABAFP,2024-02-28 17:34:49
BABAFP,2024-05-21 14:31:43
BABAFP,2024-11-12 13:44:11
BAFNAPH,2021-02-12 14:33:53
BAFNAPH,2021-02-15 17:32:34
BAFNAPH,2021-06-25 15:15:26
BAFNAPH,2021-06-25 15:26:17
BAFNAPH,2021-08-05 17:06:54
BAFNAPH,2021-11-12 14:23:03
BAFNAPH,2022-02-10 16:13:38
BAFNAPH,2022-05-27 12:14:45
BAFNAPH,2023-02-09 17:41:53
BAFNAPH,2023-05-27 16:05:55
BAFNAPH,2023-08-12 11:48:17
BAFNAPH,2023-11-09 16:59:31
BAFNAPH,2024-02-13 15:32:52
BAFNAPH,2024-05-29 19:14:25
BAFNAPH,2024-08-13 16:00:30
BAFNAPH,2024-11-11 16:52:45
BAFNAPH,2025-02-06 16:43:33
BAGFILMS,2021-02-11 19:38:17
BAGFILMS,2021-06-29 20:17:29
BAGFILMS,2021-08-13 18:36:41
BAGFILMS,2021-11-12 18:39:46
BAGFILMS,2022-02-14 19:06:48
BAGFILMS,2022-05-31 16:32:27
BAGFILMS,2023-02-10 19:10:59
BAGFILMS,2023-05-29 20:44:02
BAGFILMS,2023-08-08 19:30:25
BAGFILMS,2023-11-06 19:13:34
BAGFILMS,2024-02-12 19:14:49
BAGFILMS,2024-05-29 21:57:40
BAGFILMS,2024-08-12 19:03:49
BAGFILMS,2024-11-14 19:25:54
BAGFILMS,2025-02-12 20:21:07
BAHETI,2023-05-30 18:50:01
BAHETI,2023-11-10 17:07:18
BAHETI,2024-05-30 17:12:11
BAHETI,2024-10-29 14:00:55
BAIDFIN,2023-02-13 16:39:23
BAIDFIN,2023-05-19 17:43:52
BAIDFIN,2023-05-20 12:49:18
BAIDFIN,2023-08-04 15:22:34
BAIDFIN,2023-11-07 20:05:28
BAIDFIN,2024-02-09 18:34:04
BAIDFIN,2024-05-27 22:18:10
BAIDFIN,2024-08-13 17:13:08
BAIDFIN,2024-11-14 20:21:17
BAIDFIN,2025-02-11 18:17:30
BAJAJ-AUTO,2021-01-21 14:32:42
BAJAJ-AUTO,2021-04-29 17:16:46
BAJAJ-AUTO,2021-07-22 12:18:34
BAJAJ-AUTO,2021-10-27 17:50:41
BAJAJ-AUTO,2022-01-19 17:38:25
BAJAJ-AUTO,2022-04-27 17:23:26
BAJAJ-AUTO,2023-01-25 15:28:18
BAJAJ-AUTO,2023-04-25 17:21:03
BAJAJ-AUTO,2023-07-25 13:23:00
BAJAJ-AUTO,2023-10-18 16:49:19
BAJAJ-AUTO,2024-01-24 16:05:12
BAJAJ-AUTO,2024-04-18 16:42:32
BAJAJ-AUTO,2024-07-16 13:41:11
BAJAJ-AUTO,2024-10-16 16:27:09
BAJAJ-AUTO,2025-01-28 17:50:49
BAJAJCON,2021-02-03 14:36:34
BAJAJCON,2021-02-03 18:43:29
BAJAJCON,2021-04-19 15:11:43
BAJAJCON,2021-08-05 17:57:27
BAJAJCON,2021-11-01 18:16:49
BAJAJCON,2022-02-02 16:36:52
BAJAJCON,2022-05-06 16:57:22
BAJAJCON,2023-02-09 16:20:38
BAJAJCON,2023-05-03 16:05:10
BAJAJCON,2023-08-09 13:54:00
BAJAJCON,2023-11-09 11:14:47
BAJAJCON,2024-02-05 21:05:09
BAJAJCON,2024-05-08 16:25:49
BAJAJCON,2024-08-09 15:39:34
BAJAJCON,2024-11-12 15:03:53
BAJAJCON,2025-02-14 15:28:18
BAJAJELEC,2021-02-04 12:49:12
BAJAJELEC,2021-05-25 13:55:14
BAJAJELEC,2021-08-11 14:01:07
BAJAJELEC,2021-11-12 13:11:57
BAJAJELEC,2022-02-08 12:23:47
BAJAJELEC,2022-05-17 12:55:30
BAJAJELEC,2023-02-02 12:59:07
BAJAJELEC,2023-05-23 13:02:50
BAJAJELEC,2023-08-10 13:05:42
BAJAJELEC,2023-11-06 13:46:03
BAJAJELEC,2024-02-05 13:52:08
BAJAJELEC,2024-05-14 13:55:06
BAJAJELEC,2024-08-06 13:15:48
BAJAJELEC,2024-11-07 13:28:56
BAJAJELEC,2025-02-04 13:25:11
BAJAJFINSV,2021-01-20 17:44:49
BAJAJFINSV,2021-04-28 12:28:40
BAJAJFINSV,2021-04-28 13:38:59
BAJAJFINSV,2021-07-21 12:30:11
BAJAJFINSV,2021-10-28 12:40:45
BAJAJFINSV,2022-01-20 14:06:51
BAJAJFINSV,2022-04-28 13:44:17
BAJAJFINSV,2023-01-30 12:58:17
BAJAJFINSV,2023-04-27 13:24:01
BAJAJFINSV,2023-07-27 11:42:38
BAJAJFINSV,2023-10-27 13:11:28
BAJAJFINSV,2024-01-30 12:57:53
BAJAJFINSV,2024-04-26 14:03:24
BAJAJFINSV,2024-07-24 12:08:34
BAJAJFINSV,2024-10-23 13:31:31
BAJAJFINSV,2025-01-30 12:54:24
BAJAJHCARE,2022-01-28 14:39:08
BAJAJHCARE,2022-05-17 17:59:45
BAJAJHCARE,2023-02-13 17:43:52
BAJAJHCARE,2023-05-30 19:57:05
BAJAJHCARE,2023-08-14 18:33:28
BAJAJHCARE,2023-11-09 18:28:23
BAJAJHCARE,2024-02-09 20:00:00
BAJAJHCARE,2024-05-24 21:42:42
BAJAJHCARE,2024-08-14 19:02:19
BAJAJHCARE,2024-11-14 21:20:55
BAJAJHCARE,2025-02-11 17:59:36
BAJAJHFL,2024-10-21 17:14:55
BAJAJHFL,2025-01-27 17:53:35
BAJAJHIND,2021-02-11 13:06:25
BAJAJHIND,2021-06-08 13:49:16
BAJAJHIND,2021-08-13 13:15:47
BAJAJHIND,2021-11-11 13:57:27
BAJAJHIND,2022-02-11 13:34:17
BAJAJHIND,2022-05-20 13:46:18
BAJAJHIND,2023-02-13 12:46:06
BAJAJHIND,2023-05-29 13:06:40
BAJAJHIND,2023-07-31 13:01:37
BAJAJHIND,2023-11-09 12:48:24
BAJAJHIND,2024-02-09 12:44:30
BAJAJHIND,2024-05-10 13:10:17
BAJAJHIND,2024-08-12 13:50:02
BAJAJHIND,2024-11-08 13:04:13
BAJAJHIND,2025-02-12 12:59:57
BAJAJHLDNG,2021-01-21 16:18:09
BAJAJHLDNG,2021-04-29 16:46:36
BAJAJHLDNG,2021-07-22 16:08:47
BAJAJHLDNG,2021-10-28 15:32:08
BAJAJHLDNG,2022-01-20 16:28:54
BAJAJHLDNG,2022-04-28 18:09:22
BAJAJHLDNG,2023-01-30 16:06:10
BAJAJHLDNG,2023-04-27 17:26:22
BAJAJHLDNG,2023-07-27 16:15:11
BAJAJHLDNG,2023-10-27 15:57:25
BAJAJHLDNG,2024-01-30 16:08:47
BAJAJHLDNG,2024-04-26 17:35:20
BAJAJHLDNG,2024-07-24 16:23:53
BAJAJHLDNG,2024-10-23 15:54:45
BAJAJHLDNG,2025-01-30 17:12:32
BAJAJINDEF,2025-02-22 12:20:14
BAJEL,2024-01-09 13:00:45
BAJEL,2024-02-12 12:38:04
BAJEL,2024-05-23 13:55:35
BAJEL,2024-08-08 13:01:49
BAJEL,2024-11-14 13:36:06
BAJEL,2025-02-06 12:29:17
BAJFINANCE,2021-01-20 16:11:47
BAJFINANCE,2021-04-27 17:39:34
BAJFINANCE,2021-07-20 15:25:05
BAJFINANCE,2021-10-26 16:31:50
BAJFINANCE,2022-01-18 17:45:51
BAJFINANCE,2022-04-26 18:21:52
BAJFINANCE,2023-01-27 16:05:37
BAJFINANCE,2023-04-26 17:37:04
BAJFINANCE,2023-07-26 14:29:45
BAJFINANCE,2023-10-17 15:52:23
BAJFINANCE,2024-01-29 16:45:47
BAJFINANCE,2024-04-25 17:35:40
BAJFINANCE,2024-07-23 15:35:17
BAJFINANCE,2024-10-22 17:34:51
BAJFINANCE,2025-01-29 17:20:38
BALAJEE,2024-10-01 21:13:34
BALAJEE,2024-11-14 20:13:37
BALAJEE,2025-02-14 18:32:56
BALAJIPHOS,2025-03-31 19:24:24
BALAJITELE,2021-02-11 17:19:44
BALAJITELE,2021-06-18 18:43:40
BALAJITELE,2021-08-10 19:08:04
BALAJITELE,2021-11-09 17:48:23
BALAJITELE,2022-02-11 18:41:31
BALAJITELE,2022-05-20 19:20:58
BALAJITELE,2023-02-14 17:17:05
BALAJITELE,2023-05-30 21:52:27
BALAJITELE,2023-08-10 19:47:27
BALAJITELE,2023-11-09 21:17:21
BALAJITELE,2024-02-09 16:04:45
BALAJITELE,2024-05-30 23:21:30
BALAJITELE,2024-08-09 21:37:53
BALAJITELE,2024-11-14 21:21:02
BALAJITELE,2025-02-11 20:44:00
BALAMINES,2021-02-08 17:47:06
BALAMINES,2021-05-24 17:55:47
BALAMINES,2021-05-24 19:13:17
BALAMINES,2021-08-02 17:55:59
BALAMINES,2021-10-27 17:23:26
BALAMINES,2021-10-27 17:25:12
BALAMINES,2022-02-02 17:43:02
BALAMINES,2022-02-03 17:02:26
BALAMINES,2022-05-11 14:07:39
BALAMINES,2023-02-06 17:35:46
BALAMINES,2023-05-20 14:38:25
BALAMINES,2023-08-31 17:16:05
BALAMINES,2023-11-08 17:03:52
BALAMINES,2024-01-31 17:25:43
BALAMINES,2024-05-08 14:06:03
BALAMINES,2024-08-07 16:55:52
BALAMINES,2024-11-14 17:25:31
BALAMINES,2025-02-12 20:11:20
BALAXI,2021-01-19 14:31:44
BALAXI,2021-05-20 14:47:05
BALAXI,2021-07-17 13:09:24
BALAXI,2021-10-28 13:18:19
BALAXI,2022-02-09 13:34:19
BALAXI,2022-05-23 14:45:29
BALAXI,2023-02-01 13:43:40
BALAXI,2023-05-29 15:22:54
BALAXI,2023-08-03 14:21:11
BALAXI,2023-11-02 15:01:57
BALAXI,2024-02-09 13:15:38
BALAXI,2024-05-29 12:50:55
BALAXI,2024-08-02 13:04:18
BALAXI,2024-11-05 13:23:55
BALAXI,2025-02-10 14:38:18
BALCO,2024-11-08 17:28:04
BALCO,2024-11-14 16:38:07
BALKRISHNA,2021-02-06 17:37:23
BALKRISHNA,2021-06-04 18:28:52
BALKRISHNA,2021-08-07 16:43:38
BALKRISHNA,2021-11-13 17:09:10
BALKRISHNA,2022-02-12 17:03:28
BALKRISHNA,2022-05-24 14:46:06
BALKRISHNA,2023-02-14 17:38:12
BALKRISHNA,2023-05-08 18:17:12
BALKRISHNA,2023-08-14 18:27:41
BALKRISHNA,2023-11-02 21:39:11
BALKRISHNA,2024-02-10 17:15:30
BALKRISHNA,2024-05-13 18:51:54
BALKRISHNA,2024-08-14 17:53:02
BALKRISHNA,2024-11-13 19:58:25
BALKRISHNA,2025-02-11 18:27:02
BALKRISIND,2021-02-08 18:03:02
BALKRISIND,2021-05-14 19:43:41
BALKRISIND,2021-08-06 17:00:21
BALKRISIND,2021-11-11 17:14:36
BALKRISIND,2022-02-14 17:38:21
BALKRISIND,2022-05-13 18:16:40
BALKRISIND,2023-02-11 11:51:08
BALKRISIND,2023-05-27 17:52:46
BALKRISIND,2023-08-05 17:08:51
BALKRISIND,2023-10-21 16:14:38
BALKRISIND,2024-01-24 16:51:37
BALKRISIND,2024-05-17 17:48:31
BALKRISIND,2024-08-09 17:43:39
BALKRISIND,2024-10-25 17:45:11
BALKRISIND,2025-01-25 17:41:29
BALLARPUR,2024-03-20 20:09:44
BALLARPUR,2024-09-23 22:22:13
BALLARPUR,2024-10-25 20:23:19
BALLARPUR,2024-10-25 20:24:07
BALLARPUR,2024-10-25 20:25:33
BALLARPUR,2024-11-16 17:24:28
BALLARPUR,2024-11-16 17:26:47
BALLARPUR,2024-11-16 17:29:01
BALLARPUR,2024-11-16 17:30:53
BALLARPUR,2024-11-16 17:32:47
BALLARPUR,2024-11-16 17:34:41
BALLARPUR,2025-02-13 22:16:02
BALMLAWRIE,2021-02-08 17:18:10
BALMLAWRIE,2021-02-09 13:02:04
BALMLAWRIE,2021-06-25 19:01:29
BALMLAWRIE,2021-06-25 19:14:27
BALMLAWRIE,2021-08-06 18:11:49
BALMLAWRIE,2021-11-10 17:02:07
BALMLAWRIE,2022-02-09 16:07:58
BALMLAWRIE,2022-02-09 16:13:59
BALMLAWRIE,2022-05-27 18:47:30
BALMLAWRIE,2023-02-10 18:49:16
BALMLAWRIE,2023-05-25 21:29:05
BALMLAWRIE,2023-08-07 19:55:31
BALMLAWRIE,2023-11-07 17:42:12
BALMLAWRIE,2024-02-08 16:38:36
BALMLAWRIE,2024-05-24 21:46:28
BALMLAWRIE,2024-07-29 16:58:08
BALMLAWRIE,2024-11-05 18:21:23
BALMLAWRIE,2025-02-10 16:41:34
BALPHARMA,2021-02-11 17:14:15
BALPHARMA,2021-02-22 11:18:52
BALPHARMA,2021-06-29 18:01:50
BALPHARMA,2021-06-29 18:31:26
BALPHARMA,2021-07-02 11:47:57
BALPHARMA,2021-08-10 17:36:56
BALPHARMA,2021-08-10 17:38:21
BALPHARMA,2021-10-22 15:29:17
BALPHARMA,2021-11-11 18:00:16
BALPHARMA,2022-01-28 11:23:51
BALPHARMA,2022-02-10 18:22:21
BALPHARMA,2022-05-31 12:18:22
BALPHARMA,2023-02-06 18:45:52
BALPHARMA,2023-05-29 18:49:15
BALPHARMA,2023-05-31 11:54:57
BALPHARMA,2023-08-11 18:14:41
BALPHARMA,2023-11-08 18:03:03
BALPHARMA,2024-02-12 18:00:32
BALPHARMA,2024-05-28 18:18:48
BALPHARMA,2024-08-12 18:09:24
BALPHARMA,2024-11-14 17:38:00
BALPHARMA,2025-02-13 17:49:09
BALRAMCHIN,2021-02-02 14:17:07
BALRAMCHIN,2021-06-01 14:52:50
BALRAMCHIN,2021-06-01 14:54:28
BALRAMCHIN,2021-08-09 14:44:48
BALRAMCHIN,2021-11-08 14:21:40
BALRAMCHIN,2022-02-02 14:53:23
BALRAMCHIN,2022-05-24 15:19:01
BALRAMCHIN,2023-02-11 15:27:01
BALRAMCHIN,2023-05-11 14:51:07
BALRAMCHIN,2023-08-05 14:39:38
BALRAMCHIN,2023-11-07 15:53:48
BALRAMCHIN,2024-02-08 14:36:32
BALRAMCHIN,2024-05-17 16:19:18
BALRAMCHIN,2024-08-12 15:16:07
BALRAMCHIN,2024-11-11 15:07:58
BALRAMCHIN,2025-02-07 14:42:33
BALUFORGE,2024-05-14 21:34:43
BALUFORGE,2024-07-30 15:10:08
BALUFORGE,2024-10-21 19:55:17
BALUFORGE,2025-02-07 18:03:31
BANARBEADS,2021-01-28 16:37:19
BANARBEADS,2021-02-12 10:09:42
BANARBEADS,2021-05-27 16:19:02
BANARBEADS,2021-07-29 16:36:58
BANARBEADS,2021-10-28 16:53:26
BANARBEADS,2022-01-20 16:19:24
BANARBEADS,2022-05-19 17:24:29
BANARBEADS,2023-01-16 15:58:07
BANARBEADS,2023-05-12 18:11:04
BANARBEADS,2023-07-26 15:49:52
BANARBEADS,2023-10-31 16:06:43
BANARBEADS,2024-01-31 16:02:56
BANARBEADS,2024-05-28 16:58:06
BANARBEADS,2024-07-25 16:06:52
BANARBEADS,2024-10-24 17:16:50
BANARBEADS,2025-01-30 16:43:26
BANARISUG,2021-01-27 18:00:55
BANARISUG,2021-05-24 17:48:26
BANARISUG,2021-08-11 17:24:55
BANARISUG,2021-11-10 17:17:52
BANARISUG,2022-02-07 17:21:21
BANARISUG,2022-05-30 20:10:35
BANARISUG,2023-02-10 18:14:48
BANARISUG,2023-05-24 17:57:35
BANARISUG,2023-08-03 17:20:10
BANARISUG,2023-10-25 17:43:39
BANARISUG,2024-02-12 17:39:26
BANARISUG,2024-05-23 18:30:56
BANARISUG,2024-08-07 18:18:15
BANARISUG,2024-11-14 17:51:25
BANARISUG,2025-02-03 17:37:41
BANCOINDIA,2021-02-10 17:28:16
BANCOINDIA,2021-06-25 17:42:44
BANCOINDIA,2021-06-25 18:37:16
BANCOINDIA,2021-08-13 17:16:37
BANCOINDIA,2021-11-09 16:45:29
BANCOINDIA,2022-02-05 16:16:14
BANCOINDIA,2022-05-26 17:39:50
BANCOINDIA,2023-02-13 13:46:41
BANCOINDIA,2023-05-20 17:44:03
BANCOINDIA,2023-08-07 16:54:06
BANCOINDIA,2023-11-06 16:38:12
BANCOINDIA,2024-02-05 15:23:09
BANCOINDIA,2024-05-29 17:20:50
BANCOINDIA,2024-08-09 16:36:02
BANCOINDIA,2024-11-13 17:14:38
BANCOINDIA,2025-02-08 17:59:37
BANDHANBNK,2021-01-21 14:28:18
BANDHANBNK,2021-05-08 14:23:01
BANDHANBNK,2021-05-08 15:49:09
BANDHANBNK,2021-07-30 15:53:22
BANDHANBNK,2021-10-29 16:28:05
BANDHANBNK,2022-01-21 16:18:29
BANDHANBNK,2022-05-13 14:01:34
BANDHANBNK,2023-01-20 15:39:00
BANDHANBNK,2023-05-19 15:36:20
BANDHANBNK,2023-07-14 15:35:43
BANDHANBNK,2023-10-18 15:30:47
BANDHANBNK,2024-02-09 15:32:31
BANDHANBNK,2024-05-17 15:39:34
BANDHANBNK,2024-07-26 15:36:33
BANDHANBNK,2024-10-25 15:41:04
BANDHANBNK,2025-01-31 15:35:54
BANG,2021-02-13 17:05:42
BANG,2021-06-30 19:45:52
BANG,2021-08-14 14:44:22
BANG,2021-11-13 14:19:51
BANG,2022-02-14 14:13:16
BANG,2022-05-30 16:07:44
BANG,2023-02-14 17:03:20
BANG,2023-05-30 17:20:44
BANG,2023-08-12 12:19:12
BANG,2023-11-09 15:09:38
BANG,2024-02-08 17:08:08
BANG,2024-05-30 17:46:46
BANG,2024-08-14 17:06:47
BANG,2024-11-14 16:11:08
BANG,2025-02-14 14:40:47
BANKA,2021-02-12 19:07:17
BANKA,2021-05-22 17:35:34
BANKA,2021-08-13 18:48:44
BANKA,2021-11-12 19:35:29
BANKA,2022-02-14 21:07:22
BANKA,2022-05-30 21:50:22
BANKA,2023-02-13 14:48:17
BANKA,2023-05-30 14:46:00
BANKA,2023-08-10 17:40:09
BANKA,2023-11-14 17:26:40
BANKA,2024-02-09 16:17:15
BANKA,2024-05-30 16:29:58
BANKA,2024-08-13 16:25:31
BANKA,2024-11-13 18:02:23
BANKA,2025-02-13 18:01:31
BANKBARODA,2021-01-27 15:02:32
BANKBARODA,2021-05-31 10:53:19
BANKBARODA,2021-08-07 14:30:35
BANKBARODA,2021-11-10 14:24:46
BANKBARODA,2022-02-05 14:49:24
BANKBARODA,2022-05-13 15:45:52
BANKBARODA,2023-02-03 13:31:28
BANKBARODA,2023-05-16 13:31:28
BANKBARODA,2023-08-05 14:08:59
BANKBARODA,2023-11-04 13:38:42
BANKBARODA,2024-01-31 14:01:33
BANKBARODA,2024-05-10 14:54:20
BANKBARODA,2024-07-31 16:31:17
BANKBARODA,2024-10-25 16:20:55
BANKBARODA,2025-01-30 16:24:33
BANKINDIA,2021-02-11 11:12:16
BANKINDIA,2021-05-25 11:01:12
BANKINDIA,2021-06-04 12:20:47
BANKINDIA,2021-06-04 21:15:19
BANKINDIA,2021-08-03 12:20:58
BANKINDIA,2021-11-02 12:17:13
BANKINDIA,2022-02-04 12:59:55
BANKINDIA,2022-02-04 13:01:01
BANKINDIA,2022-05-25 10:46:01
BANKINDIA,2023-01-17 12:24:57
BANKINDIA,2023-05-06 14:03:39
BANKINDIA,2023-07-28 16:10:51
BANKINDIA,2023-11-04 14:56:05
BANKINDIA,2024-02-02 17:44:21
BANKINDIA,2024-05-10 17:48:20
BANKINDIA,2024-08-03 13:42:20
BANKINDIA,2024-11-11 17:03:31
BANKINDIA,2025-01-24 16:55:20
BANSALWIRE,2024-07-31 19:24:49
BANSALWIRE,2024-11-11 16:34:43
BANSALWIRE,2025-01-29 15:40:12
BANSWRAS,2021-02-13 15:17:20
BANSWRAS,2021-06-18 15:42:48
BANSWRAS,2021-08-10 14:54:23
BANSWRAS,2021-10-30 14:40:37
BANSWRAS,2022-02-03 14:44:21
BANSWRAS,2022-05-03 16:42:46
BANSWRAS,2023-02-13 15:14:12
BANSWRAS,2023-05-15 17:52:57
BANSWRAS,2023-08-06 13:09:11
BANSWRAS,2023-11-06 16:39:31
BANSWRAS,2024-01-29 14:25:36
BANSWRAS,2024-05-11 21:57:34
BANSWRAS,2024-08-06 13:16:37
BANSWRAS,2024-11-05 14:21:41
BANSWRAS,2025-01-29 18:54:40
BARTRONICS,2021-02-12 14:09:20
BARTRONICS,2021-06-28 16:22:43
BARTRONICS,2021-08-12 13:14:00
BARTRONICS,2021-11-12 15:16:14
BARTRONICS,2022-02-14 13:29:19
BARTRONICS,2022-05-25 13:28:08
BASF,2021-02-09 14:46:18
BASF,2021-05-11 18:46:05
BASF,2021-08-06 14:18:43
BASF,2021-11-02 14:19:43
BASF,2022-02-09 14:16:14
BASF,2022-05-09 14:09:34
BASF,2023-01-31 14:29:26
BASF,2023-05-10 13:45:00
BASF,2023-07-24 13:56:19
BASF,2023-11-09 14:52:08
BASF,2024-02-12 15:01:56
BASF,2024-05-14 13:48:48
BASF,2024-08-07 13:23:14
BASF,2024-11-12 14:09:41
BASF,2025-02-04 19:29:55
BASILIC,2023-10-30 14:39:49
BASILIC,2024-04-30 17:21:32
BASILIC,2024-11-15 23:09:33
BASML,2021-02-12 15:28:37
BASML,2021-05-31 14:21:16
BASML,2021-08-10 14:18:14
BASML,2021-11-10 19:22:13
BASML,2022-02-10 15:25:24
BASML,2022-05-30 13:26:54
BASML,2023-05-30 13:33:42
BASML,2023-08-14 13:29:35
BASML,2023-11-14 13:03:14
BASML,2024-02-14 13:58:21
BASML,2024-05-29 17:28:35
BASML,2024-08-14 15:30:28
BASML,2024-11-14 13:58:19
BASML,2025-02-14 13:29:22
BATAINDIA,2021-02-10 18:43:23
BATAINDIA,2021-06-09 19:39:38
BATAINDIA,2021-08-11 18:48:37
BATAINDIA,2021-11-03 17:53:47
BATAINDIA,2022-02-08 18:36:37
BATAINDIA,2022-05-25 19:08:33
BATAINDIA,2023-02-14 17:06:48
BATAINDIA,2023-05-18 17:51:46
BATAINDIA,2023-08-09 16:37:10
BATAINDIA,2023-11-08 17:23:07
BATAINDIA,2024-02-01 19:18:05
BATAINDIA,2024-05-29 19:08:46
BATAINDIA,2024-08-06 17:46:39
BATAINDIA,2024-11-04 19:06:35
BATAINDIA,2025-02-10 18:42:58
BAWEJA,2024-05-30 17:19:25
BAWEJA,2024-11-14 16:53:55
BBL,2021-02-10 13:44:14
BBL,2021-02-10 16:17:11
BBL,2021-05-27 19:19:04
BBL,2021-08-04 14:35:42
BBL,2021-10-29 14:16:27
BBL,2022-02-09 15:03:37
BBL,2022-05-19 16:07:39
BBL,2023-01-24 11:41:05
BBL,2023-05-26 15:58:43
BBL,2023-07-18 13:37:11
BBL,2023-10-30 14:23:56
BBL,2024-01-12 14:57:30
BBL,2024-05-17 19:13:08
BBL,2024-07-18 14:27:56
BBL,2024-11-08 14:03:55
BBL,2025-02-04 15:19:03
BBOX,2021-02-11 21:51:12
BBOX,2021-08-03 00:21:24
BBOX,2021-08-15 01:36:25
BBOX,2021-11-15 10:50:23
BBOX,2022-02-10 22:36:51
BBOX,2022-05-28 08:47:16
BBOX,2023-02-13 23:16:36
BBOX,2023-05-30 23:46:08
BBOX,2023-08-12 15:27:17
BBOX,2023-11-10 00:14:23
BBOX,2024-02-09 00:59:13
BBOX,2024-05-30 23:53:06
BBOX,2024-08-13 23:45:54
BBOX,2024-11-09 13:58:50
BBOX,2025-02-11 14:05:35
BBTC,2021-02-12 18:46:27
BBTC,2021-05-06 18:25:32
BBTC,2021-08-14 23:14:36
BBTC,2021-11-12 21:15:37
BBTC,2022-02-14 21:33:26
BBTC,2022-05-30 22:59:25
BBTC,2023-02-11 21:25:21
BBTC,2023-05-27 05:59:22
BBTC,2023-08-11 23:03:56
BBTC,2023-11-10 19:45:17
BBTC,2024-02-13 14:55:30
BBTC,2024-05-14 01:29:47
BBTC,2024-08-08 16:11:26
BBTC,2024-11-14 20:35:33
BBTC,2025-02-12 18:54:05
BBTCL,2021-06-30 19:37:27
BBTCL,2021-11-11 16:58:36
BBTCL,2022-05-30 19:10:32
BBTCL,2022-05-31 09:38:58
BBTCL,2023-02-14 19:15:44
BBTCL,2023-05-30 20:03:21
BBTCL,2023-08-14 17:47:44
BBTCL,2023-11-14 17:03:56
BBTCL,2024-02-14 19:25:18
BBTCL,2024-05-30 18:25:05
BBTCL,2024-08-14 17:09:22
BBTCL,2024-11-14 16:53:23
BBTCL,2025-02-14 17:15:36
BCG,2021-02-12 22:43:54
BCG,2021-06-28 23:25:52
BCG,2021-08-13 23:00:58
BCG,2021-11-13 18:36:38
BCG,2022-01-25 23:16:44
BCG,2022-05-31 00:29:48
BCG,2023-02-04 00:34:38
BCG,2023-05-31 03:13:16
BCG,2023-08-15 00:06:05
BCG,2024-06-13 10:53:53
BCG,2024-10-23 21:57:40
BCG,2024-11-23 11:32:55
BCG,2024-12-02 18:03:51
BCG,2024-12-13 10:31:37
BCG,2025-02-14 20:38:18
BCLIND,2021-06-09 12:49:16
BCLIND,2021-08-10 11:46:55
BCLIND,2021-10-29 12:20:51
BCLIND,2022-01-28 12:26:59
BCLIND,2022-05-27 17:52:35
BCLIND,2023-02-14 16:36:27
BCLIND,2023-05-30 13:22:34
BCLIND,2023-08-11 15:27:54
BCLIND,2023-11-10 13:18:49
BCLIND,2024-02-12 13:46:03
BCLIND,2024-05-22 13:44:50
BCLIND,2024-08-12 13:59:27
BCLIND,2024-10-29 13:28:45
BCLIND,2025-02-13 13:11:23
BCONCEPTS,2021-06-30 11:41:08
BCONCEPTS,2021-11-02 15:03:59
BCONCEPTS,2022-02-14 18:35:04
BCONCEPTS,2022-05-25 18:09:34
BCONCEPTS,2023-02-03 15:53:18
BCONCEPTS,2023-05-25 13:01:36
BCONCEPTS,2023-08-11 12:44:33
BCONCEPTS,2023-11-09 15:02:14
BCONCEPTS,2024-02-08 14:54:49
BCONCEPTS,2024-05-28 11:49:23
BCONCEPTS,2024-08-12 13:29:36
BCONCEPTS,2024-11-09 17:26:58
BCONCEPTS,2025-02-10 13:26:04
BDL,2021-02-12 13:01:03
BDL,2021-06-21 14:13:15
BDL,2021-08-13 14:46:40
BDL,2021-11-11 14:57:40
BDL,2022-02-14 14:31:52
BDL,2022-05-26 16:09:58
BDL,2023-02-07 13:59:31
BDL,2023-05-25 15:11:59
BDL,2023-08-04 14:13:25
BDL,2023-11-03 14:44:56
BDL,2024-01-24 14:01:35
BDL,2024-05-30 15:52:27
BDL,2024-08-09 16:56:12
BDL,2024-11-14 13:35:46
BDL,2025-02-07 10:48:54
BEACON,2024-11-13 14:53:39
BEARDSELL,2021-02-12 14:31:42
BEARDSELL,2021-06-30 19:56:41
BEARDSELL,2021-08-13 16:27:01
BEARDSELL,2021-11-12 14:54:57
BEARDSELL,2022-02-12 14:14:13
BEARDSELL,2022-05-28 13:59:54
BEARDSELL,2023-02-06 13:31:36
BEARDSELL,2023-05-25 14:39:42
BEARDSELL,2023-08-12 15:26:35
BEARDSELL,2023-11-11 16:16:26
BEARDSELL,2024-02-10 13:46:05
BEARDSELL,2024-05-27 13:16:48
BEARDSELL,2024-08-14 13:10:42
BEARDSELL,2024-11-14 18:32:28
BEARDSELL,2025-02-14 14:41:49
BECTORFOOD,2021-02-05 19:03:13
BECTORFOOD,2021-06-07 16:43:04
BECTORFOOD,2021-08-10 13:24:36
BECTORFOOD,2021-11-12 13:44:39
BECTORFOOD,2022-02-11 15:44:06
BECTORFOOD,2022-05-28 17:30:04
BECTORFOOD,2023-02-07 14:08:42
BECTORFOOD,2023-05-25 20:35:56
BECTORFOOD,2023-08-05 17:56:02
BECTORFOOD,2023-11-10 14:14:35
BECTORFOOD,2024-02-08 13:41:09
BECTORFOOD,2024-05-30 18:11:34
BECTORFOOD,2024-08-02 15:00:48
BECTORFOOD,2024-11-08 13:17:32
BECTORFOOD,2025-02-05 12:55:01
BEDMUTHA,2021-02-11 17:55:10
BEDMUTHA,2021-02-11 17:56:41
BEDMUTHA,2021-07-24 17:38:50
BEDMUTHA,2021-08-13 15:30:59
BEDMUTHA,2021-11-12 15:51:19
BEDMUTHA,2022-02-02 15:51:37
BEDMUTHA,2022-05-26 17:14:57
BEDMUTHA,2023-02-07 17:44:27
BEDMUTHA,2023-04-30 18:45:09
BEDMUTHA,2023-08-10 17:47:58
BEDMUTHA,2023-11-09 16:38:35
BEDMUTHA,2024-02-07 18:29:04
BEDMUTHA,2024-05-28 20:26:53
BEDMUTHA,2024-08-14 17:50:13
BEDMUTHA,2024-11-11 17:19:56
BEDMUTHA,2025-02-12 16:06:49
BEL,2021-01-28 17:32:59
BEL,2021-06-22 18:20:01
BEL,2021-08-06 16:28:56
BEL,2021-10-29 13:08:41
BEL,2022-01-28 17:30:43
BEL,2022-05-23 16:29:36
BEL,2023-01-28 13:18:10
BEL,2023-05-20 18:36:44
BEL,2023-07-27 18:24:09
BEL,2023-10-28 12:29:09
BEL,2024-01-29 13:41:13
BEL,2024-05-20 18:10:05
BEL,2024-07-29 14:01:33
BEL,2024-10-25 13:35:44
BEL,2025-01-30 13:58:59
BEML,2021-02-10 14:24:29
BEML,2021-02-10 14:34:10
BEML,2021-06-11 18:27:39
BEML,2021-08-06 12:52:27
BEML,2021-11-13 11:38:48
BEML,2022-02-10 12:54:44
BEML,2022-05-27 12:48:55
BEML,2023-02-10 13:44:56
BEML,2023-05-26 14:27:50
BEML,2023-08-11 14:17:46
BEML,2023-11-09 17:48:01
BEML,2024-02-08 13:53:17
BEML,2024-05-12 17:23:15
BEML,2024-08-05 17:17:42
BEML,2024-11-11 13:22:31
BEML,2025-02-06 12:25:57
BEPL,2021-01-10 18:26:38
BEPL,2021-04-18 20:25:03
BEPL,2021-04-19 12:10:15
BEPL,2021-07-11 13:47:22
BEPL,2021-10-12 18:51:34
BEPL,2022-01-17 12:52:35
BEPL,2022-04-23 13:05:29
BEPL,2023-02-14 16:47:26
BEPL,2023-05-21 19:06:38
BEPL,2023-07-13 13:14:41
BEPL,2023-10-22 15:01:16
BEPL,2024-01-27 13:37:46
BEPL,2024-04-20 14:17:46
BEPL,2024-07-13 12:54:28
BEPL,2024-10-21 19:36:47
BEPL,2025-01-16 13:42:43
BERGEPAINT,2021-02-09 15:27:21
BERGEPAINT,2021-05-26 15:04:00
BERGEPAINT,2021-08-06 14:55:03
BERGEPAINT,2021-11-10 15:58:47
BERGEPAINT,2022-02-09 16:48:28
BERGEPAINT,2022-05-26 16:57:40
BERGEPAINT,2023-02-02 16:46:00
BERGEPAINT,2023-05-15 16:00:23
BERGEPAINT,2023-08-09 15:18:19
BERGEPAINT,2023-11-02 13:38:00
BERGEPAINT,2024-02-06 17:22:28
BERGEPAINT,2024-05-15 15:48:45
BERGEPAINT,2024-08-09 14:39:58
BERGEPAINT,2024-11-05 16:12:41
BERGEPAINT,2025-02-11 17:02:01
BESTAGRO,2024-05-24 17:42:34
BESTAGRO,2024-08-12 17:55:59
BESTAGRO,2024-10-18 14:32:08
BESTAGRO,2025-02-14 17:16:02
BETA,2021-04-27 12:17:27
BETA,2021-04-27 12:20:43
BETA,2021-04-27 12:20:43
BETA,2021-10-25 12:54:07
BETA,2021-10-25 12:56:38
BETA,2021-10-25 12:56:38
BETA,2022-04-27 14:18:12
BETA,2023-05-08 13:19:52
BETA,2023-11-07 16:31:16
BETA,2024-05-14 17:07:09
BETA,2024-11-06 18:02:13
BEWLTD,2021-11-08 18:33:22
BEWLTD,2022-05-02 18:05:13
BEWLTD,2023-05-04 13:59:02
BEWLTD,2023-11-07 16:29:21
BEWLTD,2024-05-13 16:49:01
BEWLTD,2024-11-14 16:24:44
BFINVEST,2021-02-11 15:54:12
BFINVEST,2021-06-14 14:26:30
BFINVEST,2021-08-11 14:05:36
BFINVEST,2021-08-20 13:37:54
BFINVEST,2021-11-11 11:19:20
BFINVEST,2022-02-11 14:39:55
BFINVEST,2022-05-30 11:51:20
BFINVEST,2023-02-13 14:07:28
BFINVEST,2023-05-26 12:39:42
BFINVEST,2023-08-11 15:56:17
BFINVEST,2023-11-10 17:19:03
BFINVEST,2024-02-13 14:14:54
BFINVEST,2024-05-30 14:17:38
BFINVEST,2024-08-14 13:42:06
BFINVEST,2024-10-31 15:22:52
BFINVEST,2025-02-13 16:51:58
BFUTILITIE,2021-02-11 15:11:51
BFUTILITIE,2021-02-11 16:26:43
BFUTILITIE,2021-03-12 12:18:52
BFUTILITIE,2021-06-14 13:35:34
BFUTILITIE,2021-06-30 15:48:26
BFUTILITIE,2021-08-11 13:04:33
BFUTILITIE,2021-08-20 12:21:00
BFUTILITIE,2021-11-11 12:25:07
BFUTILITIE,2022-02-11 13:41:24
BFUTILITIE,2022-02-14 15:24:06
BFUTILITIE,2022-05-30 14:26:29
BFUTILITIE,2022-06-28 17:07:09
BFUTILITIE,2023-02-13 13:26:41
BFUTILITIE,2023-06-21 12:19:14
BFUTILITIE,2023-08-11 13:04:11
BFUTILITIE,2023-11-10 16:38:03
BFUTILITIE,2024-02-13 12:47:41
BFUTILITIE,2024-05-30 12:51:07
BFUTILITIE,2024-08-14 12:49:38
BFUTILITIE,2024-10-31 13:52:48
BFUTILITIE,2024-11-11 12:19:30
BFUTILITIE,2024-11-23 17:09:43
BFUTILITIE,2024-12-26 12:26:58
BFUTILITIE,2025-02-13 15:35:38
BGLOBAL,2021-02-12 18:44:24
BGLOBAL,2021-06-25 19:07:15
BGLOBAL,2021-08-14 18:19:04
BGLOBAL,2021-11-14 19:14:20
BGLOBAL,2022-02-14 18:20:55
BGLOBAL,2022-05-30 21:02:15
BGLOBAL,2023-02-12 18:26:59
BGLOBAL,2023-05-31 18:15:51
BGLOBAL,2023-08-13 17:43:20
BGLOBAL,2023-11-09 20:23:58
BGLOBAL,2024-02-14 21:11:16
BGLOBAL,2024-05-31 00:25:44
BGLOBAL,2024-08-12 17:09:14
BGLOBAL,2024-11-14 22:02:27
BGLOBAL,2025-02-17 18:27:20
BGRENERGY,2021-02-12 17:10:51
BGRENERGY,2021-06-30 13:09:19
BGRENERGY,2021-08-13 16:00:17
BGRENERGY,2021-11-11 16:14:06
BGRENERGY,2022-02-14 17:28:28
BGRENERGY,2022-05-27 14:44:25
BGRENERGY,2023-02-13 16:44:38
BGRENERGY,2023-05-30 18:53:56
BGRENERGY,2023-08-11 16:44:07
BGRENERGY,2023-11-10 18:14:32
BGRENERGY,2024-02-14 19:42:48
BGRENERGY,2024-05-30 17:38:21
BGRENERGY,2024-08-09 18:30:05
BGRENERGY,2024-11-13 19:08:50
BGRENERGY,2025-02-12 18:54:05
BHAGCHEM,2021-10-30 13:45:06
BHAGCHEM,2022-01-29 13:16:46
BHAGCHEM,2022-05-26 16:27:24
BHAGCHEM,2023-01-28 14:58:50
BHAGCHEM,2023-05-13 17:10:54
BHAGCHEM,2023-08-04 17:14:23
BHAGCHEM,2023-11-04 15:15:28
BHAGCHEM,2024-01-27 15:01:02
BHAGCHEM,2024-05-24 19:04:31
BHAGCHEM,2024-08-02 15:59:21
BHAGCHEM,2024-11-12 16:56:05
BHAGCHEM,2025-02-13 15:58:48
BHAGERIA,2021-01-27 20:42:43
BHAGERIA,2021-05-15 18:28:33
BHAGERIA,2021-07-27 13:17:52
BHAGERIA,2021-10-29 21:36:11
BHAGERIA,2022-01-28 18:44:57
BHAGERIA,2022-05-07 15:46:48
BHAGERIA,2023-02-01 17:38:07
BHAGERIA,2023-05-15 17:55:29
BHAGERIA,2023-08-05 16:57:31
BHAGERIA,2023-10-28 14:04:49
BHAGERIA,2024-01-29 18:11:29
BHAGERIA,2024-05-27 18:07:23
BHAGERIA,2024-08-07 17:58:44
BHAGERIA,2024-10-28 18:16:39
BHAGERIA,2025-02-01 17:14:29
BHAGYANGR,2021-02-13 13:05:02
BHAGYANGR,2021-05-30 11:20:21
BHAGYANGR,2021-08-07 13:24:22
BHAGYANGR,2021-11-13 12:34:51
BHAGYANGR,2022-02-12 13:00:09
BHAGYANGR,2022-05-28 12:46:16
BHAGYANGR,2023-05-27 13:25:26
BHAGYANGR,2023-08-10 17:27:31
BHAGYANGR,2023-11-08 17:34:33
BHAGYANGR,2024-01-27 11:53:26
BHAGYANGR,2024-05-21 12:13:00
BHAGYANGR,2024-07-31 12:27:26
BHAGYANGR,2024-11-13 11:54:42
BHAGYANGR,2025-02-03 15:01:47
BHAGYAPROP,2021-02-13 14:47:31
BHAGYAPROP,2021-06-08 12:38:00
BHAGYAPROP,2021-08-07 14:10:33
BHAGYAPROP,2021-11-13 13:13:15
BHAGYAPROP,2022-01-29 13:11:38
BHAGYAPROP,2022-05-02 13:11:25
BHANDARI,2021-02-13 18:35:38
BHANDARI,2021-02-18 14:34:47
BHANDARI,2021-06-23 17:51:42
BHANDARI,2021-08-14 16:44:38
BHANDARI,2021-11-12 16:20:55
BHANDARI,2022-02-14 15:14:48
BHANDARI,2022-05-30 17:15:33
BHANDARI,2023-02-13 16:37:58
BHANDARI,2023-05-26 17:44:45
BHANDARI,2023-08-14 15:49:05
BHANDARI,2023-11-14 18:08:56
BHANDARI,2024-02-14 19:09:38
BHANDARI,2024-05-28 19:00:29
BHANDARI,2024-08-14 15:52:02
BHANDARI,2024-11-14 15:33:25
BHANDARI,2025-02-14 15:52:27
BHARATFORG,2021-02-12 13:12:53
BHARATFORG,2021-06-04 11:53:45
BHARATFORG,2021-08-12 12:53:56
BHARATFORG,2021-11-12 13:49:54
BHARATFORG,2022-02-10 12:48:12
BHARATFORG,2022-05-16 11:59:15
BHARATFORG,2023-05-05 12:51:27
BHARATFORG,2023-08-09 12:51:06
BHARATFORG,2023-11-06 12:23:30
BHARATFORG,2024-02-12 13:35:25
BHARATFORG,2024-05-08 13:03:08
BHARATFORG,2024-08-08 12:39:26
BHARATFORG,2024-11-14 12:42:05
BHARATFORG,2025-02-12 16:19:53
BHARATGEAR,2021-02-11 15:47:15
BHARATGEAR,2021-06-11 14:04:45
BHARATGEAR,2021-08-12 19:31:12
BHARATGEAR,2021-11-02 15:13:40
BHARATGEAR,2022-02-09 18:34:33
BHARATGEAR,2022-05-27 17:56:01
BHARATGEAR,2023-02-10 14:57:43
BHARATGEAR,2023-05-25 16:06:56
BHARATGEAR,2023-08-10 14:49:38
BHARATGEAR,2023-11-03 15:45:47
BHARATGEAR,2024-01-30 16:26:20
BHARATGEAR,2024-05-29 15:39:43
BHARATGEAR,2024-08-08 13:44:45
BHARATGEAR,2024-11-14 15:46:39
BHARATGEAR,2025-01-24 14:29:05
BHARATIDIL,2025-02-17 14:34:48
BHARATIDIL,2025-02-17 14:40:42
BHARATIDIL,2025-02-17 14:43:55
BHARATRAS,2021-02-10 15:20:22
BHARATRAS,2021-06-29 15:37:48
BHARATRAS,2021-06-30 15:24:18
BHARATRAS,2021-06-30 15:27:00
BHARATRAS,2021-08-11 17:03:22
BHARATRAS,2021-11-11 15:40:58
BHARATRAS,2022-02-10 15:55:51
BHARATRAS,2022-02-14 18:59:40
BHARATRAS,2022-05-26 17:01:00
BHARATRAS,2023-02-07 16:29:26
BHARATRAS,2023-05-30 16:52:51
BHARATRAS,2023-06-01 12:13:51
BHARATRAS,2023-08-09 16:54:19
BHARATRAS,2023-11-07 16:24:39
BHARATRAS,2024-02-13 16:27:36
BHARATRAS,2024-05-30 18:14:49
BHARATRAS,2024-06-01 13:08:16
BHARATRAS,2024-08-08 16:37:19
BHARATRAS,2024-11-12 16:25:17
BHARATRAS,2025-02-13 16:39:40
BHARATWIRE,2021-02-10 13:56:55
BHARATWIRE,2021-06-25 13:54:01
BHARATWIRE,2021-08-09 13:26:11
BHARATWIRE,2021-11-12 13:05:00
BHARATWIRE,2021-11-12 17:22:54
BHARATWIRE,2022-02-12 14:37:19
BHARATWIRE,2022-05-19 15:59:12
BHARATWIRE,2023-01-24 13:47:36
BHARATWIRE,2023-04-25 13:27:37
BHARATWIRE,2023-07-26 12:31:03
BHARATWIRE,2023-10-25 13:49:29
BHARATWIRE,2024-01-22 18:24:05
BHARATWIRE,2024-04-30 14:54:17
BHARATWIRE,2024-04-30 18:59:15
BHARATWIRE,2024-08-01 16:17:08
BHARATWIRE,2024-10-28 17:50:18
BHARATWIRE,2025-02-03 20:03:34
BHARTIARTL,2021-02-03 16:12:45
BHARTIARTL,2021-05-17 16:28:47
BHARTIARTL,2021-05-17 16:30:57
BHARTIARTL,2021-08-03 16:21:32
BHARTIARTL,2021-11-02 17:14:16
BHARTIARTL,2021-11-02 17:15:46
BHARTIARTL,2021-11-03 15:37:04
BHARTIARTL,2022-02-08 16:03:50
BHARTIARTL,2022-05-17 15:41:35
BHARTIARTL,2023-02-07 15:41:38
BHARTIARTL,2023-05-16 16:24:22
BHARTIARTL,2023-08-03 16:47:26
BHARTIARTL,2023-10-31 16:52:58
BHARTIARTL,2024-02-05 16:18:19
BHARTIARTL,2024-05-14 16:32:34
BHARTIARTL,2024-08-05 16:58:46
BHARTIARTL,2024-10-28 16:15:34
BHARTIARTL,2025-02-06 16:49:56
BHARTIHEXA,2024-05-14 15:44:18
BHARTIHEXA,2024-08-05 16:06:14
BHARTIHEXA,2024-10-28 15:40:06
BHARTIHEXA,2025-02-06 16:38:19
BHEL,2021-02-06 15:33:10
BHEL,2021-06-11 17:23:55
BHEL,2021-07-30 15:48:04
BHEL,2021-11-09 16:06:07
BHEL,2022-01-27 16:02:12
BHEL,2022-05-21 15:14:12
BHEL,2023-02-10 15:37:51
BHEL,2023-05-26 17:32:58
BHEL,2023-08-04 15:33:19
BHEL,2023-11-08 16:08:44
BHEL,2024-02-13 14:40:25
BHEL,2024-05-21 16:26:42
BHEL,2024-07-31 12:55:44
BHEL,2024-10-28 14:31:26
BHEL,2025-01-28 18:39:45
BIGBLOC,2021-01-19 13:36:39
BIGBLOC,2021-06-02 15:50:31
BIGBLOC,2021-07-29 13:39:31
BIGBLOC,2021-10-26 16:11:47
BIGBLOC,2022-01-24 12:42:07
BIGBLOC,2022-04-29 12:10:23
BIGBLOC,2023-01-24 12:54:05
BIGBLOC,2023-05-24 14:10:19
BIGBLOC,2023-08-02 15:20:17
BIGBLOC,2023-10-31 13:19:39
BIGBLOC,2024-01-23 14:32:56
BIGBLOC,2024-05-07 16:16:43
BIGBLOC,2024-08-13 14:11:43
BIGBLOC,2024-11-14 15:09:57
BIGBLOC,2025-02-14 15:18:18
BIKAJI,2023-01-25 20:24:33
BIKAJI,2023-05-23 18:38:59
BIKAJI,2023-08-01 15:35:36
BIKAJI,2023-11-06 15:07:29
BIKAJI,2024-02-02 14:41:27
BIKAJI,2024-05-23 18:29:32
BIKAJI,2024-07-24 17:25:48
BIKAJI,2024-10-24 17:51:18
BIKAJI,2025-02-06 17:19:17
BIKEWO,2024-11-13 18:08:06
BIL,2021-02-12 13:23:29
BIL,2021-06-29 14:33:04
BIL,2021-08-13 13:40:57
BIL,2021-11-12 13:25:42
BIL,2022-02-14 15:07:54
BIL,2022-05-30 14:21:16
BIL,2023-02-13 15:09:38
BIL,2023-05-30 16:47:06
BIL,2023-08-11 15:31:32
BIL,2023-11-14 16:13:32
BIL,2024-02-12 15:13:16
BIL,2024-05-30 13:44:48
BIL,2024-08-09 15:30:14
BIL,2024-11-12 17:48:09
BIL,2025-02-12 15:35:09
BILENERGY,2021-03-30 18:34:02
BILENERGY,2021-03-30 18:35:36
BILENERGY,2021-03-30 18:36:54
BILENERGY,2021-03-30 18:38:01
BILENERGY,2021-06-29 17:41:16
BILENERGY,2021-08-12 15:38:35
BILENERGY,2021-11-12 14:46:06
BILENERGY,2022-02-11 14:39:08
BILVYAPAR,2021-01-28 16:18:13
BILVYAPAR,2021-02-19 16:44:49
BILVYAPAR,2021-03-12 15:59:05
BILVYAPAR,2021-03-19 18:01:05
BILVYAPAR,2021-06-30 17:58:23
BILVYAPAR,2021-08-13 13:17:57
BILVYAPAR,2021-11-08 11:11:24
BILVYAPAR,2021-11-15 17:23:55
BILVYAPAR,2022-02-04 16:42:49
BILVYAPAR,2022-02-14 16:53:16
BILVYAPAR,2022-05-31 12:13:12
BILVYAPAR,2023-01-31 15:14:59
BILVYAPAR,2023-05-25 18:20:54
BILVYAPAR,2023-05-26 11:39:02
BILVYAPAR,2023-08-04 13:40:46
BILVYAPAR,2023-11-07 14:03:35
BILVYAPAR,2024-02-09 16:06:19
BILVYAPAR,2024-05-27 17:23:20
BILVYAPAR,2024-08-13 11:25:20
BILVYAPAR,2024-11-08 19:33:32
BILVYAPAR,2025-02-11 16:28:25
BIOCON,2021-01-21 23:02:40
BIOCON,2021-04-28 23:50:10
BIOCON,2021-07-22 23:34:16
BIOCON,2021-10-21 23:15:51
BIOCON,2022-01-20 21:57:20
BIOCON,2022-04-28 20:54:45
BIOCON,2023-02-14 19:13:12
BIOCON,2023-05-23 20:05:53
BIOCON,2023-08-10 19:50:06
BIOCON,2023-11-10 16:23:26
BIOCON,2024-02-08 19:06:18
BIOCON,2024-05-16 17:10:46
BIOCON,2024-08-08 18:32:31
BIOCON,2024-10-30 17:30:52
BIOCON,2025-01-30 20:47:53
BIOFILCHEM,2021-02-05 16:57:20
BIOFILCHEM,2021-02-12 17:54:12
BIOFILCHEM,2021-06-22 16:26:28
BIOFILCHEM,2021-06-30 17:27:09
BIOFILCHEM,2021-08-13 18:04:51
BIOFILCHEM,2021-11-12 16:41:16
BIOFILCHEM,2021-11-13 18:18:08
BIOFILCHEM,2022-02-14 17:44:36
BIOFILCHEM,2022-05-30 20:08:29
BIOFILCHEM,2023-02-14 17:18:45
BIOFILCHEM,2023-05-30 19:00:02
BIOFILCHEM,2023-08-14 18:08:59
BIOFILCHEM,2023-11-09 19:29:38
BIOFILCHEM,2024-02-06 20:38:20
BIOFILCHEM,2024-05-30 18:49:25
BIOFILCHEM,2024-08-13 18:35:01
BIOFILCHEM,2024-11-14 19:17:18
BIOFILCHEM,2025-02-11 17:36:58
BIRDYS,2024-05-30 17:48:44
BIRDYS,2024-10-10 16:42:02
BIRLACABLE,2021-02-11 18:17:10
BIRLACABLE,2021-06-18 20:01:25
BIRLACABLE,2021-08-11 18:09:28
BIRLACABLE,2021-11-12 15:03:35
BIRLACABLE,2022-02-09 19:01:36
BIRLACABLE,2022-05-24 20:20:16
BIRLACABLE,2023-02-09 19:47:15
BIRLACABLE,2023-05-02 18:17:51
BIRLACABLE,2023-08-10 19:08:22
BIRLACABLE,2023-11-01 16:37:55
BIRLACABLE,2024-02-02 17:48:14
BIRLACABLE,2024-05-10 17:39:30
BIRLACABLE,2024-08-09 21:08:58
BIRLACABLE,2024-10-24 18:50:42
BIRLACABLE,2025-02-09 19:32:51
BIRLACORPN,2021-01-23 14:35:47
BIRLACORPN,2021-01-23 17:33:27
BIRLACORPN,2021-05-12 18:12:29
BIRLACORPN,2021-08-05 14:56:14
BIRLACORPN,2021-11-10 16:20:28
BIRLACORPN,2021-11-10 16:22:58
BIRLACORPN,2022-02-04 15:54:12
BIRLACORPN,2022-05-11 18:47:56
BIRLACORPN,2023-02-04 16:42:36
BIRLACORPN,2023-05-09 17:22:10
BIRLACORPN,2023-08-08 16:48:59
BIRLACORPN,2023-11-08 15:48:59
BIRLACORPN,2024-02-06 14:31:09
BIRLACORPN,2024-05-04 17:05:32
BIRLACORPN,2024-08-08 16:35:16
BIRLACORPN,2024-10-23 16:21:11
BIRLACORPN,2025-02-04 17:27:49
BIRLAMONEY,2021-01-15 13:42:43
BIRLAMONEY,2021-04-23 13:58:47
BIRLAMONEY,2021-07-15 13:14:52
BIRLAMONEY,2021-10-13 13:27:03
BIRLAMONEY,2022-01-13 15:02:19
BIRLAMONEY,2022-04-22 17:47:39
BIRLAMONEY,2023-01-13 15:46:34
BIRLAMONEY,2023-04-21 14:25:15
BIRLAMONEY,2023-07-13 12:38:07
BIRLAMONEY,2023-10-13 12:00:51
BIRLAMONEY,2024-01-12 16:30:25
BIRLAMONEY,2024-04-22 18:00:20
BIRLAMONEY,2024-07-16 17:27:59
BIRLAMONEY,2024-10-16 19:29:45
BIRLAMONEY,2025-01-24 19:51:47
BIRLANU,2021-02-02 17:20:06
BIRLANU,2021-05-14 18:39:26
BIRLANU,2021-07-30 14:25:49
BIRLANU,2021-10-27 18:00:52
BIRLANU,2022-01-27 14:29:42
BIRLANU,2022-01-27 15:23:05
BIRLANU,2022-05-06 15:20:20
BIRLANU,2023-01-27 14:34:40
BIRLANU,2023-05-15 15:24:45
BIRLANU,2023-07-31 13:26:04
BIRLANU,2023-11-01 16:16:46
BIRLANU,2024-02-02 14:40:11
BIRLANU,2024-05-07 14:45:06
BIRLANU,2024-08-13 17:00:54
BIRLANU,2024-11-07 18:23:37
BIRLANU,2025-02-06 20:28:21
BIRLATYRE,2021-03-08 22:33:43
BIRLATYRE,2021-06-29 20:14:11
BIRLATYRE,2021-07-30 17:12:47
BIRLATYRE,2021-08-09 13:43:17
BIRLATYRE,2021-08-09 13:45:41
BIRLATYRE,2021-11-11 12:58:28
BIRLATYRE,2022-02-11 12:34:42
BIRLATYRE,2022-04-11 22:48:48
BIRLATYRE,2023-02-14 18:27:51
BIRLATYRE,2023-09-28 19:41:47
BIRLATYRE,2023-09-29 17:03:11
BIRLATYRE,2023-09-29 18:34:05
BKMINDST,2021-02-12 15:21:15
BKMINDST,2024-02-13 17:15:09
BKMINDST,2024-04-23 16:13:14
BKMINDST,2024-04-23 16:15:57
BKMINDST,2024-05-30 16:02:03
BKMINDST,2024-08-12 14:34:40
BKMINDST,2024-11-13 14:43:42
BKMINDST,2025-02-13 16:48:13
BLACKBUCK,2024-12-13 17:25:23
BLACKBUCK,2025-02-05 15:33:55
BLAL,2023-05-23 14:02:53
BLAL,2023-07-27 13:41:30
BLAL,2024-02-13 19:09:48
BLAL,2024-02-13 19:10:42
BLAL,2024-04-25 12:18:52
BLAL,2024-07-19 16:24:24
BLAL,2024-11-07 11:33:18
BLAL,2025-01-24 11:17:42
BLBLIMITED,2021-02-12 13:09:41
BLBLIMITED,2021-06-25 19:16:44
BLBLIMITED,2021-08-12 15:11:17
BLBLIMITED,2021-11-02 13:24:29
BLBLIMITED,2022-02-04 14:14:03
BLBLIMITED,2022-05-30 19:14:08
BLBLIMITED,2022-05-31 10:52:54
BLBLIMITED,2023-01-17 14:39:10
BLBLIMITED,2023-05-27 15:11:53
BLBLIMITED,2023-07-26 15:42:04
BLBLIMITED,2023-11-02 16:15:57
BLBLIMITED,2024-01-16 12:46:02
BLBLIMITED,2024-05-24 18:15:10
BLBLIMITED,2024-08-14 17:16:58
BLBLIMITED,2024-11-12 15:46:49
BLBLIMITED,2025-01-22 16:11:50
BLISSGVS,2021-01-21 21:54:23
BLISSGVS,2021-05-11 19:44:05
BLISSGVS,2021-07-31 17:50:34
BLISSGVS,2021-10-30 19:06:42
BLISSGVS,2022-01-29 21:16:26
BLISSGVS,2022-04-30 20:51:25
BLISSGVS,2023-01-24 21:07:14
BLISSGVS,2023-05-11 22:43:50
BLISSGVS,2023-08-01 17:47:07
BLISSGVS,2023-11-01 20:38:37
BLISSGVS,2024-01-23 23:40:03
BLISSGVS,2024-05-02 21:48:47
BLISSGVS,2024-07-24 14:20:48
BLISSGVS,2024-10-24 20:28:25
BLISSGVS,2025-01-28 19:22:05
BLKASHYAP,2021-02-10 14:09:23
BLKASHYAP,2021-06-22 15:27:24
BLKASHYAP,2021-06-22 17:45:56
BLKASHYAP,2021-08-12 14:37:33
BLKASHYAP,2021-11-02 15:12:11
BLKASHYAP,2022-02-11 15:03:27
BLKASHYAP,2022-05-24 14:11:29
BLKASHYAP,2023-02-11 15:01:52
BLKASHYAP,2023-05-26 14:23:25
BLKASHYAP,2023-08-09 13:51:41
BLKASHYAP,2023-11-10 13:11:42
BLKASHYAP,2024-02-14 14:32:01
BLKASHYAP,2024-05-30 13:39:18
BLKASHYAP,2024-08-14 13:33:25
BLKASHYAP,2024-11-11 13:56:49
BLKASHYAP,2025-02-07 17:13:35
BLS,2021-02-03 16:22:27
BLS,2021-06-15 19:57:07
BLS,2021-07-27 17:46:31
BLS,2021-10-29 19:23:31
BLS,2021-10-29 20:10:57
BLS,2022-02-02 19:26:14
BLS,2022-05-07 20:18:15
BLS,2023-02-06 17:54:21
BLS,2023-05-11 20:19:50
BLS,2023-08-09 19:58:48
BLS,2023-11-06 14:07:14
BLS,2024-02-12 17:42:32
BLS,2024-05-14 15:22:14
BLS,2024-08-05 17:45:35
BLS,2024-11-11 18:09:13
BLS,2025-02-11 14:14:28
BLSE,2024-02-12 13:32:34
BLSE,2024-05-13 19:24:48
BLSE,2024-05-13 19:26:20
BLSE,2024-08-05 14:06:14
BLSE,2024-11-11 13:41:28
BLSE,2025-02-10 16:49:06
BLUEBLENDS,2021-02-12 16:14:17
BLUEBLENDS,2021-06-18 19:01:54
BLUEBLENDS,2021-08-14 14:10:10
BLUEBLENDS,2021-11-16 15:21:53
BLUECHIP,2021-02-10 19:38:22
BLUECHIP,2021-06-28 17:09:46
BLUECHIP,2021-08-12 18:39:07
BLUECHIP,2021-11-11 18:35:11
BLUECHIP,2022-02-11 17:40:47
BLUECHIP,2022-05-30 20:47:54
BLUECHIP,2023-02-13 17:11:34
BLUECHIP,2023-05-30 21:39:51
BLUECHIP,2023-08-14 19:38:12
BLUECHIP,2023-11-09 16:36:48
BLUECHIP,2024-02-13 14:01:17
BLUECHIP,2024-05-28 18:34:55
BLUECHIP,2024-08-16 22:06:26
BLUECHIP,2024-11-05 20:04:34
BLUECHIP,2025-02-12 16:09:11
BLUECOAST,2021-02-12 17:28:35
BLUECOAST,2021-05-31 17:23:35
BLUECOAST,2021-08-11 15:52:41
BLUECOAST,2021-11-12 16:54:45
BLUECOAST,2022-02-10 15:33:41
BLUECOAST,2022-05-27 17:53:30
BLUECOAST,2023-02-10 16:48:46
BLUECOAST,2023-05-30 18:44:59
BLUECOAST,2023-08-08 18:28:33
BLUECOAST,2023-10-31 18:09:13
BLUECOAST,2024-02-14 16:43:00
BLUECOAST,2024-05-28 18:11:35
BLUECOAST,2024-07-23 16:55:22
BLUECOAST,2024-11-14 14:23:22
BLUECOAST,2025-01-18 14:38:30
BLUEDART,2021-01-28 17:40:38
BLUEDART,2021-05-05 19:36:04
BLUEDART,2021-07-30 16:16:34
BLUEDART,2021-10-29 18:07:58
BLUEDART,2022-01-28 18:49:23
BLUEDART,2022-05-05 18:31:12
BLUEDART,2023-01-25 18:13:18
BLUEDART,2023-05-05 18:18:40
BLUEDART,2023-07-27 15:26:32
BLUEDART,2023-10-27 18:40:26
BLUEDART,2024-01-24 17:38:46
BLUEDART,2024-05-02 19:00:29
BLUEDART,2024-07-19 14:36:05
BLUEDART,2024-11-11 20:05:40
BLUEDART,2025-01-29 18:41:55
BLUEJET,2023-11-11 12:24:39
BLUEJET,2024-02-06 16:44:39
BLUEJET,2024-05-25 21:10:32
BLUEJET,2024-08-06 16:30:53
BLUEJET,2024-10-29 12:56:38
BLUEJET,2025-01-29 13:23:25
BLUEPEBBLE,2024-05-15 17:10:00
BLUEPEBBLE,2024-10-21 09:37:29
BLUESTARCO,2021-01-29 14:25:39
BLUESTARCO,2021-05-06 16:15:21
BLUESTARCO,2021-08-04 13:22:31
BLUESTARCO,2021-10-28 16:22:47
BLUESTARCO,2022-02-02 15:55:50
BLUESTARCO,2022-05-05 16:41:25
BLUESTARCO,2023-01-31 16:36:32
BLUESTARCO,2023-05-04 16:11:43
BLUESTARCO,2023-08-03 14:32:12
BLUESTARCO,2023-10-30 15:43:20
BLUESTARCO,2024-01-30 15:17:08
BLUESTARCO,2024-05-02 14:51:46
BLUESTARCO,2024-08-06 15:14:18
BLUESTARCO,2024-11-06 15:41:25
BLUESTARCO,2025-01-29 15:46:51
BMETRICS,2021-11-08 18:55:48
BMETRICS,2022-05-04 20:13:24
BMETRICS,2023-05-22 20:27:40
BMETRICS,2023-11-06 14:50:32
BMETRICS,2024-05-08 16:28:38
BMETRICS,2024-11-13 19:26:10
BODALCHEM,2021-02-09 13:06:41
BODALCHEM,2021-06-24 20:01:31
BODALCHEM,2021-08-14 13:32:55
BODALCHEM,2021-10-29 13:53:08
BODALCHEM,2022-02-11 14:30:31
BODALCHEM,2022-05-27 14:13:14
BODALCHEM,2023-02-14 16:25:11
BODALCHEM,2023-05-30 14:18:08
BODALCHEM,2023-08-11 14:10:45
BODALCHEM,2023-11-06 14:15:42
BODALCHEM,2024-02-13 14:09:36
BODALCHEM,2024-05-24 14:20:20
BODALCHEM,2024-08-14 14:01:47
BODALCHEM,2024-11-14 13:58:32
BODALCHEM,2025-02-10 18:16:36
BOHRA,2021-06-30 17:20:21
BOHRA,2022-01-17 19:55:02
BOHRA,2022-06-23 15:28:50
BOHRAIND,2023-02-13 14:15:18
BOHRAIND,2023-05-29 17:20:20
BOHRAIND,2023-08-14 16:51:23
BOHRAIND,2023-11-09 16:19:42
BOHRAIND,2024-02-14 17:47:52
BOHRAIND,2024-05-30 18:13:08
BOHRAIND,2024-08-14 19:32:22
BOHRAIND,2024-12-23 20:00:49
BOHRAIND,2025-02-14 18:49:22
BOMDYEING,2021-02-08 19:03:52
BOMDYEING,2021-04-28 17:13:59
BOMDYEING,2021-08-09 18:25:38
BOMDYEING,2021-11-02 14:51:00
BOMDYEING,2022-02-10 13:57:03
BOMDYEING,2022-05-04 15:07:38
BOMDYEING,2023-02-09 19:15:51
BOMDYEING,2023-05-04 15:28:10
BOMDYEING,2023-08-09 18:46:53
BOMDYEING,2023-11-02 19:12:30
BOMDYEING,2024-02-08 17:44:25
BOMDYEING,2024-05-06 22:09:17
BOMDYEING,2024-08-01 14:35:11
BOMDYEING,2024-11-12 18:08:26
BOMDYEING,2025-02-03 18:58:51
BOROLTD,2021-02-11 14:24:35
BOROLTD,2021-05-27 15:09:27
BOROLTD,2021-08-13 13:49:06
BOROLTD,2021-11-12 17:07:17
BOROLTD,2022-02-07 15:42:57
BOROLTD,2022-05-09 17:48:32
BOROLTD,2023-02-03 13:46:06
BOROLTD,2023-05-22 17:20:45
BOROLTD,2023-08-14 14:59:46
BOROLTD,2023-11-08 14:07:40
BOROLTD,2024-02-13 13:07:59
BOROLTD,2024-05-24 15:26:18
BOROLTD,2024-08-14 15:23:46
BOROLTD,2024-11-13 13:43:15
BOROLTD,2025-02-07 15:31:28
BORORENEW,2021-02-12 15:37:59
BORORENEW,2021-05-12 15:38:27
BORORENEW,2021-05-13 12:32:14
BORORENEW,2021-08-04 16:52:03
BORORENEW,2021-10-21 14:22:05
BORORENEW,2022-02-08 13:41:50
BORORENEW,2022-05-05 14:19:13
BORORENEW,2023-02-13 13:08:17
BORORENEW,2023-05-24 17:21:42
BORORENEW,2023-08-08 13:55:56
BORORENEW,2023-11-06 13:47:47
BORORENEW,2024-02-07 17:33:23
BORORENEW,2024-05-27 19:42:09
BORORENEW,2024-08-12 14:11:37
BORORENEW,2024-11-11 14:02:03
BORORENEW,2025-02-14 18:51:13
BOROSCI,2024-08-13 23:16:58
BOROSCI,2024-11-12 17:01:41
BOROSCI,2025-02-11 13:55:37
BOSCH-HCIL,2021-02-09 13:49:23
BOSCH-HCIL,2021-05-25 14:08:00
BOSCH-HCIL,2021-08-05 13:47:30
BOSCH-HCIL,2021-10-28 13:53:36
BOSCH-HCIL,2022-02-08 14:05:33
BOSCH-HCIL,2022-05-26 17:04:13
BOSCH-HCIL,2023-01-25 15:45:10
BOSCH-HCIL,2023-05-23 16:18:22
BOSCH-HCIL,2023-07-26 15:47:34
BOSCH-HCIL,2023-10-27 15:48:58
BOSCH-HCIL,2024-01-30 16:50:38
BOSCH-HCIL,2024-05-23 17:07:44
BOSCH-HCIL,2024-07-30 15:44:41
BOSCH-HCIL,2024-10-23 16:18:16
BOSCH-HCIL,2025-02-11 14:41:51
BOSCHLTD,2021-02-11 15:42:23
BOSCHLTD,2021-05-20 13:18:33
BOSCHLTD,2021-05-31 20:30:53
BOSCHLTD,2021-08-04 14:58:46
BOSCHLTD,2021-11-09 23:31:11
BOSCHLTD,2022-02-09 13:07:53
BOSCHLTD,2022-05-19 14:16:16
BOSCHLTD,2023-02-14 13:28:52
BOSCHLTD,2023-05-10 23:00:27
BOSCHLTD,2023-07-31 19:46:45
BOSCHLTD,2023-11-09 14:59:00
BOSCHLTD,2024-02-13 15:22:36
BOSCHLTD,2024-05-24 17:24:10
BOSCHLTD,2024-08-06 19:20:01
BOSCHLTD,2024-11-12 15:34:17
BOSCHLTD,2025-01-28 16:33:29
BOSS,2024-11-14 16:12:53
BPCL,2021-02-08 19:35:02
BPCL,2021-05-26 19:40:24
BPCL,2021-08-12 14:24:59
BPCL,2021-08-12 15:30:03
BPCL,2021-10-29 18:01:07
BPCL,2022-01-31 17:20:39
BPCL,2022-05-26 14:28:53
BPCL,2023-01-30 17:38:23
BPCL,2023-05-22 19:48:11
BPCL,2023-07-26 14:38:22
BPCL,2023-10-27 19:29:41
BPCL,2024-01-29 13:37:05
BPCL,2024-05-09 17:56:08
BPCL,2024-07-19 15:05:09
BPCL,2024-10-25 15:18:18
BPCL,2025-01-22 15:45:39
BPL,2021-02-11 14:43:17
BPL,2021-06-29 17:12:32
BPL,2021-08-13 13:34:23
BPL,2021-11-12 17:17:35
BPL,2022-02-14 15:48:26
BPL,2022-05-30 17:09:54
BPL,2023-02-14 18:00:09
BPL,2023-05-29 18:29:38
BPL,2023-08-11 18:00:55
BPL,2023-11-10 14:18:35
BPL,2024-02-13 17:15:52
BPL,2024-05-24 17:15:37
BPL,2024-08-12 17:43:13
BPL,2024-11-13 16:52:59
BPL,2025-02-12 15:43:48
BRACEPORT,2024-11-12 18:27:11
BRFL,2021-02-12 17:53:34
BRFL,2021-11-30 20:27:12
BRFL,2021-12-06 19:15:41
BRFL,2021-12-06 19:18:20
BRFL,2022-02-14 17:42:47
BRFL,2022-06-08 15:12:13
BRFL,2022-12-21 17:09:59
BRIGADE,2021-02-04 19:09:10
BRIGADE,2021-05-18 17:04:53
BRIGADE,2021-08-05 15:59:22
BRIGADE,2021-11-11 17:13:51
BRIGADE,2022-02-03 17:34:30
BRIGADE,2022-05-12 17:32:26
BRIGADE,2023-02-09 17:54:35
BRIGADE,2023-05-24 15:26:08
BRIGADE,2023-08-08 16:31:27
BRIGADE,2023-11-08 18:09:00
BRIGADE,2024-02-06 16:52:08
BRIGADE,2024-05-28 18:01:24
BRIGADE,2024-08-05 18:21:53
BRIGADE,2024-11-13 18:43:25
BRIGADE,2025-01-29 17:25:22
BRIGHT,2021-06-17 15:21:10
BRIGHT,2021-06-17 15:39:33
BRIGHT,2021-11-11 17:53:16
BRIGHT,2021-11-11 17:55:59
BRIGHT,2022-05-30 17:11:47
BRIGHT,2023-05-31 18:41:38
BRIGHT,2023-12-12 18:38:37
BRIGHT,2024-07-02 16:26:36
BRITANNIA,2021-02-05 19:06:08
BRITANNIA,2021-04-27 17:43:00
BRITANNIA,2021-07-30 21:08:21
BRITANNIA,2021-11-08 15:34:37
BRITANNIA,2022-01-28 18:29:49
BRITANNIA,2022-05-02 16:39:07
BRITANNIA,2023-02-01 16:26:24
BRITANNIA,2023-05-05 17:49:36
BRITANNIA,2023-08-04 18:53:50
BRITANNIA,2023-11-01 20:50:18
BRITANNIA,2024-02-06 19:23:41
BRITANNIA,2024-05-03 20:23:42
BRITANNIA,2024-08-02 17:31:05
BRITANNIA,2024-11-11 18:07:21
BRITANNIA,2025-02-06 19:18:25
BRNL,2021-02-11 17:05:59
BRNL,2021-06-29 21:36:45
BRNL,2021-08-11 16:51:09
BRNL,2021-11-13 15:57:13
BRNL,2022-02-11 15:55:58
BRNL,2022-05-31 15:42:47
BRNL,2023-01-23 18:44:32
BRNL,2023-05-25 19:25:48
BRNL,2023-08-12 18:23:35
BRNL,2023-11-09 19:31:12
BRNL,2024-02-06 17:58:01
BRNL,2024-05-23 20:27:12
BRNL,2024-08-13 17:46:26
BRNL,2024-11-11 18:15:00
BRNL,2025-02-11 19:26:17
BROOKS,2021-02-11 17:43:22
BROOKS,2021-06-30 23:48:23
BROOKS,2021-07-02 12:14:18
BROOKS,2021-08-14 18:41:00
BROOKS,2021-11-12 19:54:12
BROOKS,2022-02-14 18:25:14
BROOKS,2022-05-30 17:00:10
BROOKS,2023-02-14 17:00:11
BROOKS,2023-05-29 17:23:17
BROOKS,2023-08-10 16:24:51
BROOKS,2023-11-09 15:47:59
BROOKS,2024-01-31 18:07:12
BROOKS,2024-05-18 17:21:24
BROOKS,2024-08-14 17:36:57
BROOKS,2024-11-09 16:22:50
BROOKS,2025-02-13 17:58:36
BSE,2021-02-11 19:33:40
BSE,2021-05-13 16:56:04
BSE,2021-05-13 23:03:33
BSE,2021-05-13 23:06:39
BSE,2021-08-06 16:35:43
BSE,2021-11-12 16:44:33
BSE,2022-02-08 16:35:16
BSE,2022-05-11 16:41:40
BSE,2023-02-07 16:30:07
BSE,2023-05-11 18:00:35
BSE,2023-08-09 17:24:47
BSE,2023-11-10 16:26:00
BSE,2024-02-05 17:07:19
BSE,2024-05-08 17:18:55
BSE,2024-08-07 16:49:54
BSE,2024-11-12 17:49:43
BSE,2025-02-06 18:13:20
BSELINFRA,2021-01-28 17:51:17
BSELINFRA,2021-05-27 17:44:06
BSHSL,2021-02-11 22:34:23
BSHSL,2021-06-21 12:51:14
BSHSL,2021-08-06 12:09:13
BSHSL,2021-10-15 12:54:06
BSHSL,2022-02-07 13:51:29
BSHSL,2022-05-20 18:07:23
BSHSL,2023-01-23 17:13:47
BSHSL,2023-05-01 16:07:06
BSHSL,2023-07-14 13:05:39
BSHSL,2023-10-16 16:03:31
BSHSL,2024-01-19 17:52:27
BSHSL,2024-05-14 16:13:52
BSHSL,2024-08-01 17:13:04
BSHSL,2024-10-22 16:40:40
BSHSL,2025-01-25 18:06:06
BSL,2021-02-05 12:21:47
BSL,2021-06-07 17:04:57
BSL,2021-08-03 14:16:51
BSL,2021-11-09 15:14:13
BSL,2022-02-08 14:45:23
BSL,2022-05-13 15:39:41
BSL,2023-02-13 14:23:10
BSL,2023-05-08 16:16:01
BSL,2023-08-09 14:19:52
BSL,2023-11-06 14:49:40
BSL,2024-02-10 18:00:55
BSL,2024-05-20 18:18:46
BSL,2024-08-05 17:53:49
BSL,2024-11-14 18:48:28
BSL,2025-02-13 16:31:52
BSOFT,2021-02-06 15:04:50
BSOFT,2021-05-21 17:45:17
BSOFT,2021-07-28 15:06:16
BSOFT,2021-10-26 17:23:54
BSOFT,2022-01-27 17:43:04
BSOFT,2022-05-23 21:40:43
BSOFT,2023-02-02 16:34:16
BSOFT,2023-05-08 18:08:28
BSOFT,2023-07-27 13:11:55
BSOFT,2023-10-31 18:15:14
BSOFT,2024-01-24 16:12:26
BSOFT,2024-04-29 15:58:14
BSOFT,2024-07-31 13:17:23
BSOFT,2024-10-23 17:47:46
BSOFT,2025-02-11 15:58:51
BTML,2021-07-01 18:22:33
BTML,2021-11-13 14:25:54
BTML,2022-04-08 18:28:49
BTML,2023-04-20 21:17:46
BTML,2023-08-11 19:06:15
BTML,2023-11-07 20:45:47
BTML,2024-02-08 19:04:20
BTML,2024-05-30 22:28:26
BTML,2024-08-14 17:48:00
BTML,2024-11-14 22:40:57
BTML,2025-02-14 18:45:17
BULKCORP,2024-11-14 18:14:07
BURNPUR,2021-01-30 14:42:56
BURNPUR,2021-06-02 13:42:01
BURNPUR,2021-08-12 14:59:28
BURNPUR,2021-11-13 13:27:29
BURNPUR,2021-11-13 13:32:40
BURNPUR,2022-01-25 14:58:23
BURNPUR,2022-05-23 14:02:09
BURNPUR,2023-02-09 13:10:48
BURNPUR,2023-05-29 20:43:57
BURNPUR,2023-08-09 13:49:48
BURNPUR,2023-11-09 12:55:47
BURNPUR,2024-02-12 13:03:07
BURNPUR,2024-05-28 13:56:36
BURNPUR,2024-08-08 13:49:24
BURNPUR,2024-11-11 13:05:37
BURNPUR,2025-02-10 12:52:46
BUTTERFLY,2021-02-03 13:16:58
BUTTERFLY,2021-05-17 18:57:05
BUTTERFLY,2021-08-04 13:17:02
BUTTERFLY,2021-10-27 14:15:36
BUTTERFLY,2022-02-07 12:48:55
BUTTERFLY,2022-05-12 11:27:40
BUTTERFLY,2023-01-23 16:54:34
BUTTERFLY,2023-05-12 18:31:22
BUTTERFLY,2023-07-31 18:10:36
BUTTERFLY,2023-10-19 17:37:05
BUTTERFLY,2024-02-05 18:09:45
BUTTERFLY,2024-05-14 18:48:42
BUTTERFLY,2024-07-24 14:00:25
BUTTERFLY,2024-11-11 18:36:31
BUTTERFLY,2025-02-10 18:13:35
BVCL,2021-02-12 18:15:18
BVCL,2021-06-29 16:37:20
BVCL,2021-08-13 17:29:37
BVCL,2021-11-12 16:08:23
BVCL,2022-02-14 18:37:14
BVCL,2022-05-25 14:48:07
BVCL,2023-02-13 17:16:14
BVCL,2023-05-30 16:40:17
BVCL,2023-08-11 16:40:26
BVCL,2023-11-09 18:36:22
BVCL,2024-02-14 17:20:25
BVCL,2024-05-30 17:54:25
BVCL,2024-08-14 18:33:42
BVCL,2024-11-14 17:24:08
BVCL,2025-02-14 16:40:06
BYKE,2021-02-12 18:27:38
BYKE,2021-02-12 23:49:22
BYKE,2021-06-25 18:25:39
BYKE,2021-08-10 18:45:24
BYKE,2021-11-11 18:51:07
BYKE,2022-01-28 18:19:28
BYKE,2022-05-30 18:02:54
BYKE,2023-02-08 18:56:45
BYKE,2023-05-15 19:23:33
BYKE,2023-07-20 18:38:20
BYKE,2023-11-08 22:23:02
BYKE,2024-02-07 20:27:00
BYKE,2024-05-22 19:59:53
BYKE,2024-08-09 17:51:28
BYKE,2024-11-13 18:45:45
BYKE,2025-02-11 19:53:32
CADSYS,2021-06-04 18:19:26
CADSYS,2021-06-04 18:24:10
CADSYS,2021-11-14 18:53:01
CADSYS,2021-11-15 19:26:14
CADSYS,2022-05-30 18:28:42
CADSYS,2022-05-31 17:02:04
CADSYS,2023-05-29 18:49:02
CADSYS,2023-11-14 18:55:07
CADSYS,2024-05-29 17:48:01
CADSYS,2024-11-14 16:38:32
CALSOFT,2021-02-05 16:11:06
CALSOFT,2021-04-12 19:05:54
CALSOFT,2021-07-28 19:25:17
CALSOFT,2021-10-15 17:52:25
CALSOFT,2022-01-21 18:53:26
CALSOFT,2022-05-30 20:55:37
CALSOFT,2023-02-14 18:07:14
CALSOFT,2023-05-30 18:55:44
CALSOFT,2023-08-14 17:50:51
CALSOFT,2023-11-14 17:15:20
CALSOFT,2024-02-14 16:13:18
CALSOFT,2024-05-30 17:36:14
CALSOFT,2024-08-14 18:02:32
CALSOFT,2024-10-25 16:38:28
CALSOFT,2025-02-14 22:31:34
CAMLINFINE,2021-02-08 16:54:51
CAMLINFINE,2021-05-28 19:17:27
CAMLINFINE,2021-08-13 14:47:35
CAMLINFINE,2021-11-12 16:51:01
CAMLINFINE,2022-02-07 15:22:48
CAMLINFINE,2022-05-19 18:28:35
CAMLINFINE,2023-02-13 17:19:40
CAMLINFINE,2023-05-22 16:45:55
CAMLINFINE,2023-08-11 16:02:25
CAMLINFINE,2023-11-06 15:36:57
CAMLINFINE,2024-02-09 16:17:58
CAMLINFINE,2024-05-20 19:51:21
CAMLINFINE,2024-08-12 17:01:28
CAMLINFINE,2024-11-11 15:28:31
CAMLINFINE,2025-02-14 16:05:13
CAMPUS,2022-05-30 16:54:12
CAMPUS,2023-02-13 18:37:59
CAMPUS,2023-05-29 17:28:13
CAMPUS,2023-08-10 16:43:17
CAMPUS,2023-11-09 15:32:18
CAMPUS,2024-02-10 14:41:47
CAMPUS,2024-05-28 15:40:47
CAMPUS,2024-08-12 15:45:24
CAMPUS,2024-11-11 13:52:14
CAMPUS,2025-02-11 14:23:57
CAMS,2021-05-26 09:07:43
CAMS,2021-05-26 15:17:33
CAMS,2021-08-10 14:26:18
CAMS,2021-11-14 13:24:52
CAMS,2022-02-10 13:43:27
CAMS,2022-05-05 13:11:03
CAMS,2023-02-07 12:37:58
CAMS,2023-05-06 13:36:48
CAMS,2023-08-04 13:33:04
CAMS,2023-11-08 11:11:20
CAMS,2024-02-06 13:49:09
CAMS,2024-05-09 13:47:56
CAMS,2024-08-02 13:57:23
CAMS,2024-10-28 13:20:35
CAMS,2025-01-29 14:11:24
CANARYS,2024-05-28 15:45:25
CANARYS,2024-11-18 15:43:02
CANBK,2021-01-27 12:45:46
CANBK,2021-05-18 13:45:13
CANBK,2021-07-27 12:57:20
CANBK,2021-10-26 11:46:45
CANBK,2021-11-11 18:44:44
CANBK,2022-01-27 12:19:16
CANBK,2022-05-06 12:22:10
CANBK,2023-01-23 16:48:06
CANBK,2023-05-08 13:15:07
CANBK,2023-07-24 12:51:22
CANBK,2023-10-26 15:47:09
CANBK,2024-01-24 12:39:28
CANBK,2024-05-08 13:34:18
CANBK,2024-07-25 13:17:06
CANBK,2024-10-29 12:49:56
CANBK,2025-01-27 13:29:18
CANDC,2025-02-14 22:10:42
CANFINHOME,2021-01-25 15:49:34
CANFINHOME,2021-04-30 18:36:15
CANFINHOME,2021-07-22 19:40:35
CANFINHOME,2021-10-21 16:30:09
CANFINHOME,2022-01-25 19:15:17
CANFINHOME,2022-04-29 20:35:58
CANFINHOME,2023-01-19 18:20:57
CANFINHOME,2023-04-26 21:29:01
CANFINHOME,2023-07-19 19:17:07
CANFINHOME,2023-10-17 20:51:30
CANFINHOME,2024-01-20 13:51:36
CANFINHOME,2024-04-29 18:56:52
CANFINHOME,2024-07-20 20:16:33
CANFINHOME,2024-10-22 18:24:43
CANFINHOME,2025-01-18 17:38:11
CANTABIL,2021-02-05 13:32:26
CANTABIL,2021-06-10 14:11:03
CANTABIL,2021-08-13 14:39:12
CANTABIL,2021-10-29 13:50:36
CANTABIL,2022-02-01 13:12:08
CANTABIL,2022-05-18 14:17:28
CANTABIL,2023-02-07 15:48:43
CANTABIL,2023-05-15 15:22:10
CANTABIL,2023-08-12 17:35:34
CANTABIL,2023-10-31 15:02:49
CANTABIL,2024-02-07 14:42:12
CANTABIL,2024-05-15 18:03:23
CANTABIL,2024-08-13 16:09:30
CANTABIL,2024-11-12 16:09:14
CANTABIL,2025-02-10 16:03:45
CAPACITE,2021-02-11 18:08:45
CAPACITE,2021-06-12 14:53:55
CAPACITE,2021-08-10 14:58:21
CAPACITE,2021-11-11 15:03:00
CAPACITE,2022-02-14 13:22:45
CAPACITE,2022-02-14 19:15:27
CAPACITE,2022-05-27 21:37:06
CAPACITE,2023-02-13 13:52:52
CAPACITE,2023-05-26 18:12:25
CAPACITE,2023-08-11 17:57:33
CAPACITE,2023-11-14 17:43:57
CAPACITE,2024-02-15 13:59:34
CAPACITE,2024-05-28 23:45:05
CAPACITE,2024-08-14 15:45:13
CAPACITE,2024-11-14 14:56:53
CAPACITE,2025-02-13 18:30:54
CAPITALSFB,2024-02-27 19:22:04
CAPITALSFB,2024-05-09 15:17:46
CAPITALSFB,2024-07-30 18:19:03
CAPITALSFB,2024-10-24 17:54:41
CAPITALSFB,2025-01-29 17:04:24
CAPLIPOINT,2021-02-04 12:46:43
CAPLIPOINT,2021-05-06 12:57:19
CAPLIPOINT,2021-08-05 12:24:10
CAPLIPOINT,2021-11-02 12:58:04
CAPLIPOINT,2022-02-03 13:06:31
CAPLIPOINT,2022-05-12 13:04:17
CAPLIPOINT,2023-02-11 13:38:44
CAPLIPOINT,2023-05-27 12:49:29
CAPLIPOINT,2023-08-07 13:57:27
CAPLIPOINT,2023-11-09 12:59:09
CAPLIPOINT,2024-02-09 13:00:20
CAPLIPOINT,2024-05-16 13:50:40
CAPLIPOINT,2024-08-07 12:49:14
CAPLIPOINT,2024-11-07 13:35:28
CAPLIPOINT,2025-02-07 15:23:44
CAPTRUST,2021-02-08 18:19:43
CAPTRUST,2021-06-29 21:40:35
CAPTRUST,2021-08-14 17:53:11
CAPTRUST,2021-11-14 16:23:06
CAPTRUST,2022-02-12 17:38:56
CAPTRUST,2022-05-27 18:24:16
CAPTRUST,2023-02-14 17:09:36
CAPTRUST,2023-05-27 19:25:33
CAPTRUST,2023-08-14 17:02:21
CAPTRUST,2023-11-08 18:06:33
CAPTRUST,2024-02-13 17:49:13
CAPTRUST,2024-05-28 18:00:46
CAPTRUST,2024-08-13 17:41:05
CAPTRUST,2024-11-14 17:24:11
CAPTRUST,2025-02-14 17:22:47
CARBORUNIV,2021-02-02 14:01:08
CARBORUNIV,2021-04-28 15:43:51
CARBORUNIV,2021-08-02 14:17:24
CARBORUNIV,2021-11-01 14:48:48
CARBORUNIV,2022-02-10 14:40:47
CARBORUNIV,2022-05-13 20:45:24
CARBORUNIV,2023-01-31 14:51:28
CARBORUNIV,2023-05-08 17:03:45
CARBORUNIV,2023-08-02 14:50:36
CARBORUNIV,2023-10-27 13:34:54
CARBORUNIV,2024-01-31 14:06:26
CARBORUNIV,2024-05-03 17:25:04
CARBORUNIV,2024-07-30 14:09:30
CARBORUNIV,2024-10-30 14:56:09
CARBORUNIV,2025-02-13 17:18:57
CARERATING,2021-02-06 16:16:03
CARERATING,2021-06-12 18:50:08
CARERATING,2021-08-03 20:21:16
CARERATING,2021-10-29 21:22:48
CARERATING,2022-01-28 20:08:40
CARERATING,2022-05-29 15:15:42
CARERATING,2023-01-28 20:12:20
CARERATING,2023-05-12 00:22:12
CARERATING,2023-08-09 17:40:11
CARERATING,2023-10-31 19:23:06
CARERATING,2024-01-24 19:45:22
CARERATING,2024-05-09 23:29:44
CARERATING,2024-08-07 20:09:08
CARERATING,2024-10-23 17:50:00
CARERATING,2025-01-30 17:26:34
CARRARO,2025-02-06 16:37:29
CARTRADE,2021-10-28 19:14:55
CARTRADE,2021-10-29 17:39:33
CARTRADE,2021-10-31 22:58:30
CARTRADE,2022-01-25 17:27:05
CARTRADE,2022-05-04 17:10:45
CARTRADE,2023-01-24 18:19:51
CARTRADE,2023-04-28 11:48:02
CARTRADE,2023-08-10 11:07:34
CARTRADE,2023-11-09 16:13:32
CARTRADE,2024-02-08 13:05:43
CARTRADE,2024-05-06 11:44:03
CARTRADE,2024-07-30 13:15:25
CARTRADE,2024-10-28 12:06:29
CARTRADE,2025-01-29 11:42:26
CARYSIL,2021-02-05 14:46:36
CARYSIL,2021-05-20 14:23:07
CARYSIL,2021-08-05 19:15:27
CARYSIL,2021-11-11 12:50:45
CARYSIL,2022-02-02 14:48:20
CARYSIL,2022-05-17 21:24:53
CARYSIL,2023-02-13 15:21:12
CARYSIL,2023-05-25 14:53:53
CARYSIL,2023-08-11 15:52:57
CARYSIL,2023-11-07 15:15:59
CARYSIL,2024-01-31 16:09:21
CARYSIL,2024-05-20 19:56:23
CARYSIL,2024-08-08 14:47:23
CARYSIL,2024-11-07 15:09:32
CARYSIL,2025-02-12 14:22:29
CASTEXTECH,2021-02-13 19:43:44
CASTEXTECH,2021-07-10 21:02:38
CASTEXTECH,2021-08-14 16:33:06
CASTROLIND,2021-02-01 19:38:36
CASTROLIND,2021-04-26 21:44:31
CASTROLIND,2021-08-02 18:55:00
CASTROLIND,2021-10-29 17:42:39
CASTROLIND,2022-02-07 18:48:23
CASTROLIND,2022-05-02 17:29:21
CASTROLIND,2023-02-13 18:16:43
CASTROLIND,2023-05-09 16:51:03
CASTROLIND,2023-07-31 14:21:19
CASTROLIND,2023-10-30 16:42:23
CASTROLIND,2024-02-01 20:24:05
CASTROLIND,2024-04-30 16:40:11
CASTROLIND,2024-07-30 15:52:17
CASTROLIND,2024-10-24 16:06:39
CASTROLIND,2025-02-03 19:31:11
CBAZAAR,2024-05-25 16:47:02
CBAZAAR,2024-11-14 17:33:25
CCAVENUE,2021-02-11 14:23:37
CCAVENUE,2021-05-27 14:56:18
CCAVENUE,2021-08-10 14:32:23
CCAVENUE,2021-10-28 13:29:28
CCAVENUE,2022-01-31 13:39:11
CCAVENUE,2022-05-09 14:52:40
CCAVENUE,2023-02-06 12:04:44
CCAVENUE,2023-05-25 13:29:13
CCAVENUE,2023-08-08 14:16:26
CCAVENUE,2023-11-02 12:50:35
CCAVENUE,2024-01-23 12:27:22
CCAVENUE,2024-05-16 13:27:18
CCAVENUE,2024-08-02 13:00:48
CCAVENUE,2024-11-12 13:17:22
CCAVENUE,2025-02-04 13:17:05
CCCL,2021-02-12 18:42:47
CCCL,2021-08-12 17:54:11
CCCL,2021-10-19 18:30:57
CCCL,2021-11-27 17:24:46
CCCL,2022-02-15 16:17:13
CCCL,2022-06-28 18:56:13
CCCL,2023-01-28 16:18:14
CCCL,2023-04-28 18:52:00
CCCL,2023-07-28 17:59:42
CCCL,2023-11-03 17:12:23
CCCL,2024-02-13 15:56:16
CCCL,2024-05-04 15:16:11
CCCL,2024-07-30 13:10:50
CCCL,2024-10-30 11:12:34
CCCL,2025-01-29 15:07:34
CCHHL,2021-02-12 22:26:58
CCHHL,2021-06-30 23:39:23
CCHHL,2021-08-12 18:03:03
CCHHL,2021-11-12 20:07:56
CCHHL,2022-02-12 18:21:45
CCHHL,2022-05-30 22:08:15
CCHHL,2023-02-13 17:06:53
CCHHL,2023-05-30 21:10:23
CCHHL,2023-08-11 20:02:56
CCHHL,2023-11-10 18:48:51
CCHHL,2024-02-13 18:06:10
CCHHL,2024-05-30 22:40:07
CCHHL,2024-08-13 17:57:27
CCHHL,2024-11-12 18:37:45
CCHHL,2025-02-13 18:41:44
CCL,2021-01-28 16:01:29
CCL,2021-05-21 21:17:14
CCL,2021-07-29 14:16:51
CCL,2021-10-28 15:16:52
CCL,2022-01-19 15:19:13
CCL,2022-05-26 15:50:52
CCL,2023-01-18 13:23:44
CCL,2023-05-16 16:32:13
CCL,2023-07-14 18:58:25
CCL,2023-11-04 17:53:48
CCL,2024-02-05 19:28:37
CCL,2024-05-11 21:29:10
CCL,2024-08-07 18:41:04
CCL,2024-11-05 20:54:37
CCL,2025-02-05 16:43:00
CDSL,2021-01-31 17:31:20
CDSL,2021-05-01 14:54:15
CDSL,2021-07-31 14:51:54
CDSL,2021-10-30 16:11:48
CDSL,2022-02-05 15:18:01
CDSL,2022-04-29 18:50:16
CDSL,2023-02-01 16:37:33
CDSL,2023-04-29 14:03:24
CDSL,2023-08-05 16:54:56
CDSL,2023-10-28 13:54:48
CDSL,2024-02-03 13:17:26
CDSL,2024-05-04 13:56:23
CDSL,2024-08-03 14:07:33
CDSL,2024-10-26 13:15:10
CDSL,2025-01-25 13:19:49
CEATLTD,2021-01-19 15:09:53
CEATLTD,2021-05-05 14:55:09
CEATLTD,2021-07-21 18:07:29
CEATLTD,2021-10-25 18:20:10
CEATLTD,2022-01-19 18:36:18
CEATLTD,2022-05-05 18:07:41
CEATLTD,2023-01-25 17:38:51
CEATLTD,2023-05-04 18:25:26
CEATLTD,2023-07-25 17:49:22
CEATLTD,2023-10-16 18:23:24
CEATLTD,2024-01-24 17:50:24
CEATLTD,2024-05-02 19:36:41
CEATLTD,2024-07-18 18:51:12
CEATLTD,2024-10-17 19:33:49
CEATLTD,2025-01-15 19:40:16
CEIGALL,2024-09-10 16:37:28
CEIGALL,2024-11-05 14:55:06
CEIGALL,2025-02-04 13:28:19
CELEBRITY,2021-02-11 14:05:58
CELEBRITY,2021-05-21 13:17:09
CELEBRITY,2021-08-13 11:05:40
CELEBRITY,2021-11-10 13:18:22
CELEBRITY,2021-11-11 16:06:48
CELEBRITY,2022-02-01 13:18:21
CELEBRITY,2022-05-18 11:27:03
CELEBRITY,2023-02-13 11:20:27
CELEBRITY,2023-05-19 11:16:16
CELEBRITY,2023-08-14 11:05:56
CELEBRITY,2023-11-09 11:21:19
CELEBRITY,2024-02-14 11:14:03
CELEBRITY,2024-05-29 11:11:52
CELEBRITY,2024-08-02 12:43:45
CELEBRITY,2024-11-12 12:39:48
CELEBRITY,2025-02-12 12:12:13
CELESTIAL,2023-02-14 16:37:53
CELESTIAL,2024-03-29 18:48:53
CELESTIAL,2024-03-29 19:14:49
CELESTIAL,2024-03-29 19:15:41
CELESTIAL,2024-03-29 19:17:03
CELLECOR,2023-10-25 17:54:20
CELLECOR,2024-04-25 17:37:25
CELLECOR,2024-10-16 11:33:41
CELLO,2023-11-25 18:25:40
CELLO,2024-02-09 20:44:30
CELLO,2024-05-23 17:43:10
CELLO,2024-08-11 17:03:55
CELLO,2024-11-12 21:19:22
CELLO,2025-02-11 20:31:11
CELLPOINT,2023-07-20 17:13:51
CELLPOINT,2023-11-13 19:06:49
CELLPOINT,2024-05-28 20:41:53
CELLPOINT,2024-05-28 21:21:29
CELLPOINT,2024-11-02 18:22:01
CEMPRO,2021-02-11 18:10:01
CEMPRO,2021-05-28 18:34:19
CEMPRO,2021-05-30 12:50:22
CEMPRO,2021-08-05 18:11:34
CEMPRO,2021-11-10 18:20:18
CEMPRO,2022-02-11 18:28:47
CEMPRO,2022-05-26 19:36:33
CEMPRO,2023-02-08 17:37:12
CEMPRO,2023-05-25 17:24:24
CEMPRO,2023-08-07 16:42:32
CEMPRO,2023-11-08 17:40:08
CEMPRO,2024-02-08 17:51:57
CEMPRO,2024-05-28 19:03:09
CEMPRO,2024-08-07 17:55:26
CEMPRO,2024-11-07 18:04:28
CEMPRO,2025-02-12 17:53:31
CENTENKA,2021-02-02 13:40:12
CENTENKA,2021-05-18 14:44:06
CENTENKA,2021-08-10 14:01:59
CENTENKA,2021-10-19 18:05:54
CENTENKA,2021-10-26 15:00:50
CENTENKA,2022-02-03 13:42:34
CENTENKA,2022-05-11 14:25:45
CENTENKA,2023-02-08 14:17:55
CENTENKA,2023-05-18 14:46:03
CENTENKA,2023-08-08 17:29:07
CENTENKA,2023-11-02 13:49:58
CENTENKA,2024-01-23 14:03:37
CENTENKA,2024-05-16 14:32:57
CENTENKA,2024-08-05 13:53:31
CENTENKA,2024-11-07 13:58:05
CENTENKA,2025-02-11 14:02:15
CENTEXT,2021-02-12 16:35:59
CENTEXT,2021-06-30 16:26:20
CENTEXT,2021-08-13 17:23:38
CENTEXT,2021-11-13 17:37:33
CENTEXT,2022-02-14 16:53:11
CENTEXT,2022-02-14 17:12:52
CENTEXT,2022-05-23 19:06:32
CENTEXT,2023-02-08 14:25:40
CENTEXT,2023-05-30 18:20:48
CENTEXT,2023-08-11 18:32:41
CENTEXT,2023-11-09 15:21:42
CENTEXT,2024-02-13 17:33:09
CENTEXT,2024-05-30 16:06:20
CENTEXT,2024-08-09 16:53:39
CENTEXT,2024-11-11 16:49:05
CENTEXT,2025-02-11 16:45:21
CENTRALBK,2021-02-09 13:29:23
CENTRALBK,2021-06-07 14:23:07
CENTRALBK,2021-07-28 13:44:22
CENTRALBK,2021-10-26 15:11:48
CENTRALBK,2021-10-26 15:29:03
CENTRALBK,2022-01-21 15:46:12
CENTRALBK,2022-01-28 11:30:33
CENTRALBK,2022-05-09 11:50:19
CENTRALBK,2023-01-18 13:19:37
CENTRALBK,2023-04-29 14:12:04
CENTRALBK,2023-07-17 13:12:19
CENTRALBK,2023-10-20 17:35:00
CENTRALBK,2024-01-19 12:48:34
CENTRALBK,2024-04-30 14:03:15
CENTRALBK,2024-07-18 13:19:36
CENTRALBK,2024-10-17 13:27:01
CENTRALBK,2025-01-20 14:30:30
CENTRUM,2021-02-12 16:19:08
CENTRUM,2021-06-22 16:52:45
CENTRUM,2021-06-25 22:49:28
CENTRUM,2021-08-13 17:12:50
CENTRUM,2021-11-03 16:34:30
CENTRUM,2022-02-11 17:45:12
CENTRUM,2022-05-30 17:37:04
CENTRUM,2023-02-13 17:19:11
CENTRUM,2023-05-19 18:29:13
CENTRUM,2023-08-12 14:45:24
CENTRUM,2023-11-10 16:35:33
CENTRUM,2024-02-09 16:28:42
CENTRUM,2024-05-17 16:29:54
CENTRUM,2024-08-14 16:04:45
CENTRUM,2024-10-30 15:40:43
CENTRUM,2025-01-24 16:47:53
CENTUM,2021-02-10 21:33:03
CENTUM,2021-06-15 22:02:51
CENTUM,2021-08-14 20:11:42
CENTUM,2021-11-10 21:37:52
CENTUM,2022-02-14 21:23:08
CENTUM,2022-05-24 22:55:55
CENTUM,2023-02-07 21:40:14
CENTUM,2023-05-27 19:44:14
CENTUM,2023-08-11 22:02:40
CENTUM,2023-11-09 21:40:44
CENTUM,2024-02-07 16:16:21
CENTUM,2024-05-22 21:38:35
CENTUM,2024-08-09 20:10:37
CENTUM,2024-11-12 16:49:31
CENTUM,2025-02-14 20:07:26
CENTURYPLY,2021-02-09 14:03:35
CENTURYPLY,2021-06-10 14:49:36
CENTURYPLY,2021-08-10 14:52:59
CENTURYPLY,2021-11-02 14:13:37
CENTURYPLY,2022-01-28 14:17:09
CENTURYPLY,2022-05-16 14:34:00
CENTURYPLY,2023-02-07 14:29:21
CENTURYPLY,2023-05-15 14:20:32
CENTURYPLY,2023-08-04 14:03:09
CENTURYPLY,2023-11-08 14:48:00
CENTURYPLY,2024-02-02 14:45:45
CENTURYPLY,2024-05-24 14:16:14
CENTURYPLY,2024-08-05 14:13:28
CENTURYPLY,2024-11-13 14:00:11
CENTURYPLY,2025-02-07 14:09:18
CERA,2021-02-02 12:54:14
CERA,2021-06-10 12:56:14
CERA,2021-08-05 12:31:27
CERA,2021-10-26 12:25:52
CERA,2022-01-24 12:29:51
CERA,2022-05-10 13:36:12
CERA,2023-02-02 12:52:15
CERA,2023-05-10 13:08:45
CERA,2023-08-03 12:31:04
CERA,2023-11-01 12:42:43
CERA,2024-02-12 12:45:32
CERA,2024-05-13 13:20:51
CERA,2024-08-12 12:34:03
CERA,2024-11-12 12:48:44
CERA,2025-02-11 12:22:23
CEREBRAINT,2021-02-12 16:18:55
CEREBRAINT,2021-07-01 04:18:58
CEREBRAINT,2021-08-14 18:44:07
CEREBRAINT,2021-11-13 22:50:11
CEREBRAINT,2022-01-27 16:16:17
CEREBRAINT,2022-05-30 23:08:14
CEREBRAINT,2023-02-14 16:34:45
CEREBRAINT,2023-05-30 21:05:21
CEREBRAINT,2023-08-10 18:26:22
CEREBRAINT,2023-11-06 21:12:35
CEREBRAINT,2024-02-14 21:05:00
CEREBRAINT,2024-05-29 21:51:55
CEREBRAINT,2024-08-13 20:49:05
CEREBRAINT,2024-11-14 20:17:16
CEREBRAINT,2025-02-13 19:56:03
CESC,2021-01-13 14:09:24
CESC,2021-06-16 16:42:37
CESC,2021-08-11 15:42:29
CESC,2021-11-11 13:08:24
CESC,2022-01-13 13:28:36
CESC,2022-05-13 18:04:05
CESC,2023-02-14 17:12:15
CESC,2023-05-22 14:43:48
CESC,2023-08-04 15:13:44
CESC,2023-11-08 15:02:54
CESC,2024-01-19 17:00:54
CESC,2024-05-23 17:29:46
CESC,2024-08-09 16:45:30
CESC,2024-11-12 13:16:06
CESC,2025-01-10 14:09:10
CEWATER,2025-01-17 21:18:50
CEWATER,2025-02-13 21:53:53
CGCL,2021-02-09 19:17:32
CGCL,2021-05-27 20:18:27
CGCL,2021-08-02 19:58:11
CGCL,2021-08-23 18:08:06
CGCL,2021-10-30 20:14:04
CGCL,2022-02-12 19:48:08
CGCL,2022-05-21 23:56:06
CGCL,2023-01-28 21:24:28
CGCL,2023-05-22 22:23:27
CGCL,2023-08-05 20:05:22
CGCL,2023-10-31 22:20:01
CGCL,2024-01-27 22:40:10
CGCL,2024-05-08 23:54:58
CGCL,2024-08-03 15:06:02
CGCL,2024-10-29 19:34:27
CGCL,2025-01-23 20:19:16
CGPOWER,2021-02-05 19:05:19
CGPOWER,2021-06-11 18:46:21
CGPOWER,2021-08-02 17:44:57
CGPOWER,2021-10-21 14:22:06
CGPOWER,2021-12-31 12:08:19
CGPOWER,2022-01-27 13:14:53
CGPOWER,2022-05-02 12:58:03
CGPOWER,2023-01-24 13:05:06
CGPOWER,2023-05-08 13:22:07
CGPOWER,2023-07-27 12:45:46
CGPOWER,2023-10-20 13:41:55
CGPOWER,2024-01-23 14:37:01
CGPOWER,2024-05-06 13:47:52
CGPOWER,2024-07-24 12:55:39
CGPOWER,2024-10-21 14:36:34
CGPOWER,2025-01-28 14:22:51
CGRAPHICS,2024-05-24 16:12:44
CGRAPHICS,2024-11-08 17:10:31
CHALET,2021-02-09 18:11:21
CHALET,2021-05-18 19:33:41
CHALET,2021-08-10 18:39:28
CHALET,2021-10-28 16:49:18
CHALET,2022-01-27 16:51:10
CHALET,2022-05-10 14:11:03
CHALET,2023-01-24 13:41:06
CHALET,2023-05-09 13:46:10
CHALET,2023-07-28 16:53:31
CHALET,2023-10-25 16:57:07
CHALET,2024-01-24 18:45:25
CHALET,2024-05-13 19:48:36
CHALET,2024-07-25 16:54:45
CHALET,2024-10-24 18:59:44
CHALET,2025-01-29 16:34:49
CHAMBLFERT,2021-02-04 17:48:37
CHAMBLFERT,2021-05-10 18:32:45
CHAMBLFERT,2021-08-04 14:38:16
CHAMBLFERT,2021-11-01 16:11:30
CHAMBLFERT,2022-01-28 14:27:54
CHAMBLFERT,2022-05-19 17:32:32
CHAMBLFERT,2023-02-07 14:03:37
CHAMBLFERT,2023-05-26 16:34:14
CHAMBLFERT,2023-08-08 11:57:54
CHAMBLFERT,2023-11-03 13:36:23
CHAMBLFERT,2024-02-06 14:06:25
CHAMBLFERT,2024-05-07 17:25:25
CHAMBLFERT,2024-08-06 15:54:44
CHAMBLFERT,2024-11-06 16:57:19
CHAMBLFERT,2025-02-06 13:08:37
CHAVDA,2023-11-08 13:13:38
CHAVDA,2023-11-09 10:05:45
CHAVDA,2024-05-29 17:56:11
CHAVDA,2024-11-14 14:46:47
CHEMBOND,2021-01-16 14:20:24
CHEMBOND,2021-05-05 15:37:19
CHEMBOND,2021-05-15 17:02:19
CHEMBOND,2021-06-08 22:28:34
CHEMBOND,2021-07-14 18:52:56
CHEMBOND,2021-07-24 13:57:05
CHEMBOND,2021-11-16 17:56:16
CHEMBOND,2022-01-19 15:06:31
CHEMBOND,2022-05-14 17:39:07
CHEMBOND,2023-01-21 17:18:16
CHEMBOND,2023-05-20 16:34:47
CHEMBOND,2023-08-12 12:41:52
CHEMBOND,2023-11-04 14:48:34
CHEMBOND,2024-01-25 14:05:39
CHEMBOND,2024-05-25 19:35:18
CHEMBOND,2024-07-26 15:00:46
CHEMBOND,2024-10-25 13:54:15
CHEMBOND,2025-01-24 14:28:32
CHEMCON,2021-02-12 16:49:50
CHEMCON,2021-05-31 14:06:14
CHEMCON,2021-08-09 13:29:20
CHEMCON,2021-10-28 19:08:03
CHEMCON,2022-02-07 17:54:37
CHEMCON,2022-05-26 17:59:43
CHEMCON,2023-02-03 17:01:55
CHEMCON,2023-05-26 17:14:43
CHEMCON,2023-08-11 17:01:19
CHEMCON,2023-11-08 16:47:27
CHEMCON,2024-02-10 17:25:08
CHEMCON,2024-05-18 17:24:55
CHEMCON,2024-08-03 17:03:26
CHEMCON,2024-10-28 17:31:47
CHEMCON,2025-02-12 17:59:20
CHEMFAB,2021-01-29 15:47:03
CHEMFAB,2021-05-21 17:23:10
CHEMFAB,2021-07-30 17:02:08
CHEMFAB,2021-10-29 16:51:35
CHEMFAB,2022-01-31 19:01:17
CHEMFAB,2022-05-25 19:37:15
CHEMFAB,2023-02-07 16:48:31
CHEMFAB,2023-05-18 18:07:06
CHEMFAB,2023-07-27 17:02:00
CHEMFAB,2023-10-26 17:45:32
CHEMFAB,2024-02-08 18:31:24
CHEMFAB,2024-05-22 18:21:38
CHEMFAB,2024-08-08 17:26:28
CHEMFAB,2024-11-04 16:40:42
CHEMFAB,2025-01-30 17:40:12
CHEMPLASTS,2021-10-29 21:04:43
CHEMPLASTS,2021-10-30 14:03:40
CHEMPLASTS,2022-01-28 20:06:14
CHEMPLASTS,2022-01-28 20:11:31
CHEMPLASTS,2022-05-10 20:13:57
CHEMPLASTS,2023-02-11 13:02:07
CHEMPLASTS,2023-05-16 19:27:25
CHEMPLASTS,2023-08-10 15:11:52
CHEMPLASTS,2023-11-02 19:56:05
CHEMPLASTS,2024-02-12 18:36:59
CHEMPLASTS,2024-05-20 18:54:49
CHEMPLASTS,2024-08-07 18:14:47
CHEMPLASTS,2024-11-05 18:41:07
CHEMPLASTS,2025-02-07 17:51:47
CHENNPETRO,2021-01-25 15:39:40
CHENNPETRO,2021-04-28 20:03:00
CHENNPETRO,2021-07-22 19:38:20
CHENNPETRO,2021-10-22 15:28:34
CHENNPETRO,2022-01-24 17:38:12
CHENNPETRO,2022-04-27 20:20:08
CHENNPETRO,2023-01-25 17:10:28
CHENNPETRO,2023-04-27 14:02:45
CHENNPETRO,2023-07-24 19:38:27
CHENNPETRO,2023-10-25 17:04:44
CHENNPETRO,2024-01-22 18:21:22
CHENNPETRO,2024-04-24 11:59:49
CHENNPETRO,2024-07-25 15:18:24
CHENNPETRO,2024-10-22 17:05:12
CHENNPETRO,2025-01-18 17:00:56
CHETANA,2024-11-09 17:08:07
CHEVIOT,2023-02-11 11:55:10
CHEVIOT,2023-05-25 13:16:32
CHEVIOT,2023-08-10 11:56:58
CHEVIOT,2023-11-09 12:21:13
CHEVIOT,2024-01-30 12:34:37
CHEVIOT,2024-05-24 13:37:29
CHEVIOT,2024-08-08 12:02:14
CHEVIOT,2024-11-08 12:39:36
CHEVIOT,2025-02-13 16:09:26
CHOICEIN,2022-05-24 22:31:58
CHOICEIN,2023-01-13 18:22:07
CHOICEIN,2023-05-04 19:23:06
CHOICEIN,2023-07-17 13:54:06
CHOICEIN,2023-10-16 13:48:10
CHOICEIN,2024-01-15 17:50:58
CHOICEIN,2024-05-06 17:51:58
CHOICEIN,2024-07-18 17:50:27
CHOICEIN,2024-10-22 16:50:23
CHOICEIN,2025-01-29 19:28:10
CHOLAFIN,2021-01-29 14:45:17
CHOLAFIN,2021-05-07 18:24:31
CHOLAFIN,2021-07-30 15:51:31
CHOLAFIN,2021-10-29 19:33:44
CHOLAFIN,2022-02-01 18:55:32
CHOLAFIN,2022-05-05 18:45:25
CHOLAFIN,2023-01-31 18:08:30
CHOLAFIN,2023-05-03 17:37:25
CHOLAFIN,2023-08-01 15:30:53
CHOLAFIN,2023-11-02 14:52:58
CHOLAFIN,2024-01-25 15:34:38
CHOLAFIN,2024-04-30 15:23:31
CHOLAFIN,2024-07-26 14:56:22
CHOLAFIN,2024-10-25 14:59:05
CHOLAFIN,2025-01-31 14:00:59
CHOLAHLDNG,2021-02-05 13:59:09
CHOLAHLDNG,2021-05-14 16:57:34
CHOLAHLDNG,2021-08-04 15:00:15
CHOLAHLDNG,2021-11-02 15:21:16
CHOLAHLDNG,2022-02-11 16:19:43
CHOLAHLDNG,2022-05-11 17:49:59
CHOLAHLDNG,2023-02-09 16:46:42
CHOLAHLDNG,2023-05-12 17:13:30
CHOLAHLDNG,2023-08-10 14:51:06
CHOLAHLDNG,2023-11-09 14:52:37
CHOLAHLDNG,2024-02-05 15:05:41
CHOLAHLDNG,2024-05-10 16:42:40
CHOLAHLDNG,2024-08-09 14:18:21
CHOLAHLDNG,2024-11-08 15:08:48
CHOLAHLDNG,2025-02-07 14:28:15
CHROMATIC,2021-03-25 12:44:14
CIEINDIA,2021-02-19 19:47:12
CIEINDIA,2021-04-29 14:56:13
CIEINDIA,2021-07-21 18:11:59
CIEINDIA,2021-10-14 18:26:15
CIEINDIA,2022-02-22 19:08:01
CIEINDIA,2022-04-25 18:31:38
CIEINDIA,2023-02-22 19:14:36
CIEINDIA,2023-04-25 17:59:36
CIEINDIA,2023-07-18 19:16:36
CIEINDIA,2023-10-17 18:14:15
CIEINDIA,2024-02-19 17:55:30
CIEINDIA,2024-05-02 18:00:54
CIEINDIA,2024-07-18 19:11:59
CIEINDIA,2024-10-24 18:47:55
CIEINDIA,2025-02-20 19:41:11
CIGNITITEC,2021-01-28 16:44:54
CIGNITITEC,2021-04-29 16:41:30
CIGNITITEC,2021-07-23 15:47:06
CIGNITITEC,2021-10-21 16:52:29
CIGNITITEC,2022-01-28 15:58:34
CIGNITITEC,2022-05-04 19:11:14
CIGNITITEC,2023-01-31 20:08:00
CIGNITITEC,2023-05-02 18:05:47
CIGNITITEC,2023-05-03 21:33:11
CIGNITITEC,2023-07-28 16:29:27
CIGNITITEC,2023-11-03 16:30:01
CIGNITITEC,2024-02-06 14:50:13
CIGNITITEC,2024-05-01 23:16:35
CIGNITITEC,2024-07-22 18:43:57
CIGNITITEC,2024-10-22 17:23:44
CIGNITITEC,2025-01-22 18:43:33
CINELINE,2021-02-12 13:11:59
CINELINE,2021-06-10 14:11:07
CINELINE,2021-08-05 12:49:01
CINELINE,2021-11-12 13:27:19
CINELINE,2022-02-07 22:43:01
CINELINE,2022-02-14 13:23:00
CINELINE,2022-02-14 18:10:19
CINELINE,2022-05-27 18:25:27
CINELINE,2023-02-07 14:03:01
CINELINE,2023-05-30 14:22:38
CINELINE,2023-08-09 13:55:20
CINELINE,2023-11-07 13:45:23
CINELINE,2024-02-13 12:31:39
CINELINE,2024-05-22 14:38:15
CINELINE,2024-08-13 11:34:26
CINELINE,2024-11-13 12:55:59
CINELINE,2025-02-03 20:02:09
CINEVISTA,2021-02-13 15:20:17
CINEVISTA,2021-06-30 18:07:24
CINEVISTA,2021-08-05 08:48:53
CINEVISTA,2021-08-13 16:48:55
CINEVISTA,2021-08-13 18:04:44
CINEVISTA,2021-11-13 15:57:00
CINEVISTA,2022-02-14 16:34:06
CINEVISTA,2022-06-06 17:05:05
CINEVISTA,2023-01-31 17:34:13
CINEVISTA,2023-05-30 22:44:22
CINEVISTA,2023-08-14 16:27:51
CINEVISTA,2023-11-09 17:21:57
CINEVISTA,2024-02-14 19:03:17
CINEVISTA,2024-05-30 21:31:17
CINEVISTA,2024-08-14 15:24:30
CINEVISTA,2024-11-14 17:50:48
CINEVISTA,2025-02-13 16:21:28
CIPLA,2021-01-29 16:33:23
CIPLA,2021-05-14 18:12:57
CIPLA,2021-08-05 18:59:45
CIPLA,2021-10-26 18:32:24
CIPLA,2022-01-25 17:39:00
CIPLA,2022-05-10 18:34:22
CIPLA,2023-01-25 14:09:02
CIPLA,2023-05-12 14:59:14
CIPLA,2023-07-26 15:11:38
CIPLA,2023-10-27 13:46:47
CIPLA,2024-01-22 18:48:31
CIPLA,2024-05-10 14:30:02
CIPLA,2024-07-26 15:02:38
CIPLA,2024-10-29 14:17:04
CIPLA,2025-01-28 13:52:44
CKFSL,2022-01-24 19:30:20
CKFSL,2022-01-24 19:30:24
CKFSL,2022-01-24 19:30:30
CKFSL,2022-01-24 19:30:37
CKFSL,2022-01-24 19:30:41
CKFSL,2022-01-24 19:30:48
CKFSL,2022-01-24 19:30:57
CKFSL,2022-01-25 20:38:29
CKFSL,2022-01-25 20:38:35
CKFSL,2022-01-25 20:38:41
CKFSL,2022-01-25 20:38:46
CKFSL,2022-01-25 20:38:54
CKFSL,2022-01-25 20:39:00
CKFSL,2022-01-25 20:39:05
CKFSL,2023-03-27 21:12:05
CLCIND,2024-05-31 18:36:17
CLCIND,2024-05-31 18:38:54
CLCIND,2024-05-31 18:41:51
CLCIND,2024-05-31 18:44:14
CLCIND,2024-06-03 12:52:07
CLCIND,2024-07-19 19:11:51
CLCIND,2024-09-05 12:48:45
CLCIND,2024-11-12 16:41:03
CLCIND,2025-01-22 14:37:49
CLEAN,2021-08-09 14:28:09
CLEAN,2021-11-11 14:42:36
CLEAN,2022-02-07 13:42:09
CLEAN,2022-05-28 14:46:10
CLEAN,2023-02-02 14:17:45
CLEAN,2023-05-18 12:38:09
CLEAN,2023-08-03 14:18:54
CLEAN,2023-11-02 13:04:35
CLEAN,2024-02-03 14:13:01
CLEAN,2024-05-15 13:35:40
CLEAN,2024-08-01 12:40:37
CLEAN,2024-11-07 12:59:34
CLEAN,2025-01-30 13:54:47
CLEDUCATE,2021-02-14 01:24:11
CLEDUCATE,2021-06-24 23:46:26
CLEDUCATE,2021-08-03 20:30:09
CLEDUCATE,2021-10-30 21:54:29
CLEDUCATE,2022-02-02 18:52:09
CLEDUCATE,2022-05-19 17:26:44
CLEDUCATE,2023-01-30 14:42:14
CLEDUCATE,2023-05-10 17:50:43
CLEDUCATE,2023-08-02 16:27:28
CLEDUCATE,2023-11-03 17:47:55
CLEDUCATE,2024-02-02 17:28:21
CLEDUCATE,2024-05-08 20:24:22
CLEDUCATE,2024-08-07 18:24:29
CLEDUCATE,2024-11-12 17:12:38
CLEDUCATE,2025-02-04 15:13:34
CLOUD,2023-01-21 14:24:57
CLOUD,2023-04-28 13:55:35
CLOUD,2023-07-21 12:18:38
CLOUD,2024-01-19 17:12:10
CLSEL,2021-06-01 18:00:19
CLSEL,2021-08-06 18:48:27
CLSEL,2021-11-09 17:26:00
CLSEL,2022-02-10 16:19:50
CLSEL,2022-05-30 18:07:30
CLSEL,2023-02-04 15:47:01
CLSEL,2023-05-26 16:57:43
CLSEL,2023-08-09 15:19:42
CLSEL,2023-11-02 17:06:50
CLSEL,2024-02-08 16:56:30
CLSEL,2024-05-28 16:49:36
CLSEL,2024-08-06 16:53:26
CLSEL,2024-11-04 17:28:53
CLSEL,2025-02-10 16:53:16
CLSL,2023-11-10 18:25:46
CLSL,2024-05-27 23:28:49
CLSL,2024-11-14 22:11:46
CMICABLES,2021-02-12 18:39:44
CMICABLES,2021-08-12 19:17:47
CMICABLES,2021-08-14 18:29:15
CMICABLES,2021-09-15 11:59:40
CMICABLES,2021-11-14 13:18:16
CMICABLES,2022-01-24 16:25:39
CMICABLES,2022-05-30 20:40:58
CMICABLES,2023-02-13 18:58:24
CMICABLES,2023-10-31 19:38:19
CMICABLES,2024-02-09 18:18:40
CMICABLES,2024-06-12 18:07:19
CMICABLES,2024-08-20 17:20:16
CMICABLES,2024-10-07 18:09:29
CMMIPL,2021-06-30 22:57:37
CMMIPL,2021-11-14 16:21:21
CMMIPL,2022-05-31 00:03:50
CMMIPL,2023-05-30 23:58:11
CMMIPL,2023-11-10 19:50:09
CMMIPL,2024-05-30 17:58:06
CMMIPL,2024-12-30 21:12:12
CMNL,2023-05-29 14:33:36
CMNL,2023-11-08 16:49:22
CMNL,2024-04-30 14:50:18
CMNL,2024-10-24 13:50:02
CMRSL,2023-02-07 15:34:29
CMRSL,2023-05-25 15:45:35
CMRSL,2023-08-08 12:41:39
CMRSL,2023-11-08 12:08:43
CMRSL,2024-02-06 12:01:20
CMRSL,2024-05-28 13:07:03
CMRSL,2024-08-06 12:17:00
CMRSL,2024-11-12 13:07:14
CMRSL,2025-02-11 13:11:24
CMSINFO,2022-02-04 18:49:09
CMSINFO,2022-05-10 00:05:00
CMSINFO,2023-01-27 15:56:59
CMSINFO,2023-05-23 16:05:44
CMSINFO,2023-07-21 18:48:41
CMSINFO,2023-10-25 20:46:06
CMSINFO,2024-01-24 14:21:53
CMSINFO,2024-05-15 19:19:04
CMSINFO,2024-07-24 19:06:57
CMSINFO,2024-10-25 18:36:01
CMSINFO,2025-02-05 20:44:37
CNL,2021-02-11 15:49:57
CNL,2021-06-18 19:37:09
CNL,2021-08-13 15:46:52
CNL,2021-11-12 14:48:40
CNL,2022-02-15 01:49:14
CNL,2022-05-20 16:07:54
CNL,2023-02-11 13:59:03
CNL,2023-05-27 14:45:03
CNL,2023-08-10 13:17:45
CNL,2023-11-06 14:20:20
CNL,2024-02-13 13:18:58
CNL,2024-05-16 15:51:34
CNL,2024-08-12 13:24:15
CNL,2024-10-29 15:22:20
CNL,2025-02-04 13:36:38
CNOVAPETRO,2021-02-12 18:10:48
COALINDIA,2021-02-11 14:32:05
COALINDIA,2021-06-14 16:23:30
COALINDIA,2021-08-10 14:22:41
COALINDIA,2021-11-12 18:26:29
COALINDIA,2022-02-14 17:34:22
COALINDIA,2022-05-25 17:03:34
COALINDIA,2023-01-31 18:01:01
COALINDIA,2023-05-07 12:14:53
COALINDIA,2023-08-08 17:27:41
COALINDIA,2023-11-10 16:34:14
COALINDIA,2024-02-12 18:52:14
COALINDIA,2024-05-02 18:13:05
COALINDIA,2024-07-31 16:53:51
COALINDIA,2024-10-25 20:59:25
COALINDIA,2025-01-27 16:04:07
COASTCORP,2021-11-12 13:17:35
COASTCORP,2022-02-11 13:38:10
COASTCORP,2022-02-11 17:02:36
COASTCORP,2022-05-30 20:49:46
COASTCORP,2023-05-30 16:26:58
COASTCORP,2023-06-02 16:24:07
COASTCORP,2023-08-12 19:07:33
COASTCORP,2023-11-14 16:13:50
COASTCORP,2024-02-08 12:58:22
COASTCORP,2024-05-27 19:28:26
COASTCORP,2024-08-14 13:43:52
COASTCORP,2024-11-12 13:33:12
COASTCORP,2025-02-12 13:39:28
COCHINSHIP,2021-02-12 16:48:03
COCHINSHIP,2021-06-11 18:59:14
COCHINSHIP,2021-08-11 12:04:46
COCHINSHIP,2021-11-11 18:59:46
COCHINSHIP,2022-02-10 17:45:03
COCHINSHIP,2022-05-20 18:38:43
COCHINSHIP,2023-02-10 16:41:10
COCHINSHIP,2023-05-19 19:23:14
COCHINSHIP,2023-08-11 13:14:53
COCHINSHIP,2023-11-07 13:50:11
COCHINSHIP,2024-01-30 18:57:24
COCHINSHIP,2024-05-24 17:03:03
COCHINSHIP,2024-08-08 16:21:51
COCHINSHIP,2024-11-07 21:04:48
COCHINSHIP,2025-02-06 18:57:26
COFFEEDAY,2021-02-09 19:35:53
COFFEEDAY,2021-06-30 20:32:51
COFFEEDAY,2021-08-12 20:52:08
COFFEEDAY,2021-11-12 20:42:30
COFFEEDAY,2022-02-14 19:39:23
COFFEEDAY,2022-02-15 16:21:56
COFFEEDAY,2022-05-30 21:41:28
COFFEEDAY,2023-02-11 20:31:04
COFFEEDAY,2023-05-30 22:59:15
COFFEEDAY,2023-08-14 21:07:50
COFFEEDAY,2023-11-09 20:16:21
COFFEEDAY,2024-02-13 19:25:59
COFFEEDAY,2024-05-25 10:57:05
COFFEEDAY,2024-05-25 15:07:56
COFFEEDAY,2024-08-14 21:17:15
COFFEEDAY,2024-11-14 19:00:17
COFFEEDAY,2025-02-13 14:32:29
COFORGE,2021-01-28 18:10:44
COFORGE,2021-05-06 09:58:34
COFORGE,2021-07-28 08:14:09
COFORGE,2021-10-25 07:51:39
COFORGE,2022-01-27 17:20:46
COFORGE,2022-05-12 07:20:52
COFORGE,2023-01-20 07:34:58
COFORGE,2023-04-27 07:10:03
COFORGE,2023-07-20 15:26:28
COFORGE,2023-10-19 07:13:26
COFORGE,2024-01-22 15:40:41
COFORGE,2024-05-02 17:03:38
COFORGE,2024-07-22 23:31:23
COFORGE,2024-10-22 23:32:43
COFORGE,2025-01-23 01:09:32
COHANCE,2021-02-10 13:24:33
COHANCE,2021-06-08 13:18:28
COHANCE,2021-08-13 13:12:49
COHANCE,2021-11-06 12:52:25
COHANCE,2022-02-08 13:15:05
COHANCE,2022-05-09 13:09:19
COHANCE,2023-02-06 13:12:39
COHANCE,2023-05-25 13:41:29
COHANCE,2023-08-08 16:14:31
COHANCE,2023-11-09 17:48:39
COHANCE,2024-02-05 17:19:30
COHANCE,2024-05-30 17:38:23
COHANCE,2024-08-09 15:35:13
COHANCE,2024-11-12 18:25:50
COHANCE,2025-02-12 17:35:48
COLPAL,2021-01-28 13:25:21
COLPAL,2021-05-17 12:56:53
COLPAL,2021-07-29 11:38:38
COLPAL,2021-10-25 13:48:37
COLPAL,2022-01-27 13:40:48
COLPAL,2022-05-26 13:18:54
COLPAL,2023-01-24 13:53:15
COLPAL,2023-05-12 16:41:02
COLPAL,2023-07-26 18:42:26
COLPAL,2023-10-26 15:52:00
COLPAL,2024-01-22 14:48:10
COLPAL,2024-05-14 18:52:58
COLPAL,2024-07-29 17:43:22
COLPAL,2024-10-24 12:34:46
COLPAL,2025-01-28 15:57:35
COMMITTED,2023-11-14 12:28:18
COMMITTED,2024-05-29 13:26:48
COMMITTED,2024-11-14 13:01:43
COMPINFO,2021-02-12 17:55:41
COMPINFO,2021-05-29 20:51:51
COMPINFO,2021-09-01 10:38:05
COMPINFO,2021-11-12 17:42:17
COMPINFO,2022-02-07 18:11:36
COMPINFO,2022-05-16 12:48:48
COMPINFO,2023-01-23 16:11:02
COMPUSOFT,2021-01-29 16:54:16
COMPUSOFT,2021-01-29 16:56:04
COMPUSOFT,2021-06-15 19:04:13
COMPUSOFT,2021-08-12 17:10:38
COMPUSOFT,2021-11-12 17:53:09
COMPUSOFT,2022-02-07 17:57:57
COMPUSOFT,2022-02-07 18:18:40
COMPUSOFT,2022-05-24 17:56:12
COMPUSOFT,2023-02-10 16:42:44
COMPUSOFT,2023-05-22 18:10:17
COMPUSOFT,2023-08-10 17:14:46
COMPUSOFT,2023-11-07 16:35:33
COMPUSOFT,2024-01-30 16:44:34
COMPUSOFT,2024-05-24 18:58:14
COMPUSOFT,2024-07-24 18:25:16
COMPUSOFT,2024-11-11 17:55:34
COMPUSOFT,2025-02-10 17:24:44
COMSYN,2024-02-14 18:38:47
COMSYN,2024-05-30 23:08:33
COMSYN,2024-08-14 14:55:55
COMSYN,2024-11-14 23:35:40
COMSYN,2025-02-14 21:02:39
CONCOR,2021-02-04 18:17:28
CONCOR,2021-05-21 17:52:31
CONCOR,2021-07-29 17:34:56
CONCOR,2021-10-21 17:32:31
CONCOR,2022-01-20 19:05:15
CONCOR,2022-05-19 19:06:27
CONCOR,2023-01-23 17:55:50
CONCOR,2023-05-18 18:13:49
CONCOR,2023-08-10 18:29:26
CONCOR,2023-11-02 17:51:44
CONCOR,2024-01-24 18:07:33
CONCOR,2024-05-16 18:29:12
CONCOR,2024-08-08 19:20:40
CONCOR,2024-10-29 18:03:05
CONCOR,2025-01-30 20:06:11
CONCORDBIO,2023-09-06 15:54:15
CONCORDBIO,2023-11-08 15:11:58
CONCORDBIO,2024-02-08 18:07:17
CONCORDBIO,2024-05-23 15:13:02
CONCORDBIO,2024-08-09 12:22:08
CONCORDBIO,2024-11-11 12:59:38
CONCORDBIO,2025-02-13 19:55:28
CONFIPET,2021-01-20 19:01:44
CONFIPET,2021-05-28 22:01:02
CONFIPET,2021-07-27 22:30:37
CONFIPET,2021-10-30 11:47:55
CONFIPET,2022-01-31 19:43:05
CONFIPET,2022-05-28 18:49:07
CONFIPET,2023-02-04 20:14:52
CONFIPET,2023-05-30 04:13:00
CONFIPET,2023-08-14 22:32:45
CONFIPET,2023-11-11 00:50:04
CONFIPET,2024-02-15 00:21:08
CONFIPET,2024-06-02 03:33:05
CONFIPET,2024-08-08 17:50:25
CONFIPET,2024-11-12 21:29:49
CONFIPET,2025-02-08 16:36:54
CONSOFINVT,2021-02-12 18:39:04
CONSOFINVT,2021-06-30 14:57:45
CONSOFINVT,2021-08-14 15:40:08
CONSOFINVT,2021-11-13 18:22:20
CONSOFINVT,2022-02-14 19:40:12
CONSOFINVT,2022-02-14 19:47:02
CONSOFINVT,2022-05-30 17:43:27
CONSOFINVT,2023-02-14 17:53:42
CONSOFINVT,2023-05-22 17:00:55
CONSOFINVT,2023-08-10 14:21:47
CONSOFINVT,2023-11-09 14:40:25
CONSOFINVT,2024-02-14 12:06:08
CONSOFINVT,2024-05-28 13:46:16
CONSOFINVT,2024-08-13 12:56:28
CONSOFINVT,2024-11-14 12:40:08
CONSOFINVT,2025-02-11 13:02:52
CONTI,2021-06-30 13:33:41
CONTI,2021-11-09 15:31:49
CONTI,2022-05-24 18:18:48
CONTI,2023-05-29 22:03:16
CONTI,2023-11-08 22:15:42
CONTI,2024-05-29 20:53:32
CONTI,2024-11-06 17:04:35
CONTROLPR,2021-02-02 17:13:01
CONTROLPR,2021-04-23 21:05:57
CONTROLPR,2021-07-19 16:25:05
CONTROLPR,2021-10-22 19:39:45
CONTROLPR,2022-01-27 17:47:00
CONTROLPR,2022-01-27 19:13:14
CONTROLPR,2022-05-19 20:00:36
CONTROLPR,2023-01-21 18:15:32
CONTROLPR,2023-05-02 14:12:28
CONTROLPR,2023-07-31 14:40:02
CONTROLPR,2023-10-21 13:27:00
CONTROLPR,2024-01-22 18:16:21
CONTROLPR,2024-05-11 22:28:43
CONTROLPR,2024-08-09 13:58:34
CONTROLPR,2024-10-25 13:48:29
CONTROLPR,2025-01-18 13:56:13
COOLCAPS,2022-05-25 15:04:25
COOLCAPS,2023-02-14 18:22:11
COOLCAPS,2023-05-03 15:31:17
COOLCAPS,2023-08-14 15:23:27
COOLCAPS,2023-11-11 13:51:35
COOLCAPS,2024-05-29 14:56:43
COOLCAPS,2024-11-14 15:24:48
CORALFINAC,2021-02-10 15:55:32
CORALFINAC,2021-05-05 15:53:28
CORALFINAC,2021-08-02 14:59:19
CORALFINAC,2021-10-28 16:49:51
CORALFINAC,2022-01-25 13:51:49
CORALFINAC,2022-05-19 16:31:06
CORALFINAC,2023-02-10 15:30:44
CORALFINAC,2023-05-18 15:29:22
CORALFINAC,2023-08-11 14:58:19
CORALFINAC,2023-11-09 13:18:37
CORALFINAC,2024-02-06 15:37:17
CORALFINAC,2024-05-29 15:50:27
CORALFINAC,2024-08-02 14:21:18
CORALFINAC,2024-11-13 14:04:00
CORALFINAC,2025-02-13 14:34:34
CORDSCABLE,2021-02-02 16:45:40
CORDSCABLE,2021-02-12 14:00:39
CORDSCABLE,2021-06-30 14:27:23
CORDSCABLE,2021-06-30 14:33:41
CORDSCABLE,2021-08-13 14:16:57
CORDSCABLE,2021-11-12 13:19:12
CORDSCABLE,2021-11-12 13:25:36
CORDSCABLE,2022-02-14 13:29:47
CORDSCABLE,2022-05-26 15:24:54
CORDSCABLE,2023-01-21 14:29:59
CORDSCABLE,2023-05-20 13:55:46
CORDSCABLE,2023-07-28 14:39:15
CORDSCABLE,2023-10-27 13:07:28
CORDSCABLE,2024-01-31 13:52:43
CORDSCABLE,2024-05-24 14:45:15
CORDSCABLE,2024-07-30 13:47:02
CORDSCABLE,2024-11-11 13:09:31
CORDSCABLE,2025-02-10 13:35:31
COROMANDEL,2021-02-01 14:30:36
COROMANDEL,2021-04-29 18:25:05
COROMANDEL,2021-05-03 18:20:05
COROMANDEL,2021-07-26 13:52:02
COROMANDEL,2021-10-28 14:29:02
COROMANDEL,2021-10-28 17:33:30
COROMANDEL,2022-02-03 15:21:07
COROMANDEL,2022-04-28 14:29:49
COROMANDEL,2023-02-02 14:12:26
COROMANDEL,2023-05-15 17:14:13
COROMANDEL,2023-07-27 13:53:55
COROMANDEL,2023-10-26 14:49:26
COROMANDEL,2024-01-30 14:50:08
COROMANDEL,2024-04-25 15:15:51
COROMANDEL,2024-08-07 14:54:31
COROMANDEL,2024-10-24 16:46:36
COROMANDEL,2025-01-30 14:54:35
COSMOFIRST,2021-01-27 17:42:56
COSMOFIRST,2021-05-20 17:17:52
COSMOFIRST,2021-08-04 17:37:10
COSMOFIRST,2021-10-27 17:41:02
COSMOFIRST,2022-01-25 18:10:14
COSMOFIRST,2022-05-09 19:17:18
COSMOFIRST,2023-02-14 15:54:41
COSMOFIRST,2023-05-29 17:15:22
COSMOFIRST,2023-08-10 16:04:30
COSMOFIRST,2023-11-08 17:38:38
COSMOFIRST,2024-02-13 18:01:46
COSMOFIRST,2024-05-15 17:04:13
COSMOFIRST,2024-08-08 16:02:34
COSMOFIRST,2024-11-13 16:31:56
COSMOFIRST,2025-02-11 17:12:06
COUNCODOS,2021-02-12 15:02:51
COUNCODOS,2021-06-30 17:18:22
COUNCODOS,2021-08-13 16:29:02
COUNCODOS,2021-11-12 16:10:23
COUNCODOS,2022-02-12 16:01:34
COUNCODOS,2022-05-30 16:52:32
COUNCODOS,2023-02-13 16:07:43
COUNCODOS,2023-05-30 17:23:35
COUNCODOS,2023-08-11 16:07:29
COUNCODOS,2023-11-10 16:12:57
COUNCODOS,2024-02-13 15:25:19
COUNCODOS,2024-05-30 17:31:20
COUNCODOS,2024-08-13 16:10:50
COUNCODOS,2024-11-12 16:09:59
COUNCODOS,2025-02-11 17:36:23
COX&KINGS,2021-09-22 19:28:25
COX&KINGS,2021-09-22 19:31:11
COX&KINGS,2021-09-22 19:33:23
COX&KINGS,2021-09-22 19:35:44
COX&KINGS,2021-09-24 20:38:38
COX&KINGS,2021-09-24 20:42:51
COX&KINGS,2021-09-24 20:47:10
COX&KINGS,2021-09-24 20:49:45
CPCAP,2021-02-12 16:24:38
CPCAP,2021-06-28 22:17:07
CPCAP,2021-08-14 15:42:40
CPCAP,2021-11-14 16:58:41
CPCAP,2022-02-10 20:50:32
CPCAP,2022-05-28 23:56:37
CPCAP,2023-02-15 13:01:48
CPCAP,2023-05-29 23:49:46
CPCAP,2023-08-14 19:30:36
CPCAP,2023-11-08 22:08:08
CPCAP,2024-02-13 15:18:04
CPCAP,2024-05-27 18:40:58
CPCAP,2024-08-13 20:24:56
CPCAP,2024-11-11 18:55:16
CPCAP,2025-02-14 14:32:29
CPS,2023-11-10 16:26:20
CPS,2024-05-29 17:29:20
CPS,2024-11-13 17:36:13
CRAFTSMAN,2021-05-05 17:04:34
CRAFTSMAN,2021-07-14 16:40:09
CRAFTSMAN,2021-10-18 16:19:13
CRAFTSMAN,2022-01-24 16:21:03
CRAFTSMAN,2022-05-09 16:10:05
CRAFTSMAN,2023-01-23 16:46:20
CRAFTSMAN,2023-05-08 13:57:19
CRAFTSMAN,2023-07-24 14:42:29
CRAFTSMAN,2023-10-30 13:08:26
CRAFTSMAN,2024-01-27 16:21:27
CRAFTSMAN,2024-04-27 13:34:42
CRAFTSMAN,2024-07-24 19:06:08
CRAFTSMAN,2024-10-23 13:54:08
CRAFTSMAN,2025-01-29 14:05:01
CRAYONS,2023-06-21 11:16:35
CRAYONS,2023-11-14 18:40:28
CRAYONS,2024-05-30 17:01:23
CRAYONS,2024-10-28 17:41:57
CREATIVEYE,2021-02-13 14:17:21
CREATIVEYE,2021-06-30 14:11:57
CREATIVEYE,2021-08-13 16:32:08
CREATIVEYE,2021-11-13 15:03:55
CREATIVEYE,2022-02-09 15:52:29
CREATIVEYE,2022-05-30 16:51:18
CREATIVEYE,2023-02-13 16:16:27
CREATIVEYE,2023-05-30 16:46:45
CREATIVEYE,2023-08-14 17:10:24
CREATIVEYE,2023-11-09 14:33:49
CREATIVEYE,2024-02-13 15:27:13
CREATIVEYE,2024-05-30 15:35:59
CREATIVEYE,2024-08-14 16:29:22
CREATIVEYE,2024-11-14 15:29:33
CREATIVEYE,2025-02-13 17:26:25
CREDITACC,2021-01-29 17:40:41
CREDITACC,2021-05-06 21:33:39
CREDITACC,2021-08-11 16:57:49
CREDITACC,2021-11-09 19:18:32
CREDITACC,2022-02-04 18:48:36
CREDITACC,2022-05-12 18:55:12
CREDITACC,2023-02-07 17:46:21
CREDITACC,2023-05-16 17:36:36
CREDITACC,2023-07-21 17:50:12
CREDITACC,2023-10-20 16:48:23
CREDITACC,2024-01-19 16:50:55
CREDITACC,2024-05-07 17:41:12
CREDITACC,2024-07-19 17:32:58
CREDITACC,2024-10-25 17:08:02
CREDITACC,2025-01-24 17:26:26
CREST,2021-02-13 16:37:51
CREST,2021-06-26 17:36:20
CREST,2021-08-14 16:28:43
CREST,2021-11-12 11:58:28
CREST,2022-02-11 16:53:30
CREST,2022-05-26 13:12:28
CREST,2023-02-04 14:10:06
CREST,2023-05-27 15:14:29
CREST,2023-08-11 13:00:06
CREST,2023-11-10 13:01:35
CREST,2024-02-05 17:25:26
CREST,2024-05-24 19:03:55
CREST,2024-08-14 17:13:48
CREST,2024-11-12 13:28:27
CREST,2025-02-12 19:50:27
CRISIL,2021-01-11 15:26:17
CRISIL,2021-02-11 22:01:53
CRISIL,2021-04-19 20:42:10
CRISIL,2021-07-20 17:15:48
CRISIL,2021-11-10 21:27:35
CRISIL,2022-01-24 19:25:06
CRISIL,2022-02-15 21:51:48
CRISIL,2022-04-21 19:02:50
CRISIL,2023-02-17 18:00:53
CRISIL,2023-04-18 13:47:04
CRISIL,2023-07-18 22:40:16
CRISIL,2023-11-07 17:05:36
CRISIL,2024-02-16 16:08:46
CRISIL,2024-04-16 17:16:30
CRISIL,2024-07-16 12:46:22
CRISIL,2024-10-16 16:46:30
CRISIL,2025-02-10 20:53:04
CROMPTON,2021-01-22 16:48:15
CROMPTON,2021-05-21 18:21:21
CROMPTON,2021-07-23 13:45:08
CROMPTON,2021-10-22 18:05:45
CROMPTON,2022-01-28 16:31:42
CROMPTON,2022-05-27 19:09:49
CROMPTON,2023-02-02 19:18:46
CROMPTON,2023-05-19 18:44:51
CROMPTON,2023-08-12 16:53:43
CROMPTON,2023-11-03 16:53:22
CROMPTON,2024-02-14 17:21:21
CROMPTON,2024-05-16 15:38:22
CROMPTON,2024-07-31 14:54:46
CROMPTON,2024-11-14 15:35:34
CROMPTON,2025-02-12 16:39:27
CROWN,2021-05-05 18:14:19
CROWN,2021-05-05 18:29:06
CROWN,2021-05-05 18:29:06
CROWN,2021-10-29 18:27:53
CROWN,2021-10-29 18:32:41
CROWN,2022-02-12 16:18:27
CROWN,2022-05-26 18:44:27
CROWN,2023-02-02 17:23:43
CROWN,2023-05-25 15:38:48
CROWN,2023-08-10 15:25:06
CROWN,2023-11-02 18:40:36
CROWN,2024-01-29 16:58:28
CROWN,2024-05-23 15:42:01
CROWN,2024-08-10 15:29:36
CROWN,2024-10-21 15:31:24
CROWN,2025-02-10 14:01:17
CSBBANK,2021-01-19 10:14:41
CSBBANK,2021-05-08 14:11:07
CSBBANK,2021-07-22 13:47:29
CSBBANK,2021-10-25 14:19:22
CSBBANK,2022-01-21 17:56:49
CSBBANK,2022-05-06 15:10:14
CSBBANK,2023-01-30 12:37:35
CSBBANK,2023-04-28 13:15:42
CSBBANK,2023-07-20 15:07:03
CSBBANK,2023-10-20 13:12:34
CSBBANK,2024-01-29 13:31:46
CSBBANK,2024-04-26 14:40:45
CSBBANK,2024-07-29 13:55:32
CSBBANK,2024-10-24 14:41:37
CSBBANK,2025-01-28 14:14:16
CSLFINANCE,2023-01-30 14:52:49
CSLFINANCE,2023-05-16 17:39:04
CSLFINANCE,2023-08-07 12:52:12
CSLFINANCE,2023-11-06 15:07:41
CSLFINANCE,2024-01-29 15:28:23
CSLFINANCE,2024-05-15 14:32:46
CSLFINANCE,2024-07-31 14:46:55
CSLFINANCE,2024-11-09 15:59:02
CSLFINANCE,2025-02-11 14:51:57
CTE,2021-02-10 16:17:15
CTE,2021-06-29 15:32:47
CTE,2021-08-03 16:48:18
CTE,2021-11-11 16:29:35
CTE,2022-02-11 17:25:20
CTE,2022-05-27 18:04:32
CTE,2023-02-13 14:17:07
CTE,2023-05-26 16:17:47
CTE,2023-08-11 16:23:19
CTE,2023-11-10 17:02:27
CTE,2024-02-12 18:40:27
CTE,2024-05-30 18:20:29
CTE,2024-08-13 16:07:57
CTE,2024-11-14 18:25:25
CTE,2025-02-14 18:43:17
CUB,2021-02-03 15:38:37
CUB,2021-05-28 16:13:27
CUB,2021-08-06 16:01:49
CUB,2021-11-12 16:42:59
CUB,2022-02-04 15:43:02
CUB,2022-05-27 15:47:23
CUB,2023-02-11 16:52:39
CUB,2023-05-26 17:27:25
CUB,2023-08-11 16:50:40
CUB,2023-10-27 17:05:19
CUB,2024-02-01 16:46:54
CUB,2024-05-20 18:06:43
CUB,2024-07-26 16:44:49
CUB,2024-10-21 15:36:24
CUB,2025-01-31 17:11:43
CUBEXTUB,2021-02-12 13:02:10
CUBEXTUB,2021-06-29 13:36:15
CUBEXTUB,2021-08-13 13:10:44
CUBEXTUB,2021-11-12 13:11:42
CUBEXTUB,2022-02-10 13:39:26
CUBEXTUB,2022-05-16 15:22:42
CUBEXTUB,2023-01-31 16:15:07
CUBEXTUB,2023-05-12 16:38:00
CUBEXTUB,2023-08-11 13:16:59
CUBEXTUB,2023-11-10 15:35:52
CUBEXTUB,2024-02-12 18:06:03
CUBEXTUB,2024-05-20 16:43:42
CUBEXTUB,2024-08-13 15:51:50
CUBEXTUB,2024-11-14 17:25:36
CUBEXTUB,2025-02-13 18:55:07
CUMMINSIND,2021-01-28 20:58:05
CUMMINSIND,2021-01-28 22:20:45
CUMMINSIND,2021-05-26 20:25:28
CUMMINSIND,2021-08-11 20:14:17
CUMMINSIND,2021-10-27 19:08:33
CUMMINSIND,2022-02-10 20:36:04
CUMMINSIND,2022-02-10 20:46:08
CUMMINSIND,2022-05-26 20:19:40
CUMMINSIND,2023-02-08 20:14:17
CUMMINSIND,2023-05-24 14:22:52
CUMMINSIND,2023-08-03 16:04:12
CUMMINSIND,2023-11-07 18:54:47
CUMMINSIND,2024-02-07 20:45:29
CUMMINSIND,2024-05-29 21:03:12
CUMMINSIND,2024-08-06 17:37:03
CUMMINSIND,2024-11-07 20:07:00
CUMMINSIND,2025-02-05 19:41:49
CUPID,2021-02-10 18:42:14
CUPID,2021-06-03 19:04:16
CUPID,2021-08-12 19:23:34
CUPID,2021-11-12 18:54:16
CUPID,2022-02-14 19:06:56
CUPID,2022-05-30 20:51:46
CUPID,2023-01-30 17:47:13
CUPID,2023-05-27 14:42:41
CUPID,2023-07-31 17:08:19
CUPID,2023-11-08 18:23:36
CUPID,2024-01-23 20:47:30
CUPID,2024-04-08 19:17:24
CUPID,2024-08-05 19:00:10
CUPID,2024-11-12 17:56:46
CUPID,2025-02-14 16:58:24
CURATECH,2024-02-15 13:09:01
CURATECH,2024-05-27 18:48:16
CURATECH,2024-08-13 17:51:52
CURATECH,2024-11-12 18:52:10
CURATECH,2025-02-13 17:31:59
CYBERMEDIA,2021-02-09 14:29:09
CYBERMEDIA,2021-05-28 15:02:08
CYBERMEDIA,2021-08-10 17:32:05
CYBERMEDIA,2021-11-13 13:01:30
CYBERMEDIA,2022-01-31 16:56:03
CYBERMEDIA,2022-05-31 13:28:29
CYBERMEDIA,2023-02-07 18:22:22
CYBERMEDIA,2023-05-27 16:01:13
CYBERMEDIA,2023-08-10 13:07:27
CYBERMEDIA,2023-11-08 14:13:24
CYBERMEDIA,2024-02-06 14:37:21
CYBERMEDIA,2024-05-28 14:50:20
CYBERMEDIA,2024-08-06 14:20:37
CYBERMEDIA,2024-11-12 14:46:51
CYBERMEDIA,2025-02-11 14:38:00
CYBERTECH,2021-02-11 22:09:22
CYBERTECH,2021-05-13 21:24:07
CYBERTECH,2021-07-23 21:25:47
CYBERTECH,2021-10-22 20:46:05
CYBERTECH,2022-01-21 21:10:58
CYBERTECH,2022-05-04 22:02:34
CYBERTECH,2023-01-25 21:27:00
CYBERTECH,2023-04-27 21:40:40
CYBERTECH,2023-07-27 20:33:38
CYBERTECH,2023-10-27 21:42:40
CYBERTECH,2024-01-24 21:17:15
CYBERTECH,2024-04-30 22:31:48
CYBERTECH,2024-07-24 21:49:07
CYBERTECH,2024-10-23 21:04:32
CYBERTECH,2025-01-24 20:52:14
CYIENT,2021-01-21 18:39:44
CYIENT,2021-04-22 18:06:35
CYIENT,2021-07-15 18:51:06
CYIENT,2021-10-14 15:34:56
CYIENT,2022-01-20 16:18:39
CYIENT,2022-04-21 16:19:03
CYIENT,2023-01-12 14:52:04
CYIENT,2023-04-20 16:17:05
CYIENT,2023-07-25 16:28:08
CYIENT,2023-10-19 16:08:43
CYIENT,2024-01-25 16:02:40
CYIENT,2024-04-25 16:14:01
CYIENT,2024-07-25 16:12:55
CYIENT,2024-10-24 16:36:11
CYIENT,2025-01-23 16:04:31
CYIENTDLM,2023-07-21 16:20:12
CYIENTDLM,2023-10-16 16:47:18
CYIENTDLM,2024-01-23 16:15:49
CYIENTDLM,2024-04-23 16:06:59
CYIENTDLM,2024-07-22 16:14:04
CYIENTDLM,2024-10-21 16:09:58
CYIENTDLM,2025-01-21 16:11:14
DABUR,2021-01-29 14:28:11
DABUR,2021-05-07 14:17:50
DABUR,2021-08-03 13:59:46
DABUR,2021-11-02 14:06:03
DABUR,2022-02-02 15:30:23
DABUR,2022-05-05 14:13:29
DABUR,2023-02-02 15:10:35
DABUR,2023-05-04 14:37:30
DABUR,2023-08-03 14:23:34
DABUR,2023-11-02 14:51:21
DABUR,2024-01-31 14:36:45
DABUR,2024-05-02 14:15:25
DABUR,2024-05-03 13:59:12
DABUR,2024-08-01 14:18:39
DABUR,2024-10-30 15:15:31
DABUR,2025-01-30 15:08:18
DALBHARAT,2021-02-04 20:15:16
DALBHARAT,2021-04-30 04:42:51
DALBHARAT,2021-07-27 17:11:34
DALBHARAT,2021-10-27 17:33:22
DALBHARAT,2022-01-27 19:03:50
DALBHARAT,2022-05-09 21:19:29
DALBHARAT,2023-02-04 19:35:02
DALBHARAT,2023-04-25 17:34:16
DALBHARAT,2023-07-20 18:58:09
DALBHARAT,2023-10-14 19:33:37
DALBHARAT,2024-01-24 16:23:47
DALBHARAT,2024-04-24 18:49:26
DALBHARAT,2024-07-18 17:06:47
DALBHARAT,2024-10-19 16:58:45
DALBHARAT,2025-01-21 17:14:04
DALMIASUG,2021-02-05 18:02:00
DALMIASUG,2021-05-24 19:40:04
DALMIASUG,2021-07-30 18:35:14
DALMIASUG,2021-10-29 18:15:12
DALMIASUG,2022-02-04 18:41:43
DALMIASUG,2022-05-24 18:43:39
DALMIASUG,2023-02-03 18:19:31
DALMIASUG,2023-05-19 18:38:58
DALMIASUG,2023-08-01 18:18:49
DALMIASUG,2023-11-06 18:01:26
DALMIASUG,2024-02-02 17:56:22
DALMIASUG,2024-05-14 18:46:20
DALMIASUG,2024-08-02 18:38:37
DALMIASUG,2024-10-28 17:59:42
DALMIASUG,2025-02-11 19:30:52
DAMCAPITAL,2025-01-24 15:43:16
DAMODARIND,2021-02-06 16:00:46
DAMODARIND,2021-06-28 21:19:19
DAMODARIND,2021-08-06 18:56:00
DAMODARIND,2021-11-12 18:21:56
DAMODARIND,2022-02-10 17:21:18
DAMODARIND,2022-05-28 18:00:24
DAMODARIND,2023-02-09 17:48:33
DAMODARIND,2023-05-27 17:57:36
DAMODARIND,2023-08-10 16:08:59
DAMODARIND,2023-11-04 16:08:40
DAMODARIND,2024-02-05 16:07:58
DAMODARIND,2024-05-23 16:55:18
DAMODARIND,2024-07-30 16:42:54
DAMODARIND,2024-10-29 16:49:50
DAMODARIND,2025-02-05 15:47:51
DANGEE,2021-03-03 20:35:09
DANGEE,2021-07-01 17:28:01
DANGEE,2021-08-14 18:01:31
DANGEE,2021-11-16 19:34:18
DANGEE,2022-02-07 17:42:34
DANGEE,2022-05-30 10:54:17
DANGEE,2023-02-11 16:58:21
DANGEE,2023-05-30 19:37:49
DANGEE,2023-08-12 17:14:23
DANGEE,2023-11-09 13:34:01
DANGEE,2024-02-13 19:44:23
DANGEE,2024-05-28 18:17:28
DANGEE,2024-07-24 17:50:24
DANGEE,2024-11-13 16:13:57
DANGEE,2025-02-12 17:45:57
DANISH,2024-11-19 18:58:10
DATAMATICS,2021-01-28 13:01:30
DATAMATICS,2021-05-26 15:18:34
DATAMATICS,2021-08-13 13:33:39
DATAMATICS,2021-10-27 13:41:32
DATAMATICS,2022-01-20 14:28:35
DATAMATICS,2022-04-28 14:25:45
DATAMATICS,2023-01-19 13:45:35
DATAMATICS,2023-04-28 15:03:56
DATAMATICS,2023-08-10 15:27:08
DATAMATICS,2023-11-02 14:43:20
DATAMATICS,2024-02-09 13:32:00
DATAMATICS,2024-05-08 16:56:00
DATAMATICS,2024-08-01 13:29:28
DATAMATICS,2024-11-05 16:00:27
DATAMATICS,2025-01-29 14:19:14
DATAPATTNS,2022-02-02 17:18:24
DATAPATTNS,2022-02-08 17:43:06
DATAPATTNS,2022-05-24 12:28:45
DATAPATTNS,2023-02-07 19:01:36
DATAPATTNS,2023-05-13 16:00:43
DATAPATTNS,2023-08-08 16:16:34
DATAPATTNS,2023-11-04 17:36:45
DATAPATTNS,2024-01-31 16:40:35
DATAPATTNS,2024-05-18 18:03:28
DATAPATTNS,2024-07-29 16:59:14
DATAPATTNS,2024-11-09 16:48:30
DATAPATTNS,2025-02-05 18:17:50
DAVANGERE,2024-02-14 17:50:11
DAVANGERE,2024-05-24 16:49:09
DAVANGERE,2024-07-15 20:49:59
DAVANGERE,2024-11-09 16:52:56
DAVANGERE,2025-01-18 13:48:39
DBCORP,2021-01-28 13:19:00
DBCORP,2021-06-17 13:06:32
DBCORP,2021-08-13 13:37:37
DBCORP,2021-10-28 13:08:08
DBCORP,2022-01-28 12:04:55
DBCORP,2022-05-13 12:15:18
DBCORP,2023-02-02 12:21:49
DBCORP,2023-05-19 12:35:39
DBCORP,2023-07-20 12:17:48
DBCORP,2023-10-26 12:25:20
DBCORP,2024-01-25 12:34:42
DBCORP,2024-05-22 12:36:33
DBCORP,2024-07-16 12:23:32
DBCORP,2024-10-15 14:42:29
DBCORP,2025-01-16 12:33:46
DBEIL,2024-11-16 16:29:36
DBEIL,2025-02-14 18:09:09
DBL,2021-02-12 16:46:59
DBL,2021-08-14 14:40:48
DBL,2021-11-13 11:22:56
DBL,2021-11-13 16:57:56
DBL,2022-02-12 16:59:27
DBL,2022-05-30 17:55:28
DBL,2023-02-10 16:35:26
DBL,2023-05-19 13:45:17
DBL,2023-08-04 12:59:33
DBL,2023-11-07 19:43:49
DBL,2024-02-12 17:15:02
DBL,2024-05-10 16:04:56
DBL,2024-08-13 13:17:14
DBL,2024-11-13 20:19:27
DBL,2025-02-14 19:06:32
DBOL,2023-01-23 19:49:26
DBOL,2023-04-25 21:34:52
DBOL,2023-07-25 19:35:46
DBOL,2023-10-09 19:34:46
DBOL,2024-01-18 11:45:32
DBOL,2024-04-24 12:36:51
DBOL,2024-07-25 12:20:55
DBOL,2024-11-04 20:13:21
DBOL,2025-02-04 12:11:42
DBREALTY,2021-02-12 18:52:25
DBREALTY,2021-06-30 22:40:13
DBREALTY,2021-08-13 16:37:32
DBREALTY,2021-11-12 19:01:33
DBREALTY,2021-11-12 20:16:18
DBREALTY,2022-02-12 17:02:53
DBREALTY,2022-05-30 21:23:47
DBREALTY,2023-02-14 20:15:42
DBREALTY,2023-05-30 23:35:04
DBREALTY,2023-08-11 20:04:09
DBREALTY,2023-11-07 12:09:07
DBREALTY,2024-01-31 15:43:19
DBREALTY,2024-05-29 21:13:47
DBREALTY,2024-08-13 21:22:23
DBREALTY,2024-11-14 21:45:29
DBREALTY,2025-02-12 20:19:14
DBSTOCKBRO,2021-02-12 16:06:09
DBSTOCKBRO,2021-07-12 13:04:08
DBSTOCKBRO,2021-08-03 17:12:41
DBSTOCKBRO,2021-11-09 17:06:26
DBSTOCKBRO,2022-02-01 17:14:23
DBSTOCKBRO,2022-05-25 17:14:38
DBSTOCKBRO,2023-02-08 17:08:12
DBSTOCKBRO,2023-04-28 16:14:20
DBSTOCKBRO,2023-07-28 16:30:48
DBSTOCKBRO,2023-10-27 16:27:52
DBSTOCKBRO,2024-02-12 17:00:51
DBSTOCKBRO,2024-04-30 17:26:04
DBSTOCKBRO,2024-07-30 16:28:19
DBSTOCKBRO,2024-11-05 16:14:00
DBSTOCKBRO,2025-01-15 16:20:46
DCAL,2021-02-11 19:08:05
DCAL,2021-05-11 23:40:10
DCAL,2021-08-12 15:05:44
DCAL,2021-10-28 15:18:12
DCAL,2022-02-03 17:44:05
DCAL,2022-05-10 21:22:03
DCAL,2023-02-10 16:13:10
DCAL,2023-05-24 16:37:17
DCAL,2023-08-09 18:13:17
DCAL,2023-11-08 19:21:46
DCAL,2024-02-14 19:01:49
DCAL,2024-05-30 23:41:14
DCAL,2024-08-13 20:31:16
DCAL,2024-11-13 23:42:42
DCAL,2025-02-12 20:06:34
DCBBANK,2021-01-23 15:20:25
DCBBANK,2021-05-08 18:32:41
DCBBANK,2021-08-07 18:09:28
DCBBANK,2021-10-30 16:52:04
DCBBANK,2022-02-09 13:57:44
DCBBANK,2022-05-07 16:23:05
DCBBANK,2023-01-28 15:03:57
DCBBANK,2023-05-05 15:48:12
DCBBANK,2023-07-28 18:07:14
DCBBANK,2023-10-31 16:47:42
DCBBANK,2024-01-24 15:43:24
DCBBANK,2024-04-24 14:40:18
DCBBANK,2024-07-24 15:31:36
DCBBANK,2024-10-24 16:44:37
DCBBANK,2025-01-24 17:11:31
DCG,2024-05-28 17:38:23
DCG,2024-12-04 17:02:02
DCI,2021-11-10 17:23:33
DCI,2022-05-30 17:50:00
DCI,2023-02-14 14:07:25
DCI,2023-05-08 16:00:44
DCI,2023-08-11 17:37:14
DCI,2023-11-08 15:36:33
DCI,2024-02-09 15:49:26
DCI,2024-05-29 14:16:43
DCI,2024-08-13 21:27:36
DCI,2024-11-14 15:39:35
DCI,2025-02-13 13:35:26
DCM,2021-02-12 13:26:33
DCM,2021-06-29 21:10:17
DCM,2021-08-13 14:14:31
DCM,2021-11-12 15:25:41
DCM,2022-02-11 15:17:33
DCM,2022-05-28 17:49:03
DCM,2023-02-09 15:10:39
DCM,2023-05-29 15:36:08
DCM,2023-08-11 17:00:45
DCM,2023-11-08 18:22:51
DCM,2024-02-13 19:12:24
DCM,2024-05-27 15:42:28
DCM,2024-08-13 15:02:03
DCM,2024-11-13 17:01:54
DCM,2025-02-13 17:32:16
DCMFINSERV,2021-02-11 16:48:53
DCMFINSERV,2021-06-29 17:18:09
DCMFINSERV,2021-08-14 15:35:49
DCMFINSERV,2021-11-10 17:38:17
DCMFINSERV,2022-02-11 16:09:45
DCMFINSERV,2022-05-27 18:20:58
DCMFINSERV,2023-02-08 18:21:41
DCMFINSERV,2023-05-23 21:09:40
DCMFINSERV,2023-08-09 17:49:03
DCMFINSERV,2023-11-09 13:03:19
DCMFINSERV,2024-02-08 16:53:20
DCMFINSERV,2024-05-28 17:44:26
DCMFINSERV,2024-08-08 17:19:58
DCMFINSERV,2024-11-13 19:09:27
DCMFINSERV,2025-02-14 17:16:25
DCMNVL,2021-02-05 18:11:39
DCMNVL,2021-05-15 19:33:25
DCMNVL,2021-08-05 20:10:33
DCMNVL,2021-10-29 19:47:43
DCMNVL,2022-01-15 20:12:24
DCMNVL,2022-05-05 20:01:15
DCMNVL,2023-02-10 17:28:52
DCMNVL,2023-05-13 16:28:38
DCMNVL,2023-07-21 18:44:07
DCMNVL,2023-10-28 19:03:13
DCMNVL,2024-02-02 18:43:01
DCMNVL,2024-05-28 18:23:06
DCMNVL,2024-07-29 17:18:26
DCMNVL,2024-11-14 18:18:53
DCMNVL,2025-02-04 18:49:04
DCMSHRIRAM,2021-01-19 14:10:47
DCMSHRIRAM,2021-05-04 15:52:29
DCMSHRIRAM,2021-07-20 13:30:25
DCMSHRIRAM,2021-10-19 14:39:13
DCMSHRIRAM,2022-01-18 18:08:17
DCMSHRIRAM,2022-05-05 18:10:13
DCMSHRIRAM,2023-01-20 13:33:10
DCMSHRIRAM,2023-05-02 16:07:18
DCMSHRIRAM,2023-07-24 18:06:54
DCMSHRIRAM,2023-10-30 18:20:58
DCMSHRIRAM,2024-01-31 16:39:10
DCMSHRIRAM,2024-05-06 18:31:59
DCMSHRIRAM,2024-07-23 18:06:44
DCMSHRIRAM,2024-10-30 18:05:49
DCMSHRIRAM,2025-01-18 18:44:23
DCMSRIND,2022-02-14 14:26:27
DCMSRIND,2022-05-30 14:36:17
DCMSRIND,2023-02-14 14:49:18
DCMSRIND,2023-05-25 15:18:33
DCMSRIND,2023-08-12 14:20:21
DCMSRIND,2023-11-14 14:12:43
DCMSRIND,2024-02-12 14:11:03
DCMSRIND,2024-05-27 14:26:44
DCMSRIND,2024-08-07 14:44:14
DCMSRIND,2024-11-07 13:42:38
DCMSRIND,2025-02-12 14:24:05
DCW,2021-02-09 14:43:45
DCW,2021-05-22 19:28:51
DCW,2021-07-30 15:11:16
DCW,2021-11-02 12:29:25
DCW,2022-02-02 13:22:19
DCW,2022-05-24 15:14:28
DCW,2023-02-09 14:25:46
DCW,2023-05-11 14:18:15
DCW,2023-08-14 13:28:14
DCW,2023-11-08 13:02:39
DCW,2024-02-14 14:11:30
DCW,2024-05-16 13:01:13
DCW,2024-08-13 13:49:34
DCW,2024-11-13 14:17:55
DCW,2025-02-13 14:34:14
DCXINDIA,2023-01-23 22:54:42
DCXINDIA,2023-05-19 19:19:55
DCXINDIA,2023-08-03 19:48:38
DCXINDIA,2023-10-30 18:21:06
DCXINDIA,2024-02-08 16:56:00
DCXINDIA,2024-05-16 18:35:04
DCXINDIA,2024-08-12 19:59:52
DCXINDIA,2024-11-12 17:37:14
DCXINDIA,2025-02-06 19:09:55
DDEVPLSTIK,2025-02-10 17:53:44
DECCANCE,2021-02-12 13:22:15
DECCANCE,2021-06-11 13:25:46
DECCANCE,2021-08-13 12:24:58
DECCANCE,2021-11-01 18:36:40
DECCANCE,2021-11-12 12:32:28
DECCANCE,2022-01-25 13:15:13
DECCANCE,2022-05-24 14:14:38
DECCANCE,2023-02-14 14:14:47
DECCANCE,2023-05-27 13:48:12
DECCANCE,2023-08-11 13:55:25
DECCANCE,2023-11-07 12:43:49
DECCANCE,2024-02-13 13:12:00
DECCANCE,2024-05-28 12:59:05
DECCANCE,2024-08-09 13:43:55
DECCANCE,2024-11-12 12:38:37
DECCANCE,2025-02-11 13:47:08
DECCANTRAN,2024-11-12 14:18:35
DEEDEV,2024-07-16 20:18:20
DEEDEV,2024-08-14 18:54:51
DEEDEV,2024-11-11 18:32:46
DEEDEV,2025-02-14 19:17:27
DEEM,2024-05-27 16:53:56
DEEM,2024-11-14 16:39:15
DEEPAKFERT,2021-02-03 13:58:44
DEEPAKFERT,2021-05-28 15:18:51
DEEPAKFERT,2021-08-10 14:23:04
DEEPAKFERT,2021-11-12 13:48:37
DEEPAKFERT,2022-01-28 13:54:08
DEEPAKFERT,2022-05-25 14:22:58
DEEPAKFERT,2023-02-02 14:04:42
DEEPAKFERT,2023-05-17 15:15:42
DEEPAKFERT,2023-07-26 14:47:20
DEEPAKFERT,2023-11-02 13:43:06
DEEPAKFERT,2024-02-01 13:10:59
DEEPAKFERT,2024-05-29 14:51:25
DEEPAKFERT,2024-07-31 13:12:01
DEEPAKFERT,2024-10-29 15:00:56
DEEPAKFERT,2025-01-29 14:06:11
DEEPAKNTR,2021-02-12 17:36:48
DEEPAKNTR,2021-05-05 19:34:21
DEEPAKNTR,2021-07-29 17:51:44
DEEPAKNTR,2021-10-27 18:45:30
DEEPAKNTR,2022-01-24 18:40:39
DEEPAKNTR,2022-05-04 20:19:18
DEEPAKNTR,2023-02-07 19:02:19
DEEPAKNTR,2023-05-11 19:37:00
DEEPAKNTR,2023-08-03 18:29:36
DEEPAKNTR,2023-11-07 19:01:49
DEEPAKNTR,2024-02-13 19:26:39
DEEPAKNTR,2024-05-20 21:06:38
DEEPAKNTR,2024-08-05 19:10:34
DEEPAKNTR,2024-11-13 18:52:54
DEEPAKNTR,2025-02-13 20:07:01
DEEPENR,2021-02-12 13:06:50
DEEPENR,2021-06-10 14:39:40
DEEPENR,2021-08-14 14:15:25
DEEPENR,2021-11-02 13:30:15
DEEPENR,2022-02-09 18:01:31
DEEPENR,2022-05-30 15:55:26
DEEPENR,2023-02-10 18:13:33
DEEPENR,2023-05-29 19:39:43
DEEPENR,2023-08-11 17:02:42
DEEPENR,2023-11-06 20:43:37
DEEPENR,2024-02-08 16:27:10
DEEPENR,2024-05-22 17:06:21
DEEPENR,2024-08-14 13:34:53
DEEPINDS,2021-06-24 15:51:28
DEEPINDS,2021-08-12 19:03:21
DEEPINDS,2021-11-01 15:14:48
DEEPINDS,2022-02-03 18:26:15
DEEPINDS,2022-05-07 16:15:09
DEEPINDS,2023-02-06 19:48:30
DEEPINDS,2023-05-27 19:28:29
DEEPINDS,2023-08-01 21:00:38
DEEPINDS,2023-11-02 15:05:10
DEEPINDS,2024-02-06 17:02:22
DEEPINDS,2024-05-15 16:57:21
DEEPINDS,2024-08-05 15:22:09
DEEPINDS,2024-10-28 15:07:23
DEEPINDS,2025-01-30 14:21:37
DELAPLEX,2024-05-29 16:04:48
DELAPLEX,2024-11-06 17:07:23
DELHIVERY,2022-05-30 20:38:57
DELHIVERY,2023-02-10 17:55:38
DELHIVERY,2023-05-19 17:43:10
DELHIVERY,2023-08-04 17:48:05
DELHIVERY,2023-11-04 15:16:51
DELHIVERY,2024-02-02 16:40:57
DELHIVERY,2024-05-17 17:25:33
DELHIVERY,2024-08-02 16:32:00
DELHIVERY,2024-11-14 16:58:53
DELHIVERY,2025-02-07 16:43:27
DELPHIFX,2021-02-12 16:46:22
DELPHIFX,2021-06-30 16:03:52
DELPHIFX,2021-08-13 12:34:11
DELPHIFX,2021-11-13 17:40:12
DELPHIFX,2022-02-11 16:05:05
DELPHIFX,2022-05-17 10:36:50
DELPHIFX,2023-02-13 15:44:15
DELPHIFX,2023-05-09 17:35:13
DELPHIFX,2023-08-10 16:53:50
DELPHIFX,2023-11-09 17:45:38
DELPHIFX,2024-02-13 16:45:51
DELPHIFX,2024-05-28 17:20:16
DELPHIFX,2024-08-14 16:44:23
DELPHIFX,2024-11-14 17:11:26
DELPHIFX,2025-02-06 11:46:32
DELTACORP,2021-02-12 18:06:05
DELTACORP,2021-04-26 19:05:07
DELTACORP,2021-07-09 18:07:38
DELTACORP,2021-10-11 18:28:26
DELTACORP,2022-01-11 18:03:05
DELTACORP,2022-04-11 19:43:43
DELTACORP,2023-01-17 19:25:34
DELTACORP,2023-04-11 19:01:37
DELTACORP,2023-07-25 19:07:30
DELTACORP,2023-10-11 18:24:09
DELTACORP,2024-01-09 18:17:15
DELTACORP,2024-05-07 19:10:37
DELTACORP,2024-07-09 18:47:34
DELTACORP,2024-11-06 18:56:21
DELTACORP,2025-01-13 19:00:34
DELTAMAGNT,2021-02-11 16:10:59
DELTAMAGNT,2021-05-28 17:36:31
DELTAMAGNT,2021-08-12 17:22:04
DELTAMAGNT,2021-11-12 17:36:19
DELTAMAGNT,2022-02-09 17:36:21
DELTAMAGNT,2022-05-27 21:18:38
DELTAMAGNT,2023-02-03 14:12:13
DELTAMAGNT,2023-05-26 14:17:38
DELTAMAGNT,2023-08-03 17:40:45
DELTAMAGNT,2023-11-07 16:15:05
DELTAMAGNT,2024-02-09 16:36:39
DELTAMAGNT,2024-05-24 16:38:13
DELTAMAGNT,2024-08-13 17:10:13
DELTAMAGNT,2024-11-13 17:10:38
DELTAMAGNT,2025-02-11 17:47:47
DEN,2021-01-14 16:05:45
DEN,2021-04-16 18:52:12
DEN,2021-07-16 17:57:35
DEN,2021-10-14 18:41:58
DEN,2022-01-18 17:29:47
DEN,2022-04-13 18:22:18
DEN,2023-01-12 18:46:29
DEN,2023-04-14 17:11:21
DEN,2023-07-14 17:23:27
DEN,2023-10-13 17:28:53
DEN,2024-01-12 16:38:09
DEN,2024-04-16 17:18:57
DEN,2024-07-15 16:14:35
DEN,2024-10-10 16:12:43
DEN,2025-01-13 16:47:51
DENEERS,2023-11-08 13:39:23
DENEERS,2024-05-11 20:56:18
DENEERS,2024-11-10 14:26:53
DENORA,2021-02-05 17:25:50
DENORA,2021-02-05 17:29:51
DENORA,2021-05-10 17:04:09
DENORA,2021-05-10 17:08:25
DENORA,2021-08-05 17:46:06
DENORA,2021-08-05 17:47:37
DENORA,2021-10-29 16:48:07
DENORA,2021-10-29 16:56:49
DENORA,2022-01-28 16:27:04
DENORA,2022-04-29 18:14:49
DENORA,2023-01-27 15:39:12
DENORA,2023-05-04 18:10:48
DENORA,2023-07-28 17:53:17
DENORA,2023-10-30 16:14:33
DENORA,2024-02-02 13:41:57
DENORA,2024-04-30 17:57:44
DENORA,2024-07-26 15:58:59
DENORA,2024-10-24 15:16:45
DENORA,2025-01-30 15:48:45
DENTA,2025-02-14 18:09:51
DENTALKART,2023-07-18 18:57:53
DENTALKART,2023-07-18 19:13:36
DENTALKART,2023-11-03 15:56:54
DENTALKART,2024-05-16 13:07:17
DENTALKART,2024-07-26 17:55:02
DENTALKART,2024-11-14 12:25:10
DENTALKART,2025-02-16 01:18:13
DESTINY,2021-11-14 16:30:13
DESTINY,2022-05-31 00:27:37
DESTINY,2023-05-30 13:49:15
DESTINY,2023-11-10 18:42:51
DESTINY,2023-11-11 14:33:53
DESTINY,2024-05-30 22:33:30
DESTINY,2024-11-12 23:00:41
DEVIT,2021-06-30 17:55:51
DEVIT,2021-07-06 16:45:25
DEVIT,2021-07-06 16:45:25
DEVIT,2021-11-13 16:26:14
DEVIT,2022-05-25 19:30:11
DEVIT,2023-02-03 14:27:39
DEVIT,2023-05-16 19:43:03
DEVIT,2023-08-10 16:48:43
DEVIT,2023-11-07 18:25:52
DEVIT,2024-02-06 18:08:05
DEVIT,2024-05-24 19:04:07
DEVIT,2024-08-05 18:09:32
DEVIT,2024-11-12 18:18:08
DEVIT,2025-02-07 17:47:33
DEVYANI,2021-11-01 11:40:44
DEVYANI,2022-02-04 11:43:52
DEVYANI,2022-05-02 11:57:43
DEVYANI,2023-02-09 11:55:12
DEVYANI,2023-05-17 12:05:55
DEVYANI,2023-08-04 12:29:47
DEVYANI,2023-11-07 11:51:06
DEVYANI,2024-02-02 11:49:03
DEVYANI,2024-05-14 12:22:12
DEVYANI,2024-08-05 11:50:10
DEVYANI,2024-11-11 11:52:22
DEVYANI,2025-02-11 11:50:09
DFMFOODS,2021-02-05 19:04:22
DFMFOODS,2021-06-11 18:36:29
DFMFOODS,2021-07-29 20:21:42
DFMFOODS,2021-11-11 18:55:32
DFMFOODS,2022-02-04 18:40:54
DFMFOODS,2022-05-25 19:10:43
DFMFOODS,2023-02-10 18:21:27
DGCONTENT,2021-01-14 13:10:57
DGCONTENT,2021-06-15 16:37:30
DGCONTENT,2021-07-30 12:23:29
DGCONTENT,2021-10-25 13:34:35
DGCONTENT,2022-01-24 13:16:43
DGCONTENT,2022-05-23 13:47:14
DGCONTENT,2023-02-09 13:03:43
DGCONTENT,2023-05-17 13:20:54
DGCONTENT,2023-07-24 12:57:32
DGCONTENT,2023-11-07 12:25:30
DGCONTENT,2024-01-15 12:55:48
DGCONTENT,2024-05-02 12:59:37
DGCONTENT,2024-07-22 12:10:42
DGCONTENT,2024-10-24 18:13:58
DGCONTENT,2025-01-16 13:31:51
DHAMPURSUG,2021-02-02 16:51:34
DHAMPURSUG,2021-04-24 18:51:20
DHAMPURSUG,2021-08-03 15:43:31
DHAMPURSUG,2021-11-10 17:55:31
DHAMPURSUG,2022-02-13 15:17:57
DHAMPURSUG,2022-05-29 19:51:01
DHAMPURSUG,2023-01-30 17:54:56
DHAMPURSUG,2023-05-07 17:25:32
DHAMPURSUG,2023-08-08 16:34:36
DHAMPURSUG,2023-10-31 17:41:53
DHAMPURSUG,2024-02-02 18:15:55
DHAMPURSUG,2024-05-01 19:03:48
DHAMPURSUG,2024-08-02 17:23:35
DHAMPURSUG,2024-11-12 17:28:31
DHAMPURSUG,2025-02-06 14:50:52
DHANBANK,2021-02-09 16:54:27
DHANBANK,2021-05-30 11:06:26
DHANBANK,2021-07-28 12:49:26
DHANBANK,2021-11-05 14:11:45
DHANBANK,2022-02-11 16:48:18
DHANBANK,2022-05-19 14:02:02
DHANBANK,2023-01-31 14:03:33
DHANBANK,2023-05-22 17:05:52
DHANBANK,2023-07-31 14:38:22
DHANBANK,2023-11-09 17:31:42
DHANBANK,2024-02-02 14:29:39
DHANBANK,2024-05-22 17:43:41
DHANBANK,2024-08-12 13:21:22
DHANBANK,2024-10-17 13:12:57
DHANBANK,2025-02-04 18:47:57
DHANI,2021-02-12 18:12:57
DHANI,2021-06-18 17:29:57
DHANI,2021-08-06 17:04:00
DHANI,2021-11-11 18:32:20
DHANI,2022-02-14 19:01:36
DHANI,2022-05-30 20:01:35
DHANI,2023-02-10 18:49:17
DHANI,2023-05-26 20:22:42
DHANI,2023-08-11 19:05:32
DHANI,2023-11-10 16:39:03
DHANI,2024-02-09 17:02:17
DHANI,2024-05-17 17:02:38
DHANI,2024-08-09 16:58:50
DHANI,2024-11-14 17:41:36
DHANI,2025-01-31 16:54:41
DHANSA,2024-09-09 18:04:26
DHANSA,2024-09-12 14:14:09
DHANSA,2024-11-13 17:06:59
DHANUKA,2021-02-02 12:29:00
DHANUKA,2021-05-21 13:44:48
DHANUKA,2021-07-29 17:05:38
DHANUKA,2021-10-30 14:42:37
DHANUKA,2022-02-02 13:20:45
DHANUKA,2022-05-23 13:27:50
DHANUKA,2023-02-10 12:53:26
DHANUKA,2023-05-25 13:17:26
DHANUKA,2023-08-02 14:17:06
DHANUKA,2023-11-07 13:24:51
DHANUKA,2024-02-02 13:26:18
DHANUKA,2024-05-17 12:51:45
DHANUKA,2024-08-02 14:36:38
DHANUKA,2024-11-06 13:01:01
DHANUKA,2025-02-03 12:40:51
DHARAN,2021-02-13 17:55:49
DHARAN,2021-05-31 18:25:59
DHARAN,2021-08-07 16:57:03
DHARAN,2021-10-25 21:49:33
DHARAN,2022-02-02 19:53:26
DHARAN,2022-06-08 01:05:03
DHARAN,2023-05-08 20:51:45
DHARAN,2023-07-07 18:11:17
DHARAN,2023-10-27 21:52:46
DHARAN,2024-01-18 19:53:28
DHARAN,2024-03-29 18:37:49
DHARAN,2024-07-15 20:13:17
DHARAN,2024-07-16 15:39:22
DHARAN,2024-08-14 20:41:51
DHARAN,2024-12-28 20:55:28
DHARAN,2025-03-27 17:23:44
DHARIWAL,2024-11-13 17:40:50
DHARMAJ,2023-02-11 16:23:39
DHARMAJ,2023-05-15 17:44:08
DHARMAJ,2023-07-31 16:39:33
DHARMAJ,2023-11-03 15:34:41
DHARMAJ,2024-02-05 15:40:21
DHARMAJ,2024-05-30 18:43:18
DHARMAJ,2024-08-12 15:52:10
DHARMAJ,2024-11-09 16:09:25
DHARMAJ,2025-02-10 16:37:11
DHARSUGAR,2021-02-13 13:13:55
DHARSUGAR,2021-07-30 18:43:14
DHARSUGAR,2021-08-31 16:58:25
DHARSUGAR,2021-11-13 19:09:44
DHARSUGAR,2022-02-14 18:08:20
DHARSUGAR,2023-04-12 15:40:18
DHARSUGAR,2023-04-12 15:42:54
DHARSUGAR,2023-04-12 15:44:15
DHARSUGAR,2023-05-27 14:38:31
DHARSUGAR,2024-07-22 20:27:46
DHARSUGAR,2024-07-22 20:28:40
DHARSUGAR,2024-07-22 20:29:55
DHARSUGAR,2024-07-22 20:31:04
DHARSUGAR,2024-08-12 16:57:32
DHARSUGAR,2024-11-13 16:34:48
DHARSUGAR,2025-02-12 14:03:17
DHFL,2021-02-13 21:00:43
DHFL,2021-06-06 01:41:51
DHFL,2021-08-13 20:35:42
DHRUV,2022-02-14 13:28:42
DHRUV,2022-05-16 18:23:33
DHRUV,2023-02-11 16:11:19
DHRUV,2023-05-15 17:47:22
DHRUV,2023-08-11 14:32:05
DHRUV,2023-11-09 14:16:54
DHRUV,2024-02-06 14:54:05
DHRUV,2024-05-27 17:32:32
DHRUV,2024-08-06 19:02:25
DHRUV,2024-11-11 18:47:50
DHRUV,2025-02-05 17:58:15
DHTL,2024-05-30 13:15:48
DHTL,2024-11-19 20:16:53
DHUNINV,2021-02-11 18:20:46
DHUNINV,2021-06-28 17:22:14
DHUNINV,2021-08-13 15:11:34
DHUNINV,2021-11-11 17:15:19
DHUNINV,2022-02-11 12:38:06
DHUNINV,2022-05-28 14:16:53
DHUNINV,2023-02-11 18:37:36
DHUNINV,2023-05-29 18:10:50
DHUNINV,2023-08-10 17:11:38
DHUNINV,2023-11-10 18:29:55
DHUNINV,2024-02-12 18:34:36
DHUNINV,2024-05-28 14:26:32
DHUNINV,2024-08-13 14:43:11
DHUNINV,2024-11-14 17:31:56
DHUNINV,2025-02-12 16:54:24
DIACABS,2023-11-09 12:28:17
DIACABS,2024-02-09 14:30:20
DIACABS,2024-05-27 18:07:35
DIACABS,2024-07-25 17:44:10
DIACABS,2024-11-12 15:07:00
DIACABS,2025-02-10 18:42:07
DIAMINESQ,2023-11-07 12:56:06
DIAMINESQ,2024-02-06 13:48:19
DIAMINESQ,2024-05-24 18:50:13
DIAMINESQ,2024-05-24 18:52:51
DIAMINESQ,2024-08-09 11:19:19
DIAMINESQ,2024-10-24 13:38:40
DIAMINESQ,2025-02-06 13:15:47
DIAMONDYD,2021-02-04 17:46:30
DIAMONDYD,2021-05-28 20:13:23
DIAMONDYD,2021-08-03 17:29:05
DIAMONDYD,2021-11-11 17:36:00
DIAMONDYD,2022-02-04 17:26:25
DIAMONDYD,2022-05-20 17:45:48
DIAMONDYD,2023-02-03 17:12:30
DIAMONDYD,2023-05-27 00:03:17
DIAMONDYD,2023-08-02 18:18:35
DIAMONDYD,2023-11-02 19:04:09
DIAMONDYD,2024-02-06 17:40:25
DIAMONDYD,2024-05-20 20:24:57
DIAMONDYD,2024-08-01 19:12:38
DIAMONDYD,2024-11-11 18:39:29
DIAMONDYD,2025-01-27 20:32:10
DIAPOWER,2023-02-11 15:42:42
DIAPOWER,2023-05-30 16:23:12
DIAPOWER,2023-07-29 17:18:23
DICIND,2021-02-03 15:42:17
DICIND,2021-06-16 18:44:39
DICIND,2021-08-11 17:33:12
DICIND,2021-11-12 17:50:46
DICIND,2022-02-11 19:26:38
DICIND,2022-05-11 18:09:56
DICIND,2023-02-08 18:32:42
DICIND,2023-05-12 12:35:20
DICIND,2023-08-04 19:46:29
DICIND,2023-11-09 19:19:08
DICIND,2024-02-22 21:11:45
DICIND,2024-05-09 17:04:48
DICIND,2024-08-13 18:12:56
DICIND,2024-11-14 12:48:55
DICIND,2025-02-21 21:01:34
DIFFNKG,2024-10-24 19:35:30
DIFFNKG,2024-11-12 19:02:29
DIFFNKG,2025-02-07 19:00:05
DIGIDRIVE,2024-02-13 12:44:38
DIGIDRIVE,2024-05-28 12:56:52
DIGIDRIVE,2024-08-09 12:26:51
DIGIDRIVE,2024-11-14 13:14:40
DIGIDRIVE,2025-02-14 11:46:24
DIGIKORE,2023-11-09 20:06:16
DIGIKORE,2024-05-22 16:53:51
DIGIKORE,2024-11-14 12:33:30
DIGISPICE,2021-02-12 16:31:37
DIGISPICE,2021-06-09 20:11:04
DIGISPICE,2021-07-30 21:18:35
DIGISPICE,2021-11-12 17:46:44
DIGISPICE,2022-02-04 20:50:08
DIGISPICE,2022-05-26 12:07:43
DIGISPICE,2023-01-25 21:04:39
DIGISPICE,2023-05-19 15:28:27
DIGISPICE,2023-07-27 20:47:22
DIGISPICE,2023-11-07 23:17:04
DIGISPICE,2024-01-31 20:53:03
DIGISPICE,2024-05-16 23:04:38
DIGISPICE,2024-08-08 23:03:07
DIGISPICE,2024-11-14 20:31:22
DIGISPICE,2025-02-14 19:05:34
DIGJAMLMTD,2021-11-16 18:15:16
DIGJAMLMTD,2022-02-14 19:09:04
DIGJAMLMTD,2022-05-25 21:09:25
DIGJAMLMTD,2023-02-06 19:24:32
DIGJAMLMTD,2023-05-29 15:18:51
DIGJAMLMTD,2023-08-12 16:57:48
DIGJAMLMTD,2023-11-08 14:47:58
DIGJAMLMTD,2024-02-10 14:51:58
DIGJAMLMTD,2024-05-27 20:54:09
DIGJAMLMTD,2024-08-14 15:30:43
DIGJAMLMTD,2024-11-15 00:54:49
DIGJAMLMTD,2025-02-14 19:21:35
DIGJAMLTD,2021-02-08 19:40:55
DIGJAMLTD,2021-06-24 20:03:44
DIGJAMLTD,2021-08-13 20:21:14
DIGJAMLTD,2021-08-14 18:56:55
DIL,2022-05-30 14:36:43
DIL,2023-02-06 15:23:29
DIL,2023-05-26 17:22:50
DIL,2023-08-11 16:02:48
DIL,2023-11-10 17:38:33
DIL,2024-02-14 19:18:12
DIL,2024-06-15 19:41:01
DIL,2024-10-10 21:28:57
DIL,2024-12-05 18:49:50
DIL,2025-02-21 19:13:37
DIRL,2021-06-30 19:22:32
DIRL,2021-11-11 20:43:17
DIRL,2021-11-14 12:32:30
DIRL,2022-05-30 21:07:14
DIRL,2023-05-30 20:16:03
DIRL,2023-11-11 15:43:42
DIRL,2024-05-30 20:38:06
DIRL,2024-11-14 18:47:19
DISHTV,2021-01-29 15:38:07
DISHTV,2021-06-30 18:02:40
DISHTV,2021-08-12 18:19:56
DISHTV,2021-11-13 16:03:19
DISHTV,2022-02-14 17:07:50
DISHTV,2022-05-30 20:45:17
DISHTV,2023-02-10 20:58:41
DISHTV,2023-05-12 19:08:59
DISHTV,2023-08-08 19:17:15
DISHTV,2023-11-09 17:24:34
DISHTV,2024-02-09 15:58:58
DISHTV,2024-05-27 18:54:59
DISHTV,2024-08-14 15:50:00
DISHTV,2024-11-13 18:20:22
DISHTV,2025-02-14 18:13:39
DIVGIITTS,2023-05-18 15:36:07
DIVGIITTS,2023-08-09 14:36:02
DIVGIITTS,2023-11-01 16:44:19
DIVGIITTS,2024-02-02 16:30:40
DIVGIITTS,2024-05-24 18:36:43
DIVGIITTS,2024-08-09 16:55:35
DIVGIITTS,2024-11-14 18:25:20
DIVGIITTS,2025-02-14 17:52:09
DIVISLAB,2021-02-06 12:15:34
DIVISLAB,2021-05-29 20:17:10
DIVISLAB,2021-08-07 12:06:44
DIVISLAB,2021-11-06 11:48:08
DIVISLAB,2022-02-11 11:59:27
DIVISLAB,2022-05-23 12:21:33
DIVISLAB,2023-02-03 12:50:51
DIVISLAB,2023-05-20 13:27:16
DIVISLAB,2023-08-14 12:55:25
DIVISLAB,2023-11-06 12:27:43
DIVISLAB,2024-02-10 12:06:42
DIVISLAB,2024-05-25 12:47:50
DIVISLAB,2024-08-03 12:11:18
DIVISLAB,2024-11-09 12:41:31
DIVISLAB,2025-02-03 12:59:51
DIVYADHAN,2024-11-14 16:29:11
DIXON,2021-02-02 14:28:37
DIXON,2021-05-27 16:52:57
DIXON,2021-07-27 14:15:49
DIXON,2021-10-29 15:08:04
DIXON,2022-01-28 14:26:48
DIXON,2022-05-30 14:53:21
DIXON,2023-01-25 16:23:49
DIXON,2023-05-23 16:13:27
DIXON,2023-07-25 16:01:49
DIXON,2023-10-26 16:09:27
DIXON,2024-01-31 16:12:08
DIXON,2024-05-15 16:07:38
DIXON,2024-07-30 15:37:19
DIXON,2024-10-24 16:26:01
DIXON,2025-01-20 16:24:52
DJML,2023-02-13 17:12:53
DJML,2023-05-26 19:41:50
DJML,2023-08-12 20:18:05
DJML,2023-11-11 20:03:58
DJML,2024-02-14 17:27:20
DJML,2024-05-16 20:09:54
DJML,2024-08-14 17:03:00
DJML,2024-11-11 21:25:32
DJML,2025-02-13 20:18:30
DKEGL,2021-11-12 16:21:27
DKEGL,2022-05-30 16:19:10
DKEGL,2023-05-26 18:07:57
DKEGL,2023-11-14 17:18:47
DKEGL,2024-05-27 17:02:44
DKEGL,2024-11-14 17:28:39
DLF,2021-01-29 18:28:16
DLF,2021-01-29 19:50:53
DLF,2021-06-11 16:47:05
DLF,2021-07-26 16:20:17
DLF,2021-10-28 16:35:06
DLF,2022-01-31 18:44:19
DLF,2022-05-17 18:17:19
DLF,2023-01-25 16:42:42
DLF,2023-05-12 16:39:52
DLF,2023-07-21 16:17:26
DLF,2023-10-30 16:06:00
DLF,2024-01-24 16:09:32
DLF,2024-05-13 19:19:56
DLF,2024-07-25 18:32:19
DLF,2024-10-25 17:58:04
DLF,2025-01-24 18:38:02
DLINKINDIA,2021-02-06 16:51:16
DLINKINDIA,2021-05-30 10:41:37
DLINKINDIA,2021-07-31 14:40:59
DLINKINDIA,2021-11-01 20:05:17
DLINKINDIA,2022-02-05 14:58:15
DLINKINDIA,2022-04-26 20:44:14
DLINKINDIA,2023-02-04 15:11:39
DLINKINDIA,2023-05-06 15:43:26
DLINKINDIA,2023-07-29 15:10:49
DLINKINDIA,2023-10-28 14:36:08
DLINKINDIA,2024-02-03 14:45:23
DLINKINDIA,2024-05-11 21:16:20
DLINKINDIA,2024-05-11 21:21:35
DLINKINDIA,2024-08-06 20:30:03
DLINKINDIA,2024-10-30 15:15:41
DLINKINDIA,2025-02-07 15:23:27
DMART,2021-01-09 14:24:56
DMART,2021-05-08 14:50:10
DMART,2021-07-10 14:10:45
DMART,2021-10-16 13:53:44
DMART,2022-01-08 14:48:47
DMART,2022-05-14 15:43:31
DMART,2022-07-09 14:04:24
DMART,2023-01-14 14:20:34
DMART,2023-05-13 15:08:26
DMART,2023-07-15 15:06:31
DMART,2023-10-14 12:40:49
DMART,2024-01-13 17:59:44
DMART,2024-05-04 15:35:29
DMART,2024-07-13 14:29:52
DMART,2024-10-12 14:05:48
DMART,2025-01-11 19:43:33
DMCC,2022-02-11 15:22:08
DMCC,2022-05-24 16:01:16
DMCC,2023-02-10 13:55:01
DMCC,2023-05-17 16:28:39
DMCC,2023-08-09 14:38:31
DMCC,2023-11-08 14:25:19
DMCC,2024-02-09 13:40:56
DMCC,2024-05-23 17:34:25
DMCC,2024-08-13 14:52:23
DMCC,2024-10-28 14:54:09
DMCC,2025-02-12 15:12:33
DNAMEDIA,2021-02-12 18:19:04
DNAMEDIA,2021-06-30 21:39:53
DNAMEDIA,2021-08-05 20:28:11
DNAMEDIA,2021-11-12 20:33:11
DNAMEDIA,2022-02-11 23:09:21
DNAMEDIA,2022-05-30 20:58:14
DNAMEDIA,2023-02-08 18:13:37
DNAMEDIA,2023-05-26 15:39:05
DNAMEDIA,2023-08-14 14:53:09
DNAMEDIA,2023-11-10 13:49:04
DNAMEDIA,2024-02-14 17:43:18
DNAMEDIA,2024-05-30 21:43:04
DNAMEDIA,2024-08-13 14:55:16
DNAMEDIA,2024-11-14 19:37:38
DNAMEDIA,2025-02-13 18:30:49
DODLA,2021-07-14 20:20:47
DODLA,2021-08-07 11:24:03
DODLA,2021-10-22 19:52:42
DODLA,2022-01-20 21:16:13
DODLA,2022-05-16 22:16:59
DODLA,2023-01-21 13:27:08
DODLA,2023-05-20 19:56:01
DODLA,2023-07-21 21:26:51
DODLA,2023-10-21 11:27:41
DODLA,2024-01-27 13:38:25
DODLA,2024-05-18 12:05:21
DODLA,2024-07-22 11:16:02
DODLA,2024-10-23 10:18:12
DODLA,2025-01-30 11:57:21
DOLATALGO,2024-01-31 11:26:05
DOLATALGO,2024-04-26 12:02:54
DOLATALGO,2024-08-06 13:04:52
DOLATALGO,2024-11-11 13:04:02
DOLATALGO,2025-02-11 13:58:01
DOLLAR,2021-02-04 17:21:13
DOLLAR,2021-05-29 20:13:19
DOLLAR,2021-08-07 19:05:43
DOLLAR,2021-11-01 12:43:25
DOLLAR,2022-01-27 18:35:54
DOLLAR,2022-05-23 18:25:09
DOLLAR,2023-02-14 18:25:14
DOLLAR,2023-05-30 18:19:25
DOLLAR,2023-08-10 18:49:18
DOLLAR,2023-11-07 18:50:43
DOLLAR,2024-02-06 18:46:55
DOLLAR,2024-05-21 17:27:37
DOLLAR,2024-08-12 17:56:05
DOLLAR,2024-11-11 17:24:50
DOLLAR,2025-02-12 17:41:29
DOLLEX,2023-05-30 21:54:42
DOLLEX,2023-11-10 17:37:42
DOLLEX,2024-05-30 21:11:29
DOLLEX,2024-05-30 21:14:25
DOLLEX,2024-11-13 20:10:37
DOLPHIN,2023-10-31 19:29:16
DOLPHIN,2024-02-04 15:06:00
DOLPHIN,2024-05-11 21:29:32
DOLPHIN,2024-08-02 14:51:55
DOLPHIN,2024-10-25 17:10:07
DOLPHIN,2025-01-27 14:44:28
DOLPHINOFF,2023-05-25 22:30:07
DOLPHINOFF,2023-07-29 16:55:06
DOMS,2024-02-09 18:30:33
DOMS,2024-05-24 16:45:28
DOMS,2024-08-12 17:47:55
DOMS,2024-11-09 17:50:28
DOMS,2025-02-03 19:36:38
DONEAR,2021-02-11 15:39:27
DONEAR,2021-06-22 18:18:23
DONEAR,2021-08-12 17:21:42
DONEAR,2021-11-13 18:31:10
DONEAR,2022-02-10 18:23:54
DONEAR,2022-05-28 18:43:50
DONEAR,2023-02-07 17:53:03
DONEAR,2023-05-20 18:13:19
DONEAR,2023-08-14 17:18:54
DONEAR,2023-11-08 17:36:18
DONEAR,2024-02-13 17:33:56
DONEAR,2024-05-29 18:35:35
DONEAR,2024-08-13 18:41:51
DONEAR,2024-11-13 18:16:13
DONEAR,2025-02-14 18:56:51
DPABHUSHAN,2021-02-11 17:32:19
DPABHUSHAN,2021-06-09 11:44:05
DPABHUSHAN,2021-06-14 17:13:21
DPABHUSHAN,2021-08-05 11:48:38
DPABHUSHAN,2021-08-05 11:49:09
DPABHUSHAN,2021-10-25 15:21:32
DPABHUSHAN,2022-01-20 11:58:06
DPABHUSHAN,2022-05-24 15:06:13
DPABHUSHAN,2023-01-27 16:41:59
DPABHUSHAN,2023-05-17 16:37:01
DPABHUSHAN,2023-08-11 16:30:34
DPABHUSHAN,2023-11-09 18:52:55
DPABHUSHAN,2024-02-12 14:18:48
DPABHUSHAN,2024-05-21 21:34:17
DPABHUSHAN,2024-07-18 15:15:07
DPABHUSHAN,2024-10-28 12:37:48
DPABHUSHAN,2025-02-07 11:31:00
DPEL,2024-11-28 16:24:22
DPSCLTD,2021-02-12 15:05:41
DPSCLTD,2021-06-11 16:10:36
DPSCLTD,2021-06-12 10:37:55
DPSCLTD,2021-08-09 15:45:45
DPSCLTD,2021-11-12 15:28:06
DPSCLTD,2022-02-11 15:25:43
DPSCLTD,2022-05-27 16:24:35
DPSCLTD,2023-02-10 14:55:52
DPSCLTD,2023-05-25 17:35:12
DPSCLTD,2023-08-11 14:55:43
DPSCLTD,2023-11-10 14:50:18
DPSCLTD,2024-02-12 14:38:26
DPSCLTD,2024-05-29 16:54:39
DPSCLTD,2024-08-02 15:15:35
DPSCLTD,2024-11-13 15:13:40
DPSCLTD,2025-02-08 14:15:18
DPWIRES,2021-01-22 18:20:48
DPWIRES,2021-02-10 19:19:33
DPWIRES,2021-06-18 18:22:06
DPWIRES,2021-07-26 17:23:37
DPWIRES,2021-10-26 17:22:38
DPWIRES,2022-01-25 13:50:13
DPWIRES,2022-05-24 12:30:48
DPWIRES,2023-02-01 15:57:18
DPWIRES,2023-05-30 13:24:37
DPWIRES,2023-07-26 17:04:43
DPWIRES,2023-11-09 15:31:03
DPWIRES,2024-02-13 18:24:19
DPWIRES,2024-05-30 16:28:04
DPWIRES,2024-08-14 18:15:09
DPWIRES,2024-11-14 18:47:45
DPWIRES,2025-02-14 18:24:45
DQE,2023-11-22 19:25:05
DQE,2023-11-22 19:32:39
DQE,2023-11-22 19:39:02
DRCSYSTEMS,2021-03-12 19:30:26
DRCSYSTEMS,2021-05-14 14:16:21
DRCSYSTEMS,2021-07-30 13:46:14
DRCSYSTEMS,2021-10-12 13:21:22
DRCSYSTEMS,2022-01-19 13:02:46
DRCSYSTEMS,2022-04-18 14:30:50
DRCSYSTEMS,2023-01-12 13:18:58
DRCSYSTEMS,2023-05-29 12:55:31
DRCSYSTEMS,2023-07-28 13:00:18
DRCSYSTEMS,2023-10-20 12:38:21
DRCSYSTEMS,2024-01-18 12:57:48
DRCSYSTEMS,2024-05-21 12:54:18
DRCSYSTEMS,2024-07-11 12:30:34
DRCSYSTEMS,2024-11-14 12:35:06
DRCSYSTEMS,2025-02-07 13:02:22
DREAMFOLKS,2023-02-08 12:48:56
DREAMFOLKS,2023-05-23 13:23:23
DREAMFOLKS,2023-08-09 15:06:57
DREAMFOLKS,2023-10-25 13:32:15
DREAMFOLKS,2024-02-07 13:38:32
DREAMFOLKS,2024-05-28 13:27:36
DREAMFOLKS,2024-08-08 15:32:49
DREAMFOLKS,2024-11-08 16:01:39
DREAMFOLKS,2025-02-07 15:44:34
DREDGECORP,2021-02-12 18:17:53
DREDGECORP,2021-06-29 18:56:44
DREDGECORP,2021-08-13 19:00:59
DREDGECORP,2021-11-11 19:31:37
DREDGECORP,2022-02-14 18:43:57
DREDGECORP,2022-05-30 16:40:22
DREDGECORP,2023-02-10 14:28:13
DREDGECORP,2023-05-25 19:46:23
DREDGECORP,2023-05-25 22:14:05
DREDGECORP,2023-08-11 14:25:15
DREDGECORP,2023-11-07 18:25:45
DREDGECORP,2024-02-13 17:37:31
DREDGECORP,2024-05-29 17:08:09
DREDGECORP,2024-08-09 18:10:03
DREDGECORP,2024-11-13 16:18:57
DREDGECORP,2025-02-03 19:25:20
DRONE,2023-11-10 17:44:06
DRONE,2024-05-24 19:47:18
DRONE,2024-10-30 16:25:02
DRREDDY,2021-01-29 11:29:11
DRREDDY,2021-05-14 12:26:27
DRREDDY,2021-07-27 11:23:45
DRREDDY,2021-10-29 13:53:50
DRREDDY,2022-01-28 12:35:00
DRREDDY,2022-05-19 13:09:52
DRREDDY,2023-01-25 16:09:21
DRREDDY,2023-05-10 17:14:12
DRREDDY,2023-07-26 16:02:19
DRREDDY,2023-10-27 15:24:07
DRREDDY,2024-01-30 15:58:53
DRREDDY,2024-05-07 16:11:01
DRREDDY,2024-07-27 16:13:24
DRREDDY,2024-11-05 16:05:19
DRREDDY,2025-01-23 17:00:02
DRSCARGO,2024-11-11 19:55:04
DRSDILIP,2021-06-29 18:16:54
DRSDILIP,2021-11-13 18:43:30
DRSDILIP,2022-05-29 13:25:32
DRSDILIP,2023-05-22 21:27:49
DRSDILIP,2023-11-14 22:16:59
DRSDILIP,2024-05-29 23:23:33
DRSDILIP,2024-11-11 18:50:15
DSKULKARNI,2021-02-16 11:39:33
DSKULKARNI,2021-06-30 20:03:48
DSKULKARNI,2021-08-12 17:06:26
DSKULKARNI,2021-11-12 19:25:15
DSKULKARNI,2022-02-11 15:56:38
DSKULKARNI,2022-05-24 18:24:17
DSKULKARNI,2023-02-15 12:11:35
DSKULKARNI,2023-05-29 20:58:29
DSKULKARNI,2023-08-14 17:05:15
DSKULKARNI,2023-11-13 15:48:18
DSKULKARNI,2024-02-14 19:48:44
DSKULKARNI,2024-05-30 21:37:59
DSKULKARNI,2024-05-31 16:10:35
DSKULKARNI,2024-08-14 18:36:39
DSKULKARNI,2024-11-14 20:09:21
DSKULKARNI,2025-02-14 14:22:22
DSSL,2021-02-12 21:50:57
DSSL,2021-06-30 22:43:12
DSSL,2021-08-12 19:50:21
DSSL,2021-11-01 19:57:31
DSSL,2021-11-02 18:06:33
DSSL,2022-02-11 20:43:56
DSSL,2022-05-30 23:34:07
DSSL,2023-02-14 20:34:40
DSSL,2023-05-26 23:57:19
DSSL,2023-08-14 19:30:22
DSSL,2023-10-31 22:30:20
DSSL,2024-02-08 18:25:40
DSSL,2024-05-31 00:31:17
DSSL,2024-08-12 18:40:19
DSSL,2024-11-08 21:20:12
DSSL,2025-01-31 21:36:19
DTL,2024-07-24 17:39:26
DTL,2024-11-13 17:13:11
DUCOL,2023-05-20 12:10:55
DUCOL,2023-11-06 14:02:25
DUCOL,2024-05-21 12:55:07
DUCOL,2024-11-11 14:50:14
DUCON,2021-02-12 21:30:43
DUCON,2021-06-30 21:14:06
DUCON,2021-08-14 20:38:44
DUCON,2021-11-12 19:35:52
DUCON,2022-02-03 11:06:25
DUCON,2022-02-10 21:51:25
DUCON,2022-05-31 11:11:06
DUCON,2023-01-23 16:00:08
DUCON,2023-05-30 19:25:26
DUCON,2023-08-10 19:38:56
DUCON,2023-11-10 19:29:23
DUCON,2024-02-06 11:32:01
DUCON,2024-05-30 19:35:10
DUCON,2024-08-14 19:11:54
DUCON,2024-11-14 18:57:24
DUCON,2025-02-10 19:22:45
DUGLOBAL,2022-05-31 17:21:28
DUGLOBAL,2023-05-25 18:09:22
DUGLOBAL,2023-11-07 18:51:17
DUGLOBAL,2024-05-22 20:09:00
DUGLOBAL,2024-11-13 15:13:20
DURLAX,2024-11-13 16:45:54
DVL,2021-02-09 18:09:34
DVL,2021-02-10 14:17:06
DVL,2021-06-02 16:19:02
DVL,2021-06-23 17:34:54
DVL,2021-06-24 11:57:44
DVL,2021-08-11 16:24:16
DVL,2021-08-11 17:44:30
DVL,2021-11-10 14:27:24
DVL,2021-11-10 16:52:07
DVL,2022-02-10 14:29:22
DVL,2022-02-10 16:21:09
DVL,2022-05-25 17:39:40
DVL,2022-05-26 15:55:43
DVL,2023-02-04 15:50:22
DVL,2023-02-11 16:00:26
DVL,2023-05-24 16:48:10
DVL,2023-05-28 23:16:42
DVL,2023-08-08 17:53:33
DVL,2023-08-09 17:51:02
DVL,2023-11-07 15:46:53
DVL,2023-11-09 18:54:10
DVL,2024-02-08 17:01:27
DVL,2024-02-09 17:18:07
DVL,2024-05-24 17:15:55
DVL,2024-05-27 19:17:54
DVL,2024-08-12 16:04:35
DVL,2024-08-13 11:56:23
DVL,2024-11-09 13:44:20
DVL,2024-11-14 12:41:20
DVL,2025-02-07 17:33:28
DVL,2025-02-12 15:03:38
DWARKESH,2021-01-30 13:41:48
DWARKESH,2021-05-12 15:06:52
DWARKESH,2021-07-29 14:17:37
DWARKESH,2021-10-25 14:45:05
DWARKESH,2022-01-31 13:47:44
DWARKESH,2022-05-02 14:21:43
DWARKESH,2023-01-30 15:03:54
DWARKESH,2023-04-27 14:39:36
DWARKESH,2023-07-24 14:40:26
DWARKESH,2023-10-27 14:29:43
DWARKESH,2024-01-30 14:33:40
DWARKESH,2024-04-30 14:51:37
DWARKESH,2024-07-31 14:10:37
DWARKESH,2024-10-28 14:27:32
DWARKESH,2025-01-27 14:26:06
DYCL,2023-02-07 17:14:08
DYCL,2023-05-23 17:50:50
DYCL,2023-07-31 17:01:28
DYCL,2023-11-09 15:33:52
DYCL,2024-02-05 16:56:18
DYCL,2024-05-14 15:24:26
DYCL,2024-07-31 12:51:07
DYCL,2024-10-22 17:01:57
DYCL,2025-01-28 14:52:55
DYNAMATECH,2021-02-12 18:24:35
DYNAMATECH,2021-06-07 20:29:05
DYNAMATECH,2021-07-23 18:24:00
DYNAMATECH,2021-10-29 17:55:19
DYNAMATECH,2022-02-08 18:40:19
DYNAMATECH,2022-05-25 23:25:51
DYNAMATECH,2023-02-10 20:16:43
DYNAMATECH,2023-05-29 19:57:22
DYNAMATECH,2023-08-09 21:28:52
DYNAMATECH,2023-11-10 21:11:52
DYNAMATECH,2024-02-13 18:44:51
DYNAMATECH,2024-05-28 21:19:33
DYNAMATECH,2024-08-09 18:52:37
DYNAMATECH,2024-11-13 19:46:18
DYNAMATECH,2025-02-07 19:16:00
DYNAMIC,2021-11-14 17:29:02
DYNAMIC,2022-05-31 00:02:54
DYNAMIC,2023-05-30 23:40:44
DYNAMIC,2023-11-13 19:03:49
DYNAMIC,2024-05-28 22:18:54
DYNAMIC,2024-11-14 22:23:27
DYNPRO,2021-02-05 13:44:21
DYNPRO,2021-06-07 10:37:39
DYNPRO,2021-06-10 17:23:57
DYNPRO,2021-08-07 12:41:50
DYNPRO,2021-11-13 13:15:57
DYNPRO,2021-11-20 15:29:03
DYNPRO,2022-02-11 13:04:55
DYNPRO,2022-05-30 17:54:06
DYNPRO,2023-02-13 14:30:56
DYNPRO,2023-05-30 13:18:33
DYNPRO,2023-08-14 17:24:52
DYNPRO,2023-11-10 14:16:02
DYNPRO,2024-02-14 15:16:32
DYNPRO,2024-05-30 15:18:56
DYNPRO,2024-05-31 17:23:38
DYNPRO,2024-08-13 13:29:36
DYNPRO,2024-11-13 12:38:58
DYNPRO,2025-02-10 13:49:58
E2E,2021-05-10 16:11:07
E2E,2021-11-10 14:51:51
E2E,2022-05-27 15:02:52
E2E,2023-02-07 16:01:03
E2E,2023-05-23 17:59:16
E2E,2023-08-14 17:14:59
E2E,2023-11-09 14:22:55
E2E,2024-02-14 13:42:37
E2E,2024-05-24 14:27:50
E2E,2024-07-17 13:58:39
E2E,2024-10-21 18:33:48
E2E,2025-01-22 15:33:01
EASEMYTRIP,2021-06-15 12:41:46
EASEMYTRIP,2021-06-16 16:42:38
EASEMYTRIP,2021-08-15 13:29:49
EASEMYTRIP,2021-11-03 12:11:15
EASEMYTRIP,2022-01-31 18:32:46
EASEMYTRIP,2022-05-25 14:09:46
EASEMYTRIP,2023-02-06 17:19:12
EASEMYTRIP,2023-05-26 17:14:01
EASEMYTRIP,2023-08-15 11:21:59
EASEMYTRIP,2023-11-08 11:56:51
EASEMYTRIP,2024-02-09 15:10:13
EASEMYTRIP,2024-05-24 15:49:58
EASEMYTRIP,2024-08-13 14:08:27
EASEMYTRIP,2024-11-14 17:24:31
EASEMYTRIP,2025-02-14 16:29:19
EASTSILK,2021-02-12 15:36:44
EASTSILK,2021-06-30 17:26:06
EASTSILK,2021-07-01 14:39:30
EASTSILK,2021-08-14 13:55:36
EASTSILK,2021-11-13 12:23:32
EASTSILK,2022-02-14 14:47:54
EASTSILK,2022-02-14 14:52:38
EASTSILK,2022-05-30 20:19:45
EASTSILK,2023-02-06 17:37:13
EASTSILK,2023-05-30 20:32:47
EASTSILK,2023-08-10 19:05:15
EASTSILK,2023-11-08 19:10:18
EASTSILK,2024-02-13 17:37:21
EASTSILK,2024-06-14 20:53:38
EASTSILK,2024-08-12 19:42:04
EASTSILK,2024-11-13 20:50:21
EASTSILK,2025-02-14 21:28:45
ECLERX,2021-01-28 18:30:36
ECLERX,2021-06-10 17:46:23
ECLERX,2021-08-13 18:09:25
ECLERX,2021-11-02 16:28:49
ECLERX,2022-02-02 17:19:56
ECLERX,2022-05-24 18:24:43
ECLERX,2023-02-02 18:24:42
ECLERX,2023-05-25 19:11:25
ECLERX,2023-08-09 18:23:37
ECLERX,2023-11-09 19:14:38
ECLERX,2024-02-01 16:49:46
ECLERX,2024-05-16 21:09:25
ECLERX,2024-08-13 19:01:47
ECLERX,2024-11-05 18:59:38
ECLERX,2025-01-29 19:25:47
ECOSMOBLTY,2024-09-25 15:41:35
ECOSMOBLTY,2024-11-11 17:17:20
ECOSMOBLTY,2025-02-12 14:19:28
EDELWEISS,2021-02-13 21:00:51
EDELWEISS,2021-06-11 21:04:04
EDELWEISS,2021-06-11 21:09:43
EDELWEISS,2021-08-06 18:39:51
EDELWEISS,2021-10-28 22:31:35
EDELWEISS,2022-02-01 16:52:07
EDELWEISS,2022-05-30 14:36:25
EDELWEISS,2023-01-31 17:35:58
EDELWEISS,2023-05-26 17:48:17
EDELWEISS,2023-08-04 13:57:36
EDELWEISS,2023-11-10 13:17:33
EDELWEISS,2024-02-12 14:39:50
EDELWEISS,2024-05-14 20:56:40
EDELWEISS,2024-08-02 14:18:46
EDELWEISS,2024-10-29 13:50:32
EDELWEISS,2025-02-07 13:57:00
EDUCOMP,2021-03-26 16:49:40
EDUCOMP,2021-04-01 15:04:11
EDUCOMP,2022-02-18 13:50:40
EDUCOMP,2023-02-28 14:07:12
EDUCOMP,2023-04-03 17:42:07
EDUCOMP,2023-04-21 16:18:59
EDUCOMP,2023-04-21 16:21:27
EDUCOMP,2023-04-21 16:22:10
EDUCOMP,2023-04-21 16:22:47
EDUCOMP,2023-04-24 16:01:45
EDUCOMP,2023-04-24 16:05:19
EDUCOMP,2023-04-24 16:08:22
EDUCOMP,2023-04-26 11:47:40
EDUCOMP,2023-04-26 11:51:29
EDUCOMP,2023-04-26 11:53:45
EDUCOMP,2023-04-26 11:57:24
EDUCOMP,2023-07-15 16:44:47
EDUCOMP,2023-07-15 16:49:07
EDUCOMP,2023-07-15 16:57:23
EDUCOMP,2023-07-19 16:41:45
EDUCOMP,2023-07-25 15:02:52
EDUCOMP,2023-07-25 15:13:47
EDUCOMP,2023-07-25 15:24:25
EDUCOMP,2023-07-25 15:34:10
EDUCOMP,2023-10-05 20:18:19
EDUCOMP,2023-10-05 20:23:59
EDUCOMP,2023-10-05 20:26:42
EDUCOMP,2023-10-20 12:49:48
EDUCOMP,2024-01-23 16:28:05
EDUCOMP,2024-01-23 16:38:58
EDUCOMP,2024-02-22 15:45:29
EDUCOMP,2024-07-18 17:05:23
EDUCOMP,2024-07-18 17:22:57
EDUCOMP,2024-09-24 16:41:56
EDUCOMP,2025-01-21 17:09:20
EDUCOMP,2025-02-14 17:34:03
EFACTOR,2023-11-06 15:16:15
EFACTOR,2024-05-28 15:09:56
EFACTOR,2024-11-09 18:51:08
EFFWA,2024-10-24 18:15:23
EFORCE,2024-05-30 22:11:30
EFORCE,2024-11-14 19:05:47
EICHERMOT,2021-02-10 14:41:40
EICHERMOT,2021-05-27 19:43:23
EICHERMOT,2021-08-12 17:07:53
EICHERMOT,2021-11-03 17:46:53
EICHERMOT,2022-02-14 18:10:53
EICHERMOT,2022-05-13 17:57:54
EICHERMOT,2023-02-14 13:29:50
EICHERMOT,2023-05-11 16:55:59
EICHERMOT,2023-08-03 17:12:12
EICHERMOT,2023-11-10 17:35:56
EICHERMOT,2024-02-13 14:40:43
EICHERMOT,2024-05-10 23:38:58
EICHERMOT,2024-05-11 13:41:36
EICHERMOT,2024-08-08 17:37:16
EICHERMOT,2024-11-13 16:06:03
EICHERMOT,2025-02-10 17:17:37
EIDPARRY,2021-02-08 18:31:48
EIDPARRY,2021-06-29 19:32:50
EIDPARRY,2021-08-12 19:50:10
EIDPARRY,2021-11-08 19:06:52
EIDPARRY,2022-02-08 19:29:49
EIDPARRY,2022-05-17 20:20:52
EIDPARRY,2023-02-14 18:21:10
EIDPARRY,2023-05-30 14:20:35
EIDPARRY,2023-08-09 14:53:56
EIDPARRY,2023-11-08 14:43:50
EIDPARRY,2024-02-06 18:06:53
EIDPARRY,2024-05-24 12:56:33
EIDPARRY,2024-08-14 14:37:44
EIDPARRY,2024-11-14 15:07:28
EIDPARRY,2025-02-11 19:07:07
EIEL,2024-12-18 16:34:04
EIEL,2025-02-06 15:21:16
EIFFL,2021-06-29 21:19:32
EIFFL,2021-11-11 17:45:06
EIFFL,2022-02-14 18:11:27
EIFFL,2022-05-30 19:57:17
EIFFL,2023-02-14 17:40:42
EIFFL,2023-05-30 12:13:58
EIFFL,2023-08-11 20:40:01
EIFFL,2023-11-08 21:18:54
EIFFL,2024-02-13 15:19:57
EIFFL,2024-05-29 19:24:05
EIFFL,2024-08-12 15:39:05
EIFFL,2024-11-14 20:27:05
EIFFL,2025-02-10 14:43:22
EIHAHOTELS,2021-01-28 15:15:12
EIHAHOTELS,2021-05-04 18:08:10
EIHAHOTELS,2021-07-27 14:16:20
EIHAHOTELS,2021-10-28 17:26:56
EIHAHOTELS,2022-01-28 18:43:49
EIHAHOTELS,2022-05-02 20:26:40
EIHAHOTELS,2023-02-09 13:09:13
EIHAHOTELS,2023-05-16 17:57:41
EIHAHOTELS,2023-08-07 14:03:43
EIHAHOTELS,2023-11-02 17:13:58
EIHAHOTELS,2024-02-05 13:56:37
EIHAHOTELS,2024-05-24 18:17:09
EIHAHOTELS,2024-08-05 15:05:56
EIHAHOTELS,2024-11-11 14:18:07
EIHAHOTELS,2025-02-10 13:36:41
EIHOTEL,2021-01-29 18:26:41
EIHOTEL,2021-05-07 18:27:30
EIHOTEL,2021-07-29 18:51:20
EIHOTEL,2021-11-12 17:20:17
EIHOTEL,2022-02-03 19:33:56
EIHOTEL,2022-05-04 16:52:01
EIHOTEL,2023-02-10 19:11:00
EIHOTEL,2023-05-22 19:52:26
EIHOTEL,2023-08-08 19:42:00
EIHOTEL,2023-11-03 17:31:01
EIHOTEL,2024-02-06 18:25:39
EIHOTEL,2024-05-28 23:22:03
EIHOTEL,2024-08-06 21:27:27
EIHOTEL,2024-11-12 18:51:09
EIHOTEL,2025-02-11 18:14:11
EIMCOELECO,2021-02-08 13:07:12
EIMCOELECO,2021-05-13 14:37:52
EIMCOELECO,2021-08-05 13:21:47
EIMCOELECO,2021-10-27 13:34:29
EIMCOELECO,2022-01-31 17:12:51
EIMCOELECO,2022-04-30 09:32:12
EIMCOELECO,2023-01-23 19:15:34
EIMCOELECO,2023-04-24 13:55:48
EIMCOELECO,2023-07-10 17:19:13
EIMCOELECO,2023-10-17 13:26:32
EIMCOELECO,2024-01-24 13:10:13
EIMCOELECO,2024-04-18 14:16:26
EIMCOELECO,2024-07-16 12:33:19
EIMCOELECO,2024-10-17 13:47:58
EIMCOELECO,2025-01-21 13:41:40
EKC,2021-02-13 18:39:33
EKC,2021-06-24 18:54:01
EKC,2021-08-12 16:26:59
EKC,2021-11-11 15:05:50
EKC,2022-02-11 16:22:45
EKC,2022-05-27 19:51:34
EKC,2023-02-09 12:39:54
EKC,2023-05-29 18:18:29
EKC,2023-08-10 17:30:29
EKC,2023-11-08 16:38:00
EKC,2024-02-09 16:22:46
EKC,2024-05-24 17:29:05
EKC,2024-08-13 16:51:32
EKC,2024-11-14 18:34:37
EKC,2025-02-12 18:20:47
ELDEHSG,2022-05-13 15:58:00
ELDEHSG,2023-02-13 16:29:13
ELDEHSG,2023-05-15 16:53:53
ELDEHSG,2023-08-03 17:55:35
ELDEHSG,2023-11-07 16:09:13
ELDEHSG,2024-02-09 15:16:53
ELDEHSG,2024-05-16 16:51:38
ELDEHSG,2024-08-12 17:13:54
ELDEHSG,2024-11-12 16:03:39
ELDEHSG,2025-02-12 17:15:31
ELECON,2021-02-09 14:27:13
ELECON,2021-05-27 17:56:40
ELECON,2021-08-06 15:00:57
ELECON,2021-10-29 14:13:44
ELECON,2022-02-01 14:09:33
ELECON,2022-05-03 17:07:22
ELECON,2023-01-24 14:59:41
ELECON,2023-04-26 12:39:30
ELECON,2023-07-11 11:59:44
ELECON,2023-10-20 12:11:14
ELECON,2024-01-25 13:14:24
ELECON,2024-04-19 13:51:48
ELECON,2024-07-17 12:15:32
ELECON,2024-10-18 12:50:44
ELECON,2025-01-22 12:20:51
ELECTCAST,2021-02-12 14:44:31
ELECTCAST,2021-05-20 15:21:10
ELECTCAST,2021-08-13 15:24:14
ELECTCAST,2021-11-12 14:28:29
ELECTCAST,2022-02-14 15:43:46
ELECTCAST,2022-05-10 15:40:48
ELECTCAST,2023-02-14 15:00:00
ELECTCAST,2023-05-17 15:49:43
ELECTCAST,2023-08-09 14:33:50
ELECTCAST,2023-11-09 13:13:58
ELECTCAST,2024-02-08 13:05:17
ELECTCAST,2024-05-13 15:22:53
ELECTCAST,2024-07-31 14:51:25
ELECTCAST,2024-10-30 15:24:16
ELECTCAST,2025-01-31 16:05:32
ELECTHERM,2021-02-11 20:25:06
ELECTHERM,2021-10-15 15:50:34
ELECTHERM,2021-10-15 15:55:14
ELECTHERM,2022-02-12 17:55:34
ELECTHERM,2022-02-12 17:56:27
ELECTHERM,2022-05-30 17:57:56
ELECTHERM,2023-02-14 18:32:13
ELECTHERM,2023-05-27 16:13:14
ELECTHERM,2023-08-11 17:14:12
ELECTHERM,2023-11-04 14:44:11
ELECTHERM,2024-02-08 19:00:11
ELECTHERM,2024-05-20 15:56:01
ELECTHERM,2024-08-10 16:08:47
ELECTHERM,2024-11-13 17:11:24
ELECTHERM,2025-02-11 14:37:05
ELGIEQUIP,2021-02-08 17:51:31
ELGIEQUIP,2021-05-21 19:43:51
ELGIEQUIP,2021-08-03 18:29:09
ELGIEQUIP,2021-10-29 19:06:18
ELGIEQUIP,2021-11-08 18:56:16
ELGIEQUIP,2022-01-31 18:57:18
ELGIEQUIP,2022-02-10 18:28:59
ELGIEQUIP,2022-05-13 18:05:31
ELGIEQUIP,2023-02-03 17:17:28
ELGIEQUIP,2023-05-19 16:28:11
ELGIEQUIP,2023-08-11 17:39:42
ELGIEQUIP,2023-11-08 17:06:53
ELGIEQUIP,2024-02-12 17:31:21
ELGIEQUIP,2024-05-27 18:23:05
ELGIEQUIP,2024-07-31 12:34:31
ELGIEQUIP,2024-11-11 16:44:06
ELGIEQUIP,2025-02-10 19:01:16
ELGIRUBCO,2021-02-11 14:18:10
ELGIRUBCO,2021-06-10 21:53:52
ELGIRUBCO,2021-06-26 18:33:12
ELGIRUBCO,2021-08-12 14:38:47
ELGIRUBCO,2021-11-11 11:58:32
ELGIRUBCO,2022-02-05 13:32:52
ELGIRUBCO,2022-05-26 17:33:06
ELGIRUBCO,2023-02-09 16:58:12
ELGIRUBCO,2023-05-25 19:44:21
ELGIRUBCO,2023-08-10 17:45:29
ELGIRUBCO,2023-11-14 19:46:14
ELGIRUBCO,2024-02-09 16:35:42
ELGIRUBCO,2024-05-30 17:16:08
ELGIRUBCO,2024-08-12 16:06:59
ELGIRUBCO,2024-11-14 19:14:15
ELGIRUBCO,2025-02-13 13:31:01
ELIN,2023-02-10 18:29:36
ELIN,2023-05-30 13:54:17
ELIN,2023-08-10 13:33:23
ELIN,2023-11-08 13:33:58
ELIN,2024-02-13 13:47:17
ELIN,2024-05-30 14:52:40
ELIN,2024-08-06 13:50:32
ELIN,2024-11-12 13:39:54
ELIN,2025-02-08 14:53:55
EMAMILTD,2021-01-27 13:08:42
EMAMILTD,2021-05-25 14:48:00
EMAMILTD,2021-08-02 13:52:54
EMAMILTD,2021-10-29 13:49:47
EMAMILTD,2022-02-03 13:38:07
EMAMILTD,2022-05-13 13:55:59
EMAMILTD,2023-02-03 16:21:54
EMAMILTD,2023-05-25 16:14:45
EMAMILTD,2023-08-07 17:15:43
EMAMILTD,2023-11-06 16:17:31
EMAMILTD,2024-02-09 13:19:48
EMAMILTD,2024-05-30 13:55:04
EMAMILTD,2024-08-01 13:51:48
EMAMILTD,2024-11-07 15:56:42
EMAMILTD,2025-01-27 17:55:26
EMAMIPAP,2021-02-08 14:41:38
EMAMIPAP,2021-06-01 17:47:15
EMAMIPAP,2021-08-06 14:24:16
EMAMIPAP,2021-10-28 14:12:33
EMAMIPAP,2022-01-31 14:35:54
EMAMIPAP,2022-05-25 15:28:57
EMAMIPAP,2023-02-14 13:33:14
EMAMIPAP,2023-05-26 16:24:58
EMAMIPAP,2023-08-09 16:43:13
EMAMIPAP,2023-11-01 14:50:26
EMAMIPAP,2024-02-06 15:08:48
EMAMIPAP,2024-05-28 16:49:08
EMAMIPAP,2024-08-09 16:27:19
EMAMIPAP,2024-11-07 14:05:09
EMAMIPAP,2025-02-13 18:37:48
EMAMIREAL,2021-02-12 13:25:30
EMAMIREAL,2021-06-30 14:31:00
EMAMIREAL,2021-08-10 17:01:41
EMAMIREAL,2021-09-06 16:59:23
EMAMIREAL,2021-09-29 13:04:01
EMAMIREAL,2021-11-10 13:21:44
EMAMIREAL,2022-02-10 18:20:46
EMAMIREAL,2022-05-24 17:38:40
EMAMIREAL,2023-05-29 18:43:22
EMAMIREAL,2023-08-07 19:04:31
EMAMIREAL,2023-11-10 11:34:05
EMAMIREAL,2024-02-09 17:51:39
EMAMIREAL,2024-05-30 14:09:21
EMAMIREAL,2024-08-13 13:49:59
EMAMIREAL,2024-11-12 13:38:49
EMAMIREAL,2025-02-14 13:20:18
EMAPARTNER,2025-02-11 10:28:22
EMBDL,2021-01-18 20:18:01
EMBDL,2021-04-23 19:09:54
EMBDL,2021-04-23 19:21:20
EMBDL,2021-08-07 19:31:12
EMBDL,2021-10-14 18:58:14
EMBDL,2021-10-14 19:08:21
EMBDL,2022-01-25 19:01:43
EMBDL,2022-01-25 19:08:12
EMBDL,2022-05-27 18:02:15
EMBDL,2023-02-10 17:18:50
EMBDL,2023-05-30 18:04:52
EMBDL,2023-08-10 16:09:57
EMBDL,2023-10-31 15:17:38
EMBDL,2024-02-13 17:31:25
EMBDL,2024-04-26 17:04:13
EMBDL,2024-08-14 18:02:15
EMBDL,2024-10-23 18:54:44
EMBDL,2025-01-10 18:05:44
EMCO,2021-05-12 17:40:32
EMCO,2021-05-17 18:04:34
EMCO,2021-05-17 18:06:27
EMCO,2021-06-01 22:51:33
EMCO,2021-08-09 21:50:27
EMCO,2021-08-10 18:32:09
EMCURE,2024-08-13 21:09:11
EMCURE,2024-11-07 15:40:47
EMCURE,2025-02-06 15:06:13
EMIL,2023-02-10 12:17:24
EMIL,2023-05-26 14:35:01
EMIL,2023-08-11 14:04:10
EMIL,2023-11-03 14:01:20
EMIL,2024-02-07 14:12:46
EMIL,2024-05-27 13:53:54
EMIL,2024-08-09 14:10:12
EMIL,2024-11-11 13:20:30
EMIL,2025-02-10 14:01:07
EMKAY,2021-02-04 17:47:33
EMKAY,2021-05-20 19:20:01
EMKAY,2021-05-20 20:25:56
EMKAY,2021-08-06 18:02:28
EMKAY,2021-10-28 18:27:48
EMKAY,2021-10-29 17:26:06
EMKAY,2022-01-25 17:45:10
EMKAY,2022-01-25 18:20:55
EMKAY,2022-05-24 18:57:04
EMKAY,2023-01-30 17:43:55
EMKAY,2023-05-15 19:13:56
EMKAY,2023-08-10 16:33:49
EMKAY,2023-10-30 18:24:45
EMKAY,2023-10-30 18:26:11
EMKAY,2024-01-31 17:16:18
EMKAY,2024-05-16 18:01:11
EMKAY,2024-08-08 16:22:37
EMKAY,2024-10-28 14:10:10
EMKAY,2025-01-30 17:18:41
EMKAYTOOLS,2021-06-29 13:39:26
EMKAYTOOLS,2021-11-13 14:21:05
EMKAYTOOLS,2021-11-13 14:50:01
EMKAYTOOLS,2022-05-30 13:44:20
EMKAYTOOLS,2023-05-30 14:47:08
EMKAYTOOLS,2023-10-30 14:56:53
EMKAYTOOLS,2024-05-28 15:51:01
EMKAYTOOLS,2024-11-05 14:20:50
EMMBI,2021-02-11 13:30:01
EMMBI,2021-06-25 14:39:16
EMMBI,2021-07-30 15:56:53
EMMBI,2021-08-12 13:56:20
EMMBI,2021-10-20 13:02:29
EMMBI,2021-11-02 13:36:20
EMMBI,2022-02-14 14:06:00
EMMBI,2022-05-16 14:04:04
EMMBI,2023-05-30 16:34:43
EMMBI,2023-08-12 18:22:53
EMMBI,2023-11-10 13:01:31
EMMBI,2024-02-14 13:41:25
EMMBI,2024-05-14 17:44:37
EMMBI,2024-08-12 15:08:54
EMMBI,2024-11-13 14:57:37
EMMBI,2025-02-12 14:37:17
EMMIL,2024-06-04 16:43:35
EMMIL,2024-11-14 16:49:52
EMSLIMITED,2023-11-14 13:36:03
EMSLIMITED,2024-02-12 12:48:41
EMSLIMITED,2024-05-29 15:00:51
EMSLIMITED,2024-08-10 15:52:50
EMSLIMITED,2024-11-12 15:47:18
EMSLIMITED,2025-01-24 16:53:08
EMUDHRA,2022-06-20 17:49:53
EMUDHRA,2023-01-25 16:39:24
EMUDHRA,2023-04-28 18:23:42
EMUDHRA,2023-07-28 16:10:13
EMUDHRA,2023-11-08 16:43:09
EMUDHRA,2024-02-05 15:54:53
EMUDHRA,2024-04-29 17:29:11
EMUDHRA,2024-07-30 16:31:21
EMUDHRA,2024-10-29 16:11:28
EMUDHRA,2025-01-28 16:19:46
ENDURANCE,2021-02-09 16:53:00
ENDURANCE,2021-05-19 17:40:20
ENDURANCE,2021-08-11 16:38:04
ENDURANCE,2021-11-11 21:21:56
ENDURANCE,2022-02-08 19:05:14
ENDURANCE,2022-05-19 19:17:25
ENDURANCE,2023-02-08 19:02:15
ENDURANCE,2023-05-17 17:33:44
ENDURANCE,2023-08-10 19:42:00
ENDURANCE,2023-11-08 18:19:57
ENDURANCE,2024-02-06 18:31:09
ENDURANCE,2024-05-16 19:44:21
ENDURANCE,2024-08-13 17:59:43
ENDURANCE,2024-11-06 19:40:23
ENDURANCE,2025-02-12 19:43:06
ENERGYDEV,2021-02-12 19:45:42
ENERGYDEV,2021-07-01 01:30:23
ENERGYDEV,2021-08-12 21:47:32
ENERGYDEV,2021-11-09 19:43:03
ENERGYDEV,2022-02-09 18:39:47
ENERGYDEV,2022-05-26 20:12:17
ENERGYDEV,2023-02-14 20:26:56
ENERGYDEV,2023-05-30 20:21:43
ENERGYDEV,2023-08-10 23:03:36
ENERGYDEV,2023-12-18 18:08:19
ENERGYDEV,2024-02-02 18:42:19
ENERGYDEV,2024-05-29 18:53:28
ENERGYDEV,2024-08-23 18:47:12
ENERGYDEV,2024-11-09 13:12:42
ENERGYDEV,2025-02-10 19:07:40
ENFUSE,2024-05-30 17:45:25
ENFUSE,2024-11-14 20:05:31
ENGINERSIN,2021-01-28 17:13:29
ENGINERSIN,2021-06-08 18:10:43
ENGINERSIN,2021-08-12 17:56:26
ENGINERSIN,2021-11-11 14:37:25
ENGINERSIN,2022-02-09 17:14:23
ENGINERSIN,2022-05-27 18:10:20
ENGINERSIN,2023-02-03 20:18:33
ENGINERSIN,2023-05-26 15:34:39
ENGINERSIN,2023-08-02 20:45:28
ENGINERSIN,2023-11-09 18:21:30
ENGINERSIN,2024-02-02 15:07:14
ENGINERSIN,2024-05-28 20:18:51
ENGINERSIN,2024-08-09 15:07:54
ENGINERSIN,2024-10-29 15:12:38
ENGINERSIN,2025-02-10 13:13:11
ENIL,2021-02-10 19:32:20
ENIL,2021-06-15 21:09:46
ENIL,2021-08-13 17:11:00
ENIL,2021-10-26 18:43:44
ENIL,2022-02-09 16:53:55
ENIL,2022-05-06 20:04:06
ENIL,2023-02-01 18:49:25
ENIL,2023-05-04 19:05:48
ENIL,2023-08-11 18:49:33
ENIL,2023-11-08 15:22:22
ENIL,2024-02-13 16:25:23
ENIL,2024-05-03 21:09:05
ENIL,2024-07-31 18:27:41
ENIL,2024-11-12 19:52:14
ENIL,2025-02-07 18:18:20
ENSER,2024-05-27 17:03:22
ENSER,2024-11-11 19:09:17
ENTERO,2024-03-08 18:46:58
ENTERO,2024-05-29 18:37:43
ENTERO,2024-08-14 17:09:20
ENTERO,2024-11-12 18:29:05
ENTERO,2025-02-12 17:07:17
ENVIRO,2024-11-04 17:15:36
EPACK,2024-02-15 17:03:21
EPACK,2024-05-28 19:59:22
EPACK,2024-07-24 18:21:19
EPACK,2024-11-12 17:43:46
EPACK,2025-01-31 18:45:53
EPIGRAL,2021-08-18 19:21:02
EPIGRAL,2021-10-26 14:58:47
EPIGRAL,2022-01-24 13:46:57
EPIGRAL,2022-04-25 14:49:48
EPIGRAL,2023-01-19 13:22:07
EPIGRAL,2023-04-25 13:24:25
EPIGRAL,2023-08-05 13:50:04
EPIGRAL,2023-11-06 13:19:24
EPIGRAL,2024-01-24 12:41:26
EPIGRAL,2024-04-22 14:09:54
EPIGRAL,2024-07-24 13:10:18
EPIGRAL,2024-11-09 12:41:20
EPIGRAL,2025-01-27 13:49:25
EPL,2021-02-02 16:47:34
EPL,2021-05-20 17:02:24
EPL,2021-07-29 16:03:33
EPL,2021-11-10 17:07:30
EPL,2022-02-09 16:14:15
EPL,2022-05-10 16:47:16
EPL,2023-02-07 15:44:23
EPL,2023-05-19 16:14:13
EPL,2023-08-08 16:11:48
EPL,2023-11-08 15:49:14
EPL,2024-02-07 15:51:19
EPL,2024-05-28 16:19:12
EPL,2024-08-13 16:13:37
EPL,2024-11-11 17:08:51
EPL,2025-02-11 16:43:57
EQUIPPP,2021-06-30 18:28:02
EQUIPPP,2021-08-14 17:04:31
EQUIPPP,2021-11-14 18:12:36
EQUIPPP,2022-02-14 19:50:11
EQUIPPP,2022-02-15 13:00:55
EQUIPPP,2022-05-29 21:02:28
EQUIPPP,2023-02-09 20:37:56
EQUIPPP,2023-05-29 20:12:45
EQUIPPP,2023-08-14 19:59:03
EQUIPPP,2023-11-14 19:48:01
EQUIPPP,2024-02-13 17:48:04
EQUIPPP,2024-05-12 15:42:14
EQUIPPP,2024-08-13 21:18:27
EQUIPPP,2024-11-14 23:22:31
EQUIPPP,2025-02-10 21:30:06
EQUITAS,2021-02-05 17:07:40
EQUITAS,2021-05-13 18:21:32
EQUITAS,2021-08-11 16:41:09
EQUITAS,2021-11-10 17:54:03
EQUITAS,2022-02-14 18:44:11
EQUITAS,2022-05-28 18:30:25
EQUITAS,2023-01-25 18:05:39
EQUITASBNK,2021-01-28 19:36:35
EQUITASBNK,2021-04-29 18:02:12
EQUITASBNK,2021-07-30 19:05:06
EQUITASBNK,2022-03-14 15:18:05
EQUITASBNK,2022-03-14 15:20:17
EQUITASBNK,2022-05-04 19:26:05
EQUITASBNK,2023-02-08 19:37:20
EQUITASBNK,2023-05-05 19:50:36
EQUITASBNK,2023-07-28 19:14:21
EQUITASBNK,2023-10-19 18:38:25
EQUITASBNK,2024-01-25 13:52:25
EQUITASBNK,2024-04-24 14:21:17
EQUITASBNK,2024-07-26 13:18:42
EQUITASBNK,2024-11-08 15:16:26
EQUITASBNK,2025-01-31 13:37:01
ERIS,2021-01-28 12:55:51
ERIS,2021-05-13 15:23:55
ERIS,2021-07-29 13:40:26
ERIS,2021-10-29 13:06:13
ERIS,2022-01-28 12:48:27
ERIS,2022-05-03 13:52:50
ERIS,2023-01-17 17:44:14
ERIS,2023-05-17 14:41:05
ERIS,2023-08-07 13:06:37
ERIS,2023-11-08 14:22:52
ERIS,2024-02-13 15:36:32
ERIS,2024-05-21 16:50:09
ERIS,2024-08-02 14:33:24
ERIS,2024-10-25 13:20:45
ERIS,2025-02-04 12:46:42
EROSMEDIA,2021-02-11 18:21:10
EROSMEDIA,2021-06-18 19:11:59
EROSMEDIA,2021-06-28 20:32:30
EROSMEDIA,2021-08-14 17:47:03
EROSMEDIA,2021-11-13 18:08:33
EROSMEDIA,2022-02-11 18:01:14
EROSMEDIA,2022-05-29 20:03:33
EROSMEDIA,2023-02-13 17:49:56
EROSMEDIA,2023-05-29 20:31:03
EROSMEDIA,2023-08-11 18:31:00
EROSMEDIA,2023-11-10 18:35:52
EROSMEDIA,2024-02-14 19:03:26
EROSMEDIA,2024-12-16 16:52:10
ESABINDIA,2021-02-10 15:02:31
ESABINDIA,2021-05-21 22:07:34
ESABINDIA,2021-08-12 20:46:23
ESABINDIA,2021-10-28 20:09:33
ESABINDIA,2022-02-10 19:57:18
ESABINDIA,2022-02-10 20:10:29
ESABINDIA,2022-05-27 21:09:54
ESABINDIA,2023-02-10 21:31:47
ESABINDIA,2023-05-25 16:43:22
ESABINDIA,2023-08-10 21:09:39
ESABINDIA,2023-11-10 21:47:50
ESABINDIA,2024-02-08 20:51:15
ESABINDIA,2024-05-23 21:15:34
ESABINDIA,2024-08-07 20:08:33
ESABINDIA,2024-11-08 22:03:55
ESABINDIA,2025-02-10 22:11:58
ESAFSFB,2023-11-18 17:45:20
ESAFSFB,2024-02-08 16:32:00
ESAFSFB,2024-05-08 19:22:30
ESAFSFB,2024-07-26 16:07:00
ESAFSFB,2024-11-13 17:06:18
ESAFSFB,2025-02-10 18:29:11
ESCONET,2024-05-29 17:47:23
ESCONET,2024-11-14 15:38:03
ESCORTS,2021-02-02 14:23:37
ESCORTS,2021-05-14 15:02:34
ESCORTS,2021-08-05 14:23:06
ESCORTS,2021-10-29 14:21:03
ESCORTS,2022-02-08 14:44:59
ESCORTS,2022-05-13 14:22:07
ESCORTS,2023-02-08 15:21:09
ESCORTS,2023-05-10 14:45:07
ESCORTS,2023-08-01 14:34:42
ESCORTS,2023-11-03 15:03:49
ESCORTS,2024-02-08 15:04:16
ESCORTS,2024-05-09 14:59:04
ESCORTS,2024-08-01 14:33:39
ESCORTS,2024-11-07 14:45:33
ESCORTS,2025-02-10 15:34:27
ESFL,2023-08-14 15:13:21
ESFL,2023-11-09 13:17:18
ESFL,2024-01-12 16:36:06
ESFL,2024-04-30 16:39:41
ESFL,2024-08-12 16:43:16
ESFL,2024-10-28 15:46:30
ESFL,2025-01-24 15:36:36
ESPRIT,2024-11-13 23:59:20
ESSARSHPNG,2021-02-09 12:20:17
ESSARSHPNG,2021-06-24 18:47:52
ESSARSHPNG,2021-08-11 18:46:37
ESSARSHPNG,2021-11-12 18:19:58
ESSARSHPNG,2022-02-09 19:04:07
ESSARSHPNG,2022-05-30 17:34:41
ESSARSHPNG,2023-02-09 12:10:16
ESSARSHPNG,2023-05-30 16:21:29
ESSARSHPNG,2023-08-09 13:59:21
ESSARSHPNG,2023-11-08 17:21:13
ESSARSHPNG,2024-02-08 18:52:38
ESSARSHPNG,2024-05-28 21:58:09
ESSARSHPNG,2024-08-08 19:17:11
ESSARSHPNG,2024-11-14 11:58:34
ESSARSHPNG,2025-02-04 17:03:54
ESSENTIA,2021-02-12 16:08:13
ESSENTIA,2021-05-05 16:18:18
ESSENTIA,2021-08-07 12:43:17
ESSENTIA,2021-11-08 23:21:38
ESSENTIA,2021-11-09 16:39:46
ESSENTIA,2022-01-11 17:06:27
ESSENTIA,2022-04-29 11:27:02
ESSENTIA,2023-01-20 18:36:35
ESSENTIA,2023-04-27 20:35:29
ESSENTIA,2023-07-27 17:37:39
ESSENTIA,2023-11-06 18:24:29
ESSENTIA,2024-01-23 14:35:42
ESSENTIA,2024-04-16 19:12:07
ESSENTIA,2024-07-19 17:24:06
ESSENTIA,2024-10-19 17:41:15
ESSENTIA,2025-02-07 17:35:39
ESTER,2021-02-01 14:01:05
ESTER,2021-05-18 20:02:31
ESTER,2021-08-09 17:38:56
ESTER,2021-11-12 13:33:22
ESTER,2022-02-03 18:02:41
ESTER,2022-05-20 14:50:04
ESTER,2023-02-14 16:12:40
ESTER,2023-05-26 14:07:56
ESTER,2023-08-11 14:12:37
ESTER,2023-11-07 13:51:12
ESTER,2024-02-14 16:25:16
ESTER,2024-05-22 21:01:56
ESTER,2024-08-12 19:13:14
ESTER,2024-11-06 18:29:03
ESTER,2025-02-05 19:45:10
ETERNAL,2021-08-10 19:36:47
ETERNAL,2021-11-10 19:56:01
ETERNAL,2022-02-10 17:24:59
ETERNAL,2022-05-23 17:52:53
ETERNAL,2023-02-09 18:47:07
ETERNAL,2023-05-19 16:14:25
ETERNAL,2023-08-03 15:17:47
ETERNAL,2023-11-03 14:53:16
ETERNAL,2024-02-08 15:05:40
ETERNAL,2024-05-13 14:58:41
ETERNAL,2024-08-01 15:07:04
ETERNAL,2024-10-22 15:30:08
ETERNAL,2025-01-20 15:05:17
ETHOSLTD,2022-05-31 17:20:56
ETHOSLTD,2023-02-03 16:24:56
ETHOSLTD,2023-05-12 19:15:52
ETHOSLTD,2023-05-12 19:21:25
ETHOSLTD,2023-08-05 16:48:07
ETHOSLTD,2023-11-14 14:56:31
ETHOSLTD,2024-02-14 13:57:02
ETHOSLTD,2024-05-13 15:06:08
ETHOSLTD,2024-08-14 13:32:33
ETHOSLTD,2024-11-08 13:56:24
ETHOSLTD,2025-02-14 14:22:37
ETML,2025-01-02 12:43:45
EUREKAFORB,2024-11-07 14:03:28
EUREKAFORB,2025-02-10 14:17:03
EUROBOND,2022-05-27 17:02:24
EUROBOND,2023-05-26 18:10:55
EUROBOND,2023-11-08 17:04:45
EUROBOND,2024-05-21 17:23:47
EUROBOND,2024-11-12 17:58:35
EUROMULTI,2021-02-13 17:11:29
EUROMULTI,2021-06-29 20:54:19
EUROMULTI,2021-08-13 17:15:44
EUROMULTI,2021-11-12 16:45:43
EUROMULTI,2022-02-08 15:35:16
EUROMULTI,2022-05-25 17:34:27
EUROTEXIND,2021-02-11 17:46:39
EUROTEXIND,2021-06-22 18:37:58
EUROTEXIND,2021-08-12 18:13:55
EUROTEXIND,2021-11-10 21:08:03
EUROTEXIND,2022-02-05 17:47:04
EUROTEXIND,2022-05-21 17:22:02
EUROTEXIND,2023-02-04 18:02:23
EUROTEXIND,2023-05-20 18:32:19
EUROTEXIND,2023-08-04 17:22:47
EUROTEXIND,2023-11-03 16:13:03
EUROTEXIND,2024-02-10 14:42:00
EUROTEXIND,2024-05-24 19:38:31
EUROTEXIND,2024-08-06 16:52:34
EUROTEXIND,2024-11-07 16:41:40
EUROTEXIND,2025-02-07 17:32:34
EVEREADY,2021-02-10 17:34:36
EVEREADY,2021-06-18 14:04:17
EVEREADY,2021-08-10 13:54:46
EVEREADY,2021-11-10 15:14:16
EVEREADY,2021-11-11 12:25:05
EVEREADY,2022-02-04 19:03:53
EVEREADY,2022-02-04 19:10:26
EVEREADY,2022-02-04 19:31:43
EVEREADY,2022-04-26 12:13:04
EVEREADY,2023-02-07 16:37:31
EVEREADY,2023-05-09 15:46:33
EVEREADY,2023-08-12 13:03:36
EVEREADY,2023-11-07 14:18:28
EVEREADY,2024-02-06 17:26:55
EVEREADY,2024-04-26 15:37:01
EVEREADY,2024-08-03 13:57:34
EVEREADY,2024-11-12 15:25:01
EVEREADY,2025-02-05 14:22:14
EVERESTIND,2021-01-20 16:58:30
EVERESTIND,2021-05-27 21:15:00
EVERESTIND,2021-08-03 17:34:19
EVERESTIND,2021-11-10 20:31:30
EVERESTIND,2022-02-10 20:20:24
EVERESTIND,2022-02-11 12:35:52
EVERESTIND,2022-05-27 20:12:28
EVERESTIND,2023-02-07 19:03:17
EVERESTIND,2023-05-11 19:46:43
EVERESTIND,2023-08-04 18:28:57
EVERESTIND,2023-11-10 18:08:56
EVERESTIND,2024-02-02 16:54:05
EVERESTIND,2024-05-22 19:45:18
EVERESTIND,2024-08-01 18:03:14
EVERESTIND,2024-11-05 20:45:07
EVERESTIND,2025-02-04 18:42:01
EXCELINDUS,2021-02-12 17:55:22
EXCELINDUS,2021-05-28 19:19:26
EXCELINDUS,2021-08-13 17:33:54
EXCELINDUS,2021-11-12 18:17:49
EXCELINDUS,2022-02-11 17:41:20
EXCELINDUS,2022-02-11 18:00:00
EXCELINDUS,2022-05-27 18:35:14
EXCELINDUS,2023-02-13 12:49:42
EXCELINDUS,2023-05-16 18:28:33
EXCELINDUS,2023-08-11 18:26:07
EXCELINDUS,2023-11-08 17:46:54
EXCELINDUS,2024-02-09 17:37:36
EXCELINDUS,2024-05-24 17:30:18
EXCELINDUS,2024-08-09 18:30:36
EXCELINDUS,2024-11-12 18:32:27
EXCELINDUS,2025-02-07 18:48:48
EXCELLENT,2024-11-12 13:18:57
EXICOM,2024-03-22 13:09:13
EXICOM,2024-05-28 18:25:18
EXICOM,2024-08-05 14:45:37
EXICOM,2024-11-13 15:21:50
EXICOM,2025-02-05 17:21:22
EXIDEIND,2021-01-29 14:26:30
EXIDEIND,2021-04-29 15:46:32
EXIDEIND,2021-07-30 15:09:14
EXIDEIND,2021-10-29 15:31:26
EXIDEIND,2022-01-31 14:20:41
EXIDEIND,2022-05-05 16:33:21
EXIDEIND,2023-01-30 13:51:41
EXIDEIND,2023-05-08 13:26:12
EXIDEIND,2023-07-28 13:37:56
EXIDEIND,2023-11-06 13:19:20
EXIDEIND,2024-01-24 13:15:39
EXIDEIND,2024-04-30 13:32:15
EXIDEIND,2024-07-30 13:35:56
EXIDEIND,2024-11-04 13:25:50
EXIDEIND,2025-01-28 17:24:43
EXPLEOSOL,2021-02-04 18:40:52
EXPLEOSOL,2021-05-20 22:17:18
EXPLEOSOL,2021-08-12 18:41:16
EXPLEOSOL,2021-11-10 18:06:50
EXPLEOSOL,2022-02-03 18:41:27
EXPLEOSOL,2022-05-19 10:14:17
EXPLEOSOL,2023-02-14 20:29:24
EXPLEOSOL,2023-05-25 21:33:43
EXPLEOSOL,2023-08-10 14:10:27
EXPLEOSOL,2023-11-09 17:07:27
EXPLEOSOL,2024-02-07 16:54:08
EXPLEOSOL,2024-05-23 18:35:37
EXPLEOSOL,2024-08-01 18:55:40
EXPLEOSOL,2024-11-14 19:53:34
EXPLEOSOL,2025-02-06 18:17:04
EXXARO,2021-10-27 14:50:15
EXXARO,2021-10-28 13:36:44
EXXARO,2022-01-27 13:48:10
EXXARO,2022-01-28 11:12:55
EXXARO,2022-05-27 12:46:47
EXXARO,2023-02-09 14:05:05
EXXARO,2023-05-29 12:31:12
EXXARO,2023-08-10 14:08:00
EXXARO,2023-11-08 15:52:53
EXXARO,2024-02-07 12:43:41
EXXARO,2024-05-28 13:49:03
EXXARO,2024-08-10 13:56:55
EXXARO,2024-11-12 17:46:19
EXXARO,2025-02-08 17:48:41
FACT,2021-02-10 12:14:55
FACT,2021-06-18 12:21:01
FACT,2021-08-12 13:44:43
FACT,2021-11-10 12:59:59
FACT,2022-02-04 14:10:08
FACT,2022-05-06 12:41:44
FACT,2023-02-03 12:23:33
FACT,2023-05-05 12:53:38
FACT,2023-08-10 13:39:27
FACT,2023-11-06 16:54:51
FACT,2024-02-14 13:00:37
FACT,2024-05-16 15:00:03
FACT,2024-08-13 13:55:02
FACT,2024-11-08 13:47:40
FACT,2025-02-14 13:16:31
FAIRCHEMOR,2021-02-08 17:57:18
FAIRCHEMOR,2021-06-07 17:53:38
FAIRCHEMOR,2021-07-30 17:20:33
FAIRCHEMOR,2021-10-28 16:58:09
FAIRCHEMOR,2022-02-11 13:55:40
FAIRCHEMOR,2022-05-17 17:10:23
FAIRCHEMOR,2023-02-07 11:41:39
FAIRCHEMOR,2023-05-30 17:41:59
FAIRCHEMOR,2023-08-07 12:52:08
FAIRCHEMOR,2023-11-06 16:27:03
FAIRCHEMOR,2024-02-05 16:23:32
FAIRCHEMOR,2024-05-22 17:06:42
FAIRCHEMOR,2024-08-05 13:29:10
FAIRCHEMOR,2024-11-12 16:27:33
FAIRCHEMOR,2025-02-12 16:13:55
FALCONTECH,2024-07-17 18:43:18
FALCONTECH,2024-11-14 17:05:41
FAZE3Q,2023-02-02 18:15:01
FAZE3Q,2023-05-23 18:22:43
FAZE3Q,2023-08-11 17:41:49
FAZE3Q,2023-11-06 18:36:30
FAZE3Q,2024-02-02 18:06:33
FAZE3Q,2024-05-23 19:05:03
FAZE3Q,2024-08-13 18:16:07
FAZE3Q,2024-11-13 17:48:50
FAZE3Q,2025-02-11 18:31:26
FCL,2021-01-22 17:47:01
FCL,2021-04-22 22:39:18
FCL,2021-07-23 16:58:31
FCL,2021-10-30 14:26:45
FCL,2022-01-17 15:15:30
FCL,2022-04-28 17:42:19
FCL,2023-01-27 19:02:18
FCL,2023-05-20 19:27:07
FCL,2023-08-04 20:16:54
FCL,2023-11-09 18:33:21
FCL,2024-02-14 18:41:06
FCL,2024-05-28 17:59:33
FCL,2024-08-09 18:48:50
FCL,2024-11-13 18:48:53
FCL,2025-02-12 19:49:48
FCONSUMER,2021-02-05 17:19:44
FCONSUMER,2021-06-26 17:54:35
FCONSUMER,2021-08-13 16:27:05
FCONSUMER,2021-11-12 16:39:07
FCONSUMER,2022-02-02 17:07:24
FCONSUMER,2022-05-27 17:09:29
FCONSUMER,2023-02-13 15:40:59
FCONSUMER,2023-05-30 13:30:27
FCONSUMER,2023-08-14 12:18:52
FCONSUMER,2023-11-09 16:35:20
FCONSUMER,2024-02-09 16:13:10
FCONSUMER,2024-05-23 13:19:35
FCONSUMER,2024-08-14 16:16:53
FCONSUMER,2024-11-14 12:20:36
FCONSUMER,2025-02-14 13:59:09
FCSSOFT,2021-02-10 20:42:35
FCSSOFT,2021-06-29 19:30:59
FCSSOFT,2021-08-06 16:05:24
FCSSOFT,2021-08-13 18:13:08
FCSSOFT,2021-11-12 18:51:52
FCSSOFT,2022-02-11 17:57:25
FCSSOFT,2022-05-30 20:06:02
FCSSOFT,2023-02-13 19:59:41
FCSSOFT,2023-05-29 20:55:31
FCSSOFT,2023-08-08 19:01:50
FCSSOFT,2023-11-07 20:03:54
FCSSOFT,2024-02-09 18:33:40
FCSSOFT,2024-05-24 19:22:02
FCSSOFT,2024-08-13 19:29:33
FCSSOFT,2024-11-14 18:16:45
FCSSOFT,2025-02-13 18:27:12
FDC,2021-02-04 17:55:06
FDC,2021-05-26 20:55:12
FDC,2021-08-12 19:40:39
FDC,2021-11-11 17:00:03
FDC,2021-11-11 17:10:08
FDC,2022-02-09 18:44:17
FDC,2022-05-25 20:29:23
FDC,2023-02-09 17:03:46
FDC,2023-05-25 19:33:21
FDC,2023-08-09 21:13:47
FDC,2023-11-08 18:18:23
FDC,2024-02-07 14:33:58
FDC,2024-05-29 17:30:35
FDC,2024-08-07 14:54:21
FDC,2024-11-06 16:09:38
FDC,2025-02-12 15:13:40
FEDDERELEC,2022-03-21 17:10:36
FEDDERELEC,2022-03-21 17:12:25
FEDDERELEC,2022-03-21 17:14:09
FEDDERELEC,2022-03-21 17:15:46
FEDDERELEC,2023-02-13 15:19:34
FEDDERELEC,2023-05-26 21:22:45
FEDDERELEC,2023-08-09 19:20:40
FEDDERELEC,2023-11-11 15:34:06
FEDDERELEC,2024-02-10 11:28:58
FEDDERELEC,2024-05-23 16:25:27
FEDDERELEC,2024-08-12 15:53:31
FEDDERELEC,2024-11-13 11:41:06
FEDDERELEC,2025-02-11 18:12:26
FEDERALBNK,2021-01-20 15:29:06
FEDERALBNK,2021-05-17 12:46:51
FEDERALBNK,2021-07-23 13:37:02
FEDERALBNK,2021-10-22 12:59:09
FEDERALBNK,2022-01-25 12:47:37
FEDERALBNK,2022-05-06 13:44:44
FEDERALBNK,2023-01-16 12:28:58
FEDERALBNK,2023-05-05 13:09:32
FEDERALBNK,2023-07-13 13:06:36
FEDERALBNK,2023-10-16 12:39:29
FEDERALBNK,2024-01-16 12:39:55
FEDERALBNK,2024-05-02 12:41:30
FEDERALBNK,2024-07-24 12:42:08
FEDERALBNK,2024-10-28 18:37:04
FEDERALBNK,2025-01-27 20:42:31
FEDFINA,2023-12-11 17:09:10
FEDFINA,2024-01-15 15:19:49
FEDFINA,2024-04-29 14:38:51
FEDFINA,2024-07-19 12:59:57
FEDFINA,2024-10-23 15:45:29
FEDFINA,2025-01-24 15:32:44
FEL,2021-02-12 12:30:50
FEL,2021-07-30 23:08:13
FEL,2021-08-12 19:34:06
FEL,2021-11-14 20:28:33
FEL,2022-02-14 11:58:42
FEL,2024-04-06 13:15:48
FELDVR,2021-02-12 12:38:09
FELDVR,2021-07-30 23:10:04
FELDVR,2021-08-12 19:37:20
FELDVR,2021-11-14 20:30:48
FELDVR,2022-02-14 12:01:28
FELDVR,2024-04-06 13:51:03
FELIX,2021-06-26 14:43:21
FELIX,2021-10-27 17:45:22
FELIX,2022-05-25 17:49:02
FELIX,2023-05-25 18:37:27
FELIX,2023-11-09 18:59:09
FELIX,2024-05-30 20:35:48
FELIX,2024-11-14 21:09:14
FELIX,2025-02-14 18:03:30
FIBERWEB,2022-05-27 17:37:47
FIBERWEB,2023-02-10 17:59:48
FIBERWEB,2023-05-30 16:34:07
FIBERWEB,2023-08-11 18:11:20
FIBERWEB,2023-11-04 15:31:09
FIBERWEB,2024-02-06 13:15:43
FIBERWEB,2024-05-21 18:10:05
FIBERWEB,2024-08-12 18:01:32
FIBERWEB,2024-11-05 17:51:49
FIBERWEB,2025-02-10 17:56:33
FIDEL,2023-01-31 13:26:36
FIDEL,2023-05-18 13:39:41
FIDEL,2023-08-01 12:07:53
FIDEL,2023-10-27 11:26:55
FIDEL,2024-02-06 11:31:49
FIDEL,2024-05-23 13:22:15
FIDEL,2024-11-07 17:41:15
FIDEL,2024-11-07 20:09:04
FIDEL,2025-01-30 15:17:11
FIEMIND,2021-02-12 16:49:51
FIEMIND,2021-06-30 17:38:54
FIEMIND,2021-08-14 16:59:58
FIEMIND,2021-11-12 16:47:04
FIEMIND,2022-02-14 12:22:28
FIEMIND,2022-05-30 16:52:40
FIEMIND,2023-02-14 16:19:48
FIEMIND,2023-05-30 16:36:02
FIEMIND,2023-08-14 16:30:02
FIEMIND,2023-11-07 16:45:01
FIEMIND,2024-02-06 16:09:41
FIEMIND,2024-05-21 16:59:38
FIEMIND,2024-08-13 16:16:00
FIEMIND,2024-11-13 16:23:55
FIEMIND,2025-02-12 16:46:31
FILATEX,2021-01-12 17:32:51
FILATEX,2021-04-22 13:36:02
FILATEX,2021-07-27 15:05:25
FILATEX,2021-11-10 16:45:18
FILATEX,2022-01-27 13:29:03
FILATEX,2022-05-27 18:40:55
FILATEX,2023-02-04 14:26:25
FILATEX,2023-05-04 14:18:18
FILATEX,2023-08-04 13:49:11
FILATEX,2023-10-30 16:57:57
FILATEX,2024-02-10 14:26:05
FILATEX,2024-04-30 14:41:19
FILATEX,2024-08-08 18:33:09
FILATEX,2024-11-12 13:35:07
FILATEX,2025-01-29 14:45:42
FILATFASH,2024-05-30 22:01:24
FILATFASH,2024-08-14 19:23:33
FILATFASH,2024-11-14 20:51:15
FILATFASH,2025-02-14 19:33:20
FINCABLES,2021-02-12 14:23:09
FINCABLES,2021-06-29 16:38:01
FINCABLES,2021-06-30 11:58:35
FINCABLES,2021-08-12 15:06:38
FINCABLES,2021-11-12 15:18:42
FINCABLES,2022-02-09 14:23:22
FINCABLES,2022-05-28 15:03:56
FINCABLES,2023-02-09 14:55:17
FINCABLES,2023-05-26 15:18:37
FINCABLES,2023-08-12 14:15:45
FINCABLES,2023-11-09 14:11:40
FINCABLES,2024-02-09 14:26:36
FINCABLES,2024-05-23 15:27:06
FINCABLES,2024-08-10 13:08:19
FINCABLES,2024-11-12 15:02:54
FINCABLES,2025-02-12 13:53:25
FINEORG,2021-02-12 14:23:32
FINEORG,2021-05-27 16:13:49
FINEORG,2021-08-13 15:20:40
FINEORG,2021-11-12 16:23:38
FINEORG,2022-02-11 15:08:57
FINEORG,2022-05-27 17:19:26
FINEORG,2023-02-09 18:17:23
FINEORG,2023-05-24 18:03:10
FINEORG,2023-07-26 16:36:18
FINEORG,2023-10-30 17:59:36
FINEORG,2024-02-02 17:37:07
FINEORG,2024-05-10 14:47:04
FINEORG,2024-07-30 15:13:27
FINEORG,2024-11-08 15:52:49
FINEORG,2025-02-04 18:47:32
FINOPB,2021-11-13 15:17:06
FINOPB,2022-01-27 19:29:15
FINOPB,2022-03-11 18:46:31
FINOPB,2022-05-16 21:42:04
FINOPB,2023-02-02 17:39:02
FINOPB,2023-05-02 18:22:51
FINOPB,2023-07-28 16:18:42
FINOPB,2023-11-01 16:27:50
FINOPB,2024-01-31 14:39:45
FINOPB,2024-04-30 14:46:16
FINOPB,2024-07-31 16:51:18
FINOPB,2024-10-23 16:10:02
FINOPB,2025-01-29 18:35:43
FINPIPE,2021-02-01 23:03:36
FINPIPE,2021-06-25 19:53:01
FINPIPE,2021-07-30 18:55:20
FINPIPE,2021-10-30 19:11:39
FINPIPE,2022-01-25 20:11:03
FINPIPE,2022-05-18 22:57:28
FINPIPE,2023-02-04 20:14:56
FINPIPE,2023-05-22 21:12:14
FINPIPE,2023-07-19 19:53:12
FINPIPE,2023-10-21 17:50:20
FINPIPE,2024-01-18 21:02:28
FINPIPE,2024-05-10 20:53:40
FINPIPE,2024-07-27 20:09:09
FINPIPE,2024-10-24 22:15:20
FINPIPE,2025-02-06 22:52:09
FIRSTCRY,2024-08-30 17:13:07
FIRSTCRY,2024-11-14 17:01:42
FIRSTCRY,2025-02-08 17:50:49
FIVESTAR,2023-01-28 12:32:27
FIVESTAR,2023-05-09 17:16:45
FIVESTAR,2023-07-29 12:43:01
FIVESTAR,2023-10-31 16:10:05
FIVESTAR,2024-02-01 12:30:24
FIVESTAR,2024-04-30 18:50:26
FIVESTAR,2024-07-31 12:49:47
FIVESTAR,2024-10-29 13:53:31
FIVESTAR,2025-01-31 16:38:03
FLAIR,2023-12-20 16:50:26
FLAIR,2024-02-10 15:56:35
FLAIR,2024-05-27 18:17:57
FLAIR,2024-08-10 18:23:45
FLAIR,2024-11-08 12:40:27
FLAIR,2025-01-31 15:08:58
FLEXITUFF,2021-02-10 19:03:31
FLEXITUFF,2021-06-15 18:54:14
FLEXITUFF,2021-08-06 14:15:17
FLEXITUFF,2021-08-13 19:21:55
FLEXITUFF,2021-11-12 19:50:10
FLEXITUFF,2022-02-14 18:44:46
FLEXITUFF,2022-05-30 21:10:20
FLEXITUFF,2023-02-13 19:19:59
FLEXITUFF,2023-05-30 19:48:51
FLEXITUFF,2023-08-11 16:33:11
FLEXITUFF,2023-11-11 15:02:31
FLEXITUFF,2024-02-02 17:37:22
FLEXITUFF,2024-05-30 21:48:19
FLEXITUFF,2024-08-14 21:09:11
FLEXITUFF,2024-11-14 19:21:52
FLEXITUFF,2025-02-14 14:53:57
FLFL,2021-02-11 13:32:07
FLFL,2021-06-28 16:02:33
FLFL,2021-08-13 17:57:08
FLFL,2021-11-13 13:31:04
FLFL,2022-02-11 14:13:26
FLFL,2022-12-30 12:54:30
FLUOROCHEM,2021-02-09 13:46:58
FLUOROCHEM,2021-06-18 13:39:17
FLUOROCHEM,2021-08-13 12:24:53
FLUOROCHEM,2021-11-03 13:20:26
FLUOROCHEM,2021-11-10 14:30:13
FLUOROCHEM,2021-11-10 14:32:20
FLUOROCHEM,2022-01-21 11:37:19
FLUOROCHEM,2022-01-28 12:26:12
FLUOROCHEM,2022-05-13 14:11:50
FLUOROCHEM,2023-02-07 13:31:45
FLUOROCHEM,2023-05-05 13:50:59
FLUOROCHEM,2023-08-05 13:47:29
FLUOROCHEM,2023-11-03 16:39:04
FLUOROCHEM,2024-02-07 12:56:09
FLUOROCHEM,2024-05-06 15:41:26
FLUOROCHEM,2024-08-13 13:26:29
FLUOROCHEM,2024-10-29 14:11:17
FLUOROCHEM,2025-01-29 13:15:55
FMGOETZE,2021-02-11 18:41:50
FMGOETZE,2021-06-28 22:23:02
FMGOETZE,2021-08-12 18:51:48
FMGOETZE,2021-11-11 18:46:45
FMGOETZE,2022-02-09 19:32:10
FMGOETZE,2022-05-21 11:12:16
FMGOETZE,2023-02-13 19:36:44
FMGOETZE,2023-05-22 20:56:50
FMGOETZE,2023-08-11 19:11:51
FMGOETZE,2023-11-09 13:59:33
FMGOETZE,2024-02-13 19:25:53
FMGOETZE,2024-05-29 20:55:15
FMGOETZE,2024-08-13 16:33:43
FMGOETZE,2024-11-14 19:07:57
FMGOETZE,2025-02-12 15:00:07
FMNL,2021-02-10 14:06:20
FMNL,2021-05-26 18:52:01
FMNL,2021-08-10 13:40:00
FMNL,2021-11-02 13:52:04
FMNL,2022-02-03 14:03:05
FMNL,2022-05-19 16:31:59
FMNL,2023-02-10 13:16:22
FMNL,2023-05-17 13:11:04
FMNL,2023-08-11 16:01:25
FMNL,2023-11-07 13:12:02
FMNL,2024-02-12 12:56:03
FMNL,2024-05-23 14:31:12
FMNL,2024-08-13 14:46:43
FMNL,2024-11-12 16:07:01
FMNL,2025-02-10 17:25:11
FOCE,2022-05-28 16:27:31
FOCE,2023-05-30 18:30:35
FOCE,2023-11-10 15:53:08
FOCE,2024-05-30 18:04:53
FOCE,2024-11-14 18:32:26
FOCUS,2021-06-28 18:50:09
FOCUS,2021-06-28 18:54:17
FOCUS,2021-06-28 18:54:17
FOCUS,2021-11-11 18:56:39
FOCUS,2021-11-11 19:02:10
FOCUS,2021-11-11 19:02:10
FOCUS,2022-02-10 15:57:53
FOCUS,2022-05-18 21:13:37
FOCUS,2023-02-13 16:37:10
FOCUS,2023-05-03 19:09:29
FOCUS,2023-07-24 17:14:31
FOCUS,2023-10-27 18:12:36
FOCUS,2024-02-13 17:14:14
FOCUS,2024-05-24 17:32:47
FOCUS,2024-08-02 17:49:57
FOCUS,2024-11-12 12:31:48
FOCUS,2025-02-08 17:43:34
FONEBOX,2024-05-29 16:14:46
FONEBOX,2024-11-13 16:06:57
FOODSIN,2022-02-03 18:46:49
FOODSIN,2022-05-16 17:52:26
FOODSIN,2023-02-03 18:54:19
FOODSIN,2023-05-13 00:19:41
FOODSIN,2023-08-07 21:01:24
FOODSIN,2023-11-09 23:34:28
FOODSIN,2024-01-31 20:07:48
FOODSIN,2024-05-18 00:55:00
FOODSIN,2024-08-12 20:56:02
FOODSIN,2024-10-30 20:55:04
FOODSIN,2025-02-04 20:29:49
FORCAS,2024-11-14 17:18:14
FORCEMOT,2024-04-26 15:30:47
FORCEMOT,2024-07-30 14:16:06
FORCEMOT,2024-10-29 17:39:39
FORCEMOT,2025-02-10 17:49:10
FORGEAUTO,2024-11-13 11:22:00
FORTIS,2021-02-05 19:51:26
FORTIS,2021-05-29 20:29:43
FORTIS,2021-08-13 17:53:04
FORTIS,2021-11-12 19:16:32
FORTIS,2022-02-11 19:30:13
FORTIS,2022-05-25 20:27:42
FORTIS,2023-02-10 19:41:22
FORTIS,2023-05-23 20:55:06
FORTIS,2023-08-04 20:09:49
FORTIS,2023-11-10 18:40:25
FORTIS,2024-02-07 19:38:32
FORTIS,2024-05-23 19:08:57
FORTIS,2024-08-06 20:24:07
FORTIS,2024-11-08 17:49:01
FORTIS,2025-02-07 17:53:04
FOSECOIND,2021-02-10 21:04:26
FOSECOIND,2021-05-06 18:35:14
FOSECOIND,2021-07-27 19:36:36
FOSECOIND,2021-10-28 18:45:03
FOSECOIND,2022-02-10 19:15:55
FOSECOIND,2022-05-12 18:16:13
FOSECOIND,2023-02-27 21:12:09
FOSECOIND,2023-02-28 16:29:11
FOSECOIND,2023-05-03 20:15:54
FOSECOIND,2023-07-27 18:01:21
FOSECOIND,2023-11-10 19:23:44
FOSECOIND,2024-02-23 19:50:37
FOSECOIND,2024-04-30 18:50:23
FOSECOIND,2024-07-25 17:43:47
FOSECOIND,2024-11-13 18:52:23
FOSECOIND,2025-02-28 19:58:54
FOURTHDIM,2021-06-30 20:56:38
FOURTHDIM,2021-11-14 14:22:44
FRETAIL,2021-02-09 13:49:20
FRETAIL,2021-07-29 13:54:54
FRETAIL,2021-08-14 18:48:59
FRETAIL,2021-11-14 13:14:01
FRETAIL,2022-02-14 19:05:54
FROG,2023-01-29 22:05:02
FROG,2023-05-28 19:08:02
FROG,2023-08-11 17:26:31
FROG,2023-11-14 19:53:35
FROG,2024-02-02 19:23:11
FROG,2024-05-09 19:54:20
FROG,2024-07-17 18:13:47
FROG,2024-10-19 17:43:28
FROG,2025-01-21 17:00:16
FSC,2021-02-10 16:21:58
FSC,2021-06-24 18:14:31
FSC,2021-08-10 15:57:54
FSC,2021-10-28 16:32:25
FSC,2022-02-07 17:07:48
FSL,2021-02-09 13:09:16
FSL,2021-05-11 12:42:13
FSL,2021-07-29 11:15:25
FSL,2021-11-10 12:46:03
FSL,2022-02-04 13:01:10
FSL,2022-05-05 13:15:44
FSL,2023-02-02 12:58:49
FSL,2023-05-04 12:50:18
FSL,2023-08-02 12:18:57
FSL,2023-11-08 13:13:00
FSL,2024-02-07 12:44:46
FSL,2024-05-03 13:26:08
FSL,2024-07-30 12:12:01
FSL,2024-10-28 13:39:14
FSL,2025-02-07 18:12:40
FUSION,2023-02-11 18:44:54
FUSION,2023-05-22 19:07:25
FUSION,2023-05-23 16:22:12
FUSION,2023-08-02 18:31:20
FUSION,2023-11-06 17:48:04
FUSION,2024-02-05 19:06:37
FUSION,2024-05-06 19:49:45
FUSION,2024-08-06 17:46:15
FUSION,2024-11-15 20:39:49
FUSION,2025-02-12 21:23:00
GABRIEL,2021-02-08 13:09:39
GABRIEL,2021-05-26 16:07:17
GABRIEL,2021-08-04 13:53:47
GABRIEL,2021-11-12 17:35:26
GABRIEL,2022-02-07 17:55:16
GABRIEL,2022-05-24 18:36:29
GABRIEL,2023-02-03 13:17:58
GABRIEL,2023-05-23 16:00:48
GABRIEL,2023-08-14 13:20:28
GABRIEL,2023-11-03 13:32:54
GABRIEL,2024-02-08 16:00:59
GABRIEL,2024-05-23 15:49:04
GABRIEL,2024-08-14 13:04:47
GABRIEL,2024-10-22 18:00:32
GABRIEL,2025-01-29 17:57:58
GAEL,2021-01-22 13:58:14
GAEL,2021-01-22 14:02:20
GAEL,2021-05-22 17:35:46
GAEL,2021-05-22 17:39:30
GAEL,2021-07-31 15:18:09
GAEL,2021-07-31 15:20:09
GAEL,2021-10-30 14:52:35
GAEL,2021-10-30 14:57:18
GAEL,2022-02-01 19:36:39
GAEL,2022-02-01 20:03:02
GAEL,2022-05-28 17:05:47
GAEL,2023-01-28 15:02:37
GAEL,2023-05-06 15:25:11
GAEL,2023-08-05 15:53:31
GAEL,2023-11-01 13:06:06
GAEL,2024-02-02 14:46:15
GAEL,2024-05-18 16:56:18
GAEL,2024-08-03 14:27:16
GAEL,2024-10-28 14:38:30
GAEL,2025-01-25 14:46:27
GAIL,2021-02-11 10:50:52
GAIL,2021-06-09 14:13:54
GAIL,2021-08-05 14:38:16
GAIL,2021-10-29 13:46:16
GAIL,2021-10-29 13:52:29
GAIL,2022-02-03 14:28:56
GAIL,2022-05-27 16:11:06
GAIL,2023-01-30 13:55:34
GAIL,2023-05-18 14:03:45
GAIL,2023-07-31 15:49:42
GAIL,2023-10-31 14:10:19
GAIL,2024-01-29 14:52:24
GAIL,2024-05-16 14:35:53
GAIL,2024-07-30 17:57:55
GAIL,2024-11-05 18:06:43
GAIL,2025-01-30 14:22:40
GAJANAND,2024-11-11 17:57:16
GALAPREC,2024-09-29 11:08:32
GALAPREC,2024-11-14 14:07:53
GALAPREC,2025-02-12 14:24:02
GALAXYSURF,2021-02-08 16:21:20
GALAXYSURF,2021-06-08 17:04:40
GALAXYSURF,2021-08-10 16:41:11
GALAXYSURF,2021-11-10 18:12:31
GALAXYSURF,2022-02-12 19:03:13
GALAXYSURF,2022-05-17 19:47:53
GALAXYSURF,2023-02-11 18:14:01
GALAXYSURF,2023-05-23 19:46:05
GALAXYSURF,2023-08-11 19:07:24
GALAXYSURF,2023-11-10 19:37:47
GALAXYSURF,2024-02-12 18:05:28
GALAXYSURF,2024-05-21 19:32:43
GALAXYSURF,2024-08-08 18:31:53
GALAXYSURF,2024-11-11 17:48:57
GALAXYSURF,2025-02-10 18:27:36
GALLANTT,2021-02-12 13:46:15
GALLANTT,2021-06-29 16:58:25
GALLANTT,2021-06-29 19:43:57
GALLANTT,2021-08-07 16:57:39
GALLANTT,2021-11-13 15:32:57
GALLANTT,2022-02-14 15:30:50
GALLANTT,2022-05-26 23:17:19
GALLANTT,2023-02-13 20:54:34
GALLANTT,2023-05-29 21:16:33
GALLANTT,2023-08-11 19:02:46
GALLANTT,2023-11-02 22:08:23
GALLANTT,2024-01-16 19:17:37
GALLANTT,2024-05-02 11:07:10
GALLANTT,2024-08-12 13:45:40
GALLANTT,2024-10-28 22:50:05
GALLANTT,2025-02-05 14:59:17
GALLISPAT,2021-02-12 16:53:46
GALLISPAT,2021-06-29 19:19:24
GALLISPAT,2021-08-07 20:13:00
GALLISPAT,2021-11-13 19:27:10
GALLISPAT,2022-02-14 19:14:36
GAMMONIND,2021-02-11 18:13:21
GAMMONIND,2021-06-28 21:15:59
GAMMONIND,2021-06-28 21:19:58
GAMMONIND,2021-09-15 17:24:52
GAMMONIND,2021-11-12 17:08:52
GAMMONIND,2021-11-12 17:16:26
GAMMONIND,2022-02-23 20:15:04
GAMMONIND,2022-06-21 22:11:47
GAMMONIND,2023-03-24 17:31:27
GAMMONIND,2023-10-28 20:13:16
GAMMONIND,2024-02-20 19:13:42
GAMMONIND,2024-02-20 19:15:02
GAMMONIND,2024-02-20 19:16:07
GANDHAR,2023-12-15 17:20:17
GANDHAR,2024-01-23 14:50:33
GANDHAR,2024-05-22 16:57:28
GANDHAR,2024-08-07 14:02:57
GANDHAR,2024-11-06 15:25:34
GANDHAR,2025-02-04 16:34:22
GANDHITUBE,2021-02-08 17:26:31
GANDHITUBE,2021-06-22 16:56:48
GANDHITUBE,2021-08-12 14:04:28
GANDHITUBE,2021-08-13 15:07:30
GANDHITUBE,2021-08-24 10:55:00
GANDHITUBE,2021-10-28 16:52:12
GANDHITUBE,2021-10-28 16:55:20
GANDHITUBE,2022-02-10 17:11:43
GANDHITUBE,2022-02-11 12:27:10
GANDHITUBE,2022-05-27 19:27:34
GANDHITUBE,2023-01-31 16:53:38
GANDHITUBE,2023-05-23 18:12:16
GANDHITUBE,2023-05-24 15:15:36
GANDHITUBE,2023-08-09 16:42:32
GANDHITUBE,2023-11-01 18:10:46
GANDHITUBE,2024-02-07 17:48:16
GANDHITUBE,2024-05-28 18:19:01
GANDHITUBE,2024-08-12 16:46:10
GANDHITUBE,2024-10-28 18:18:06
GANDHITUBE,2025-02-10 17:29:25
GANECOS,2021-01-25 18:02:40
GANECOS,2021-05-22 14:49:03
GANECOS,2021-08-06 18:43:59
GANECOS,2021-10-28 13:11:33
GANECOS,2022-02-05 16:02:08
GANECOS,2022-05-21 16:28:03
GANECOS,2023-02-04 15:24:56
GANECOS,2023-05-25 13:42:45
GANECOS,2023-08-03 16:33:39
GANECOS,2023-11-04 16:24:58
GANECOS,2024-02-14 12:54:19
GANECOS,2024-05-23 14:57:27
GANECOS,2024-08-10 15:19:18
GANECOS,2024-11-12 15:29:38
GANECOS,2025-02-01 17:22:30
GANESHBE,2021-11-13 16:05:05
GANESHBE,2022-02-12 15:51:22
GANESHBE,2022-05-29 18:27:30
GANESHBE,2023-02-07 12:21:42
GANESHBE,2023-05-25 16:17:51
GANESHBE,2023-08-11 12:51:37
GANESHBE,2023-11-07 14:16:51
GANESHBE,2024-02-12 15:21:23
GANESHBE,2024-05-30 16:18:12
GANESHBE,2024-08-12 18:01:10
GANESHBE,2024-11-14 13:23:39
GANESHBE,2025-02-12 12:53:21
GANESHHOU,2021-02-11 12:56:15
GANESHHOU,2021-05-31 13:18:39
GANESHHOU,2021-07-15 14:36:23
GANESHHOU,2021-10-14 14:17:00
GANESHHOU,2022-01-11 12:34:01
GANESHHOU,2022-05-12 14:49:01
GANESHHOU,2023-01-13 13:17:12
GANESHHOU,2023-05-09 12:06:42
GANESHHOU,2023-07-18 11:20:35
GANESHHOU,2023-10-19 12:20:06
GANESHHOU,2024-01-17 11:40:34
GANESHHOU,2024-05-14 11:31:20
GANESHHOU,2024-07-15 11:50:37
GANESHHOU,2024-10-18 15:28:48
GANESHHOU,2025-01-17 12:56:23
GANESHIN,2025-02-06 12:12:33
GANESHIN,2025-02-19 12:49:48
GANGAFORGE,2021-06-28 17:17:20
GANGAFORGE,2021-08-07 17:11:40
GANGAFORGE,2021-10-21 16:32:14
GANGAFORGE,2022-02-10 16:29:11
GANGAFORGE,2022-05-24 17:59:52
GANGAFORGE,2023-02-10 16:33:35
GANGAFORGE,2023-05-30 12:50:10
GANGAFORGE,2023-08-10 12:55:23
GANGAFORGE,2023-10-14 12:39:22
GANGAFORGE,2024-02-01 13:36:19
GANGAFORGE,2024-05-29 15:29:39
GANGAFORGE,2024-08-03 14:59:44
GANGAFORGE,2024-10-29 14:20:49
GANGAFORGE,2025-02-14 14:16:07
GANGESSECU,2021-02-08 15:47:37
GANGESSECU,2021-05-03 21:10:06
GANGESSECU,2021-05-10 19:27:15
GANGESSECU,2021-08-09 17:14:15
GANGESSECU,2021-11-12 18:15:17
GANGESSECU,2022-02-10 18:34:44
GANGESSECU,2022-05-12 19:32:15
GANGESSECU,2023-02-13 16:24:14
GANGESSECU,2023-05-11 17:25:55
GANGESSECU,2023-08-14 16:47:33
GANGESSECU,2023-11-10 16:55:12
GANGESSECU,2024-02-14 16:48:25
GANGESSECU,2024-05-15 16:46:00
GANGESSECU,2024-08-14 17:29:18
GANGESSECU,2024-11-14 17:14:41
GANGESSECU,2025-02-13 16:38:34
GANGOTRI,2021-01-22 11:57:37
GANGOTRI,2021-04-29 11:51:59
GANGOTRI,2021-04-29 15:20:25
GANGOTRI,2021-07-29 11:21:18
GANGOTRI,2021-10-29 12:34:52
GANGOTRI,2022-02-12 12:35:26
GANGOTRI,2022-05-14 11:45:07
GANGOTRI,2023-01-25 11:57:14
GANGOTRI,2023-05-12 12:27:43
GANGOTRI,2023-07-27 11:50:01
GANGOTRI,2023-11-08 11:29:46
GANGOTRI,2024-01-29 12:06:23
GANGOTRI,2024-05-29 12:02:11
GANGOTRI,2024-07-25 11:52:04
GANGOTRI,2024-11-09 11:44:11
GANGOTRI,2025-01-27 11:51:07
GARFIBRES,2021-02-11 14:05:10
GARFIBRES,2021-05-27 14:43:46
GARFIBRES,2021-08-11 13:41:14
GARFIBRES,2021-11-11 18:22:37
GARFIBRES,2022-02-12 17:06:39
GARFIBRES,2022-05-05 15:49:27
GARFIBRES,2023-02-09 16:10:43
GARFIBRES,2023-05-22 16:38:52
GARFIBRES,2023-08-14 15:38:15
GARFIBRES,2023-11-06 15:10:14
GARFIBRES,2024-01-29 16:54:27
GARFIBRES,2024-05-27 15:41:37
GARFIBRES,2024-08-08 15:40:43
GARFIBRES,2024-11-14 15:41:27
GARFIBRES,2025-02-10 14:54:33
GARUDA,2024-11-14 20:31:00
GARUDA,2025-02-07 20:23:34
GATECH,2021-02-10 19:21:01
GATECH,2021-06-29 19:17:22
GATECH,2021-08-13 16:49:11
GATECH,2021-11-12 18:10:40
GATECH,2022-02-14 17:48:51
GATECH,2022-05-27 10:03:54
GATECH,2023-01-23 23:45:32
GATECH,2023-04-19 19:09:29
GATECH,2023-07-20 18:01:51
GATECH,2023-11-14 18:46:59
GATECH,2024-02-14 17:08:08
GATECH,2024-05-23 16:44:33
GATECH,2024-07-26 15:48:39
GATECH,2024-10-25 13:12:33
GATECH,2025-01-31 16:29:47
GATECHDVR,2021-02-10 19:25:22
GATECHDVR,2021-06-29 19:13:20
GATECHDVR,2021-08-13 16:53:13
GATECHDVR,2021-11-12 18:05:12
GATECHDVR,2022-02-14 17:40:09
GATECHDVR,2022-05-27 10:06:42
GATECHDVR,2023-01-23 23:40:58
GATECHDVR,2023-04-19 19:12:22
GATECHDVR,2023-07-20 18:06:05
GATECHDVR,2023-11-14 18:54:18
GATECHDVR,2024-02-14 17:12:00
GATECHDVR,2024-05-23 16:49:04
GATECHDVR,2024-07-26 15:52:32
GATECHDVR,2024-10-25 13:18:38
GATECHDVR,2025-01-31 16:19:10
GATEWAY,2022-04-26 14:02:54
GATEWAY,2023-01-24 14:23:14
GATEWAY,2023-05-26 14:44:54
GATEWAY,2023-08-02 13:16:36
GATEWAY,2023-11-06 17:36:37
GATEWAY,2024-02-14 15:45:14
GATEWAY,2024-05-30 23:36:02
GATEWAY,2024-08-08 15:57:51
GATEWAY,2024-11-11 14:30:32
GATEWAY,2025-02-03 15:37:00
GAYAHWS,2021-02-02 13:42:05
GAYAHWS,2021-06-09 13:06:58
GAYAHWS,2021-08-09 14:48:21
GAYAHWS,2021-11-12 13:12:16
GAYAHWS,2022-02-10 13:24:54
GAYAHWS,2022-05-24 15:35:35
GAYAHWS,2023-02-13 14:07:00
GAYAHWS,2023-05-29 16:43:17
GAYAHWS,2023-08-10 14:46:22
GAYAHWS,2023-11-09 16:27:55
GAYAHWS,2024-02-13 14:46:06
GAYAHWS,2024-05-29 21:37:43
GAYAHWS,2024-07-30 14:43:44
GAYAHWS,2024-11-12 14:46:27
GAYAHWS,2025-02-12 14:32:06
GAYAPROJ,2021-02-05 13:01:04
GAYAPROJ,2021-06-14 13:08:39
GAYAPROJ,2021-08-13 13:56:21
GAYAPROJ,2021-11-13 14:03:50
GAYAPROJ,2022-02-14 18:38:42
GAYAPROJ,2022-05-30 14:50:41
GAYAPROJ,2023-02-21 11:58:44
GBGLOBAL,2021-02-13 17:46:03
GBGLOBAL,2021-08-21 14:36:38
GBGLOBAL,2021-10-19 11:33:39
GBGLOBAL,2021-11-12 17:22:03
GBGLOBAL,2021-12-11 11:43:11
GBGLOBAL,2022-02-14 16:25:37
GBGLOBAL,2022-05-30 21:55:42
GBGLOBAL,2023-02-14 20:29:06
GBGLOBAL,2023-05-31 23:08:33
GBGLOBAL,2023-08-14 19:06:56
GBGLOBAL,2023-11-09 20:23:51
GBGLOBAL,2024-02-13 18:19:56
GBGLOBAL,2024-05-29 22:27:14
GBGLOBAL,2024-08-12 20:46:45
GBGLOBAL,2024-11-14 19:02:45
GBGLOBAL,2025-02-14 20:04:34
GDL,2021-01-19 13:33:33
GDL,2021-04-27 12:36:55
GDL,2021-07-28 11:52:09
GDL,2021-10-21 13:19:24
GEECEE,2021-02-03 17:07:42
GEECEE,2021-05-25 17:36:24
GEECEE,2021-08-12 17:27:48
GEECEE,2021-11-11 15:51:28
GEECEE,2022-02-08 17:16:16
GEECEE,2022-05-25 17:19:25
GEECEE,2023-02-03 12:14:11
GEECEE,2023-05-26 14:18:18
GEECEE,2023-08-07 18:09:34
GEECEE,2023-11-03 15:08:45
GEECEE,2024-02-07 17:33:49
GEECEE,2024-05-21 16:43:38
GEECEE,2024-08-08 17:29:15
GEECEE,2024-11-11 17:06:45
GEECEE,2025-02-04 17:31:01
GEEKAYWIRE,2021-02-12 14:19:28
GEEKAYWIRE,2021-06-24 15:42:10
GEEKAYWIRE,2021-08-03 12:38:50
GEEKAYWIRE,2021-11-02 12:45:35
GEEKAYWIRE,2022-02-10 13:54:55
GEEKAYWIRE,2022-05-27 11:47:19
GEEKAYWIRE,2023-02-09 11:25:59
GEEKAYWIRE,2023-05-30 12:47:08
GEEKAYWIRE,2023-07-28 12:50:10
GEEKAYWIRE,2023-10-27 11:34:25
GEEKAYWIRE,2024-02-06 12:34:05
GEEKAYWIRE,2024-05-23 11:35:31
GEEKAYWIRE,2024-08-02 12:33:24
GEEKAYWIRE,2024-10-31 12:32:07
GEEKAYWIRE,2025-02-06 12:38:26
GENCON,2021-06-30 23:43:18
GENCON,2021-07-01 11:58:59
GENCON,2021-08-14 21:20:36
GENCON,2021-08-16 16:33:33
GENCON,2021-11-13 17:18:36
GENCON,2022-02-11 21:00:31
GENCON,2022-05-25 23:02:47
GENCON,2023-02-14 23:38:20
GENCON,2023-07-11 20:19:00
GENCON,2023-08-14 22:03:00
GENCON,2023-11-30 21:46:08
GENCON,2024-02-14 22:36:53
GENCON,2024-05-30 23:58:44
GENCON,2024-12-20 17:57:26
GENCON,2024-12-20 17:58:56
GENCON,2025-03-06 21:55:31
GENESYS,2021-02-03 20:05:51
GENESYS,2021-06-29 21:15:10
GENESYS,2021-07-30 19:35:35
GENESYS,2021-10-26 20:40:56
GENESYS,2022-02-14 16:00:52
GENESYS,2022-06-07 20:46:09
GENESYS,2023-02-14 18:26:33
GENESYS,2023-05-30 21:12:47
GENESYS,2023-08-14 21:31:50
GENESYS,2023-11-03 20:19:07
GENESYS,2024-02-14 20:25:18
GENESYS,2024-05-30 22:14:38
GENESYS,2024-08-14 22:03:51
GENESYS,2024-10-28 17:41:17
GENESYS,2025-02-14 19:20:05
GENSOL,2023-08-14 16:19:28
GENSOL,2023-11-08 10:41:06
GENSOL,2024-01-22 19:55:08
GENSOL,2024-05-28 17:52:21
GENSOL,2024-08-12 19:52:16
GENSOL,2024-10-25 20:06:23
GENSOL,2025-02-11 20:20:45
GENUSPAPER,2021-01-25 15:48:04
GENUSPAPER,2021-06-28 16:12:53
GENUSPAPER,2021-08-09 16:45:16
GENUSPAPER,2021-11-13 17:31:02
GENUSPAPER,2022-02-14 16:57:11
GENUSPAPER,2022-05-26 16:23:44
GENUSPAPER,2023-05-29 14:06:39
GENUSPAPER,2023-08-14 13:35:39
GENUSPAPER,2023-11-07 14:41:53
GENUSPAPER,2024-02-14 17:21:45
GENUSPAPER,2024-05-25 17:26:55
GENUSPAPER,2024-08-13 14:57:25
GENUSPAPER,2024-11-14 19:17:30
GENUSPAPER,2025-02-12 17:46:34
GENUSPOWER,2021-01-21 15:05:19
GENUSPOWER,2021-05-28 16:06:43
GENUSPOWER,2021-07-29 15:58:48
GENUSPOWER,2021-10-29 14:37:31
GENUSPOWER,2022-01-28 14:58:59
GENUSPOWER,2022-05-12 15:50:54
GENUSPOWER,2023-02-03 16:29:48
GENUSPOWER,2023-05-23 15:12:56
GENUSPOWER,2023-08-10 17:08:10
GENUSPOWER,2023-11-09 15:21:17
GENUSPOWER,2024-02-13 17:00:13
GENUSPOWER,2024-05-29 18:49:36
GENUSPOWER,2024-07-27 14:45:13
GENUSPOWER,2024-10-29 14:34:39
GENUSPOWER,2025-02-10 16:50:36
GEOJITFSL,2021-01-30 14:16:48
GEOJITFSL,2021-05-15 16:51:39
GEOJITFSL,2021-07-28 14:15:52
GEOJITFSL,2021-10-27 14:01:33
GEOJITFSL,2022-01-29 16:16:29
GEOJITFSL,2022-04-29 16:55:31
GEOJITFSL,2023-01-24 16:24:53
GEOJITFSL,2023-04-28 18:07:42
GEOJITFSL,2023-07-28 17:16:11
GEOJITFSL,2023-10-31 16:57:22
GEOJITFSL,2024-01-31 16:12:13
GEOJITFSL,2024-04-30 18:01:00
GEOJITFSL,2024-07-13 15:42:33
GEOJITFSL,2024-10-17 15:02:26
GEOJITFSL,2025-01-30 18:00:32
GESHIP,2021-01-29 13:53:59
GESHIP,2021-05-07 15:37:14
GESHIP,2021-07-29 13:39:51
GESHIP,2021-09-22 17:09:11
GESHIP,2021-10-29 15:45:42
GESHIP,2022-01-28 14:43:17
GESHIP,2022-05-06 15:25:41
GESHIP,2023-01-31 18:18:48
GESHIP,2023-05-12 15:57:10
GESHIP,2023-08-03 14:11:52
GESHIP,2023-10-27 19:40:49
GESHIP,2024-01-31 16:20:38
GESHIP,2024-05-10 14:19:37
GESHIP,2024-08-01 12:58:21
GESHIP,2024-11-07 21:47:40
GESHIP,2025-01-28 14:16:06
GFLLIMITED,2021-02-12 12:53:31
GFLLIMITED,2021-06-28 13:36:42
GFLLIMITED,2021-08-11 13:40:51
GFLLIMITED,2021-10-29 13:08:37
GFLLIMITED,2022-01-28 13:36:16
GFLLIMITED,2022-05-06 12:46:32
GFLLIMITED,2023-02-01 13:20:51
GFLLIMITED,2023-05-30 13:10:24
GFLLIMITED,2023-08-09 13:20:15
GFLLIMITED,2023-11-02 12:38:44
GFLLIMITED,2024-02-05 13:33:05
GFLLIMITED,2024-05-29 13:16:51
GFLLIMITED,2024-08-13 13:45:56
GFLLIMITED,2024-11-12 14:09:18
GFLLIMITED,2025-02-12 17:10:27
GFSTEELS,2021-02-13 16:28:38
GFSTEELS,2021-06-18 18:14:00
GFSTEELS,2021-08-13 16:54:11
GFSTEELS,2021-11-14 19:26:23
GFSTEELS,2022-02-14 19:09:20
GFSTEELS,2022-05-30 17:14:05
GFSTEELS,2023-02-02 17:07:10
GFSTEELS,2023-05-27 18:09:29
GFSTEELS,2023-08-10 18:25:23
GFSTEELS,2023-11-09 18:39:27
GFSTEELS,2024-02-13 17:08:19
GFSTEELS,2024-05-09 19:10:06
GFSTEELS,2024-08-13 17:03:39
GFSTEELS,2024-11-13 18:45:37
GFSTEELS,2025-02-12 17:25:19
GGBL,2024-11-11 18:44:04
GHCL,2021-01-28 13:52:30
GHCL,2021-04-28 17:11:56
GHCL,2021-07-29 13:26:25
GHCL,2021-10-28 16:14:46
GHCL,2022-01-27 14:27:02
GHCL,2022-04-30 14:42:20
GHCL,2023-01-31 14:24:38
GHCL,2023-04-29 14:49:25
GHCL,2023-08-07 13:55:46
GHCL,2023-11-07 13:42:55
GHCL,2024-02-03 13:14:23
GHCL,2024-05-06 15:19:36
GHCL,2024-08-01 12:40:56
GHCL,2024-10-29 17:02:15
GHCL,2025-01-31 14:14:19
GHCLTEXTIL,2023-08-07 16:45:57
GHCLTEXTIL,2023-11-03 13:14:58
GHCLTEXTIL,2024-02-03 14:27:14
GHCLTEXTIL,2024-05-06 17:34:20
GHCLTEXTIL,2024-08-01 15:53:12
GHCLTEXTIL,2024-10-29 17:46:53
GHCLTEXTIL,2025-02-03 12:56:20
GICHSGFIN,2021-02-12 19:31:06
GICHSGFIN,2021-06-28 22:49:20
GICHSGFIN,2021-08-11 19:04:00
GICHSGFIN,2021-10-30 16:22:47
GICHSGFIN,2022-02-01 12:39:11
GICHSGFIN,2022-05-18 19:24:45
GICHSGFIN,2023-02-02 19:53:44
GICHSGFIN,2023-05-17 19:07:52
GICHSGFIN,2023-08-07 19:14:32
GICHSGFIN,2023-11-03 19:34:35
GICHSGFIN,2024-02-05 18:49:29
GICHSGFIN,2024-05-13 17:51:45
GICHSGFIN,2024-08-06 17:08:12
GICHSGFIN,2024-11-08 18:03:17
GICHSGFIN,2025-02-11 18:35:28
GICL,2021-06-29 16:50:14
GICL,2021-11-13 18:15:51
GICL,2022-05-30 21:55:12
GICL,2023-01-13 14:49:09
GICL,2023-05-31 12:48:52
GICL,2023-11-14 17:14:09
GICL,2024-05-30 17:16:55
GICL,2024-05-30 17:18:32
GICL,2024-11-14 18:42:21
GICL,2024-11-15 16:07:52
GICRE,2021-02-11 17:40:50
GICRE,2021-02-11 17:49:40
GICRE,2021-06-29 20:17:33
GICRE,2021-08-13 19:32:24
GICRE,2021-11-10 20:18:02
GICRE,2021-11-11 20:05:21
GICRE,2022-02-10 16:43:15
GICRE,2022-05-27 20:15:13
GICRE,2023-02-09 15:15:08
GICRE,2023-05-25 16:46:40
GICRE,2023-08-10 15:57:26
GICRE,2023-11-09 19:46:51
GICRE,2024-02-07 19:42:45
GICRE,2024-05-28 19:13:36
GICRE,2024-08-09 18:42:21
GICRE,2024-11-12 18:43:54
GICRE,2025-02-03 20:03:01
GILLANDERS,2021-02-11 17:03:43
GILLANDERS,2021-06-28 17:10:38
GILLANDERS,2021-08-13 15:41:12
GILLANDERS,2021-11-12 17:00:33
GILLANDERS,2022-02-08 16:16:20
GILLANDERS,2022-05-12 16:49:51
GILLANDERS,2023-02-10 13:54:17
GILLANDERS,2023-05-12 16:10:54
GILLANDERS,2023-08-05 16:07:32
GILLANDERS,2023-11-10 12:31:21
GILLANDERS,2024-02-12 13:03:03
GILLANDERS,2024-05-13 18:19:16
GILLANDERS,2024-08-02 12:37:06
GILLANDERS,2024-11-13 12:53:29
GILLANDERS,2025-02-07 13:13:07
GILLETTE,2021-02-04 17:23:46
GILLETTE,2021-05-05 17:05:46
GILLETTE,2021-08-24 18:03:52
GILLETTE,2021-11-02 17:44:22
GILLETTE,2022-02-02 17:25:13
GILLETTE,2022-04-29 13:38:11
GILLETTE,2023-02-01 18:36:47
GILLETTE,2023-05-11 17:36:25
GILLETTE,2023-08-29 13:41:24
GILLETTE,2023-10-31 12:39:37
GILLETTE,2024-01-30 14:22:30
GILLETTE,2024-04-29 18:27:32
GILLETTE,2024-08-29 14:18:24
GILLETTE,2024-10-28 16:51:29
GILLETTE,2025-02-10 13:42:46
GINNIFILA,2021-01-29 15:58:53
GINNIFILA,2021-05-14 16:10:59
GINNIFILA,2021-07-27 16:43:23
GINNIFILA,2021-11-09 15:31:43
GINNIFILA,2022-02-08 16:05:01
GINNIFILA,2022-05-06 18:55:00
GINNIFILA,2023-02-14 16:30:29
GINNIFILA,2023-05-26 17:41:04
GINNIFILA,2023-08-11 17:33:03
GINNIFILA,2023-11-09 16:50:28
GINNIFILA,2024-01-24 16:01:24
GINNIFILA,2024-05-20 15:07:40
GINNIFILA,2024-07-31 17:58:23
GINNIFILA,2024-11-08 17:48:45
GINNIFILA,2025-02-07 16:30:15
GIPCL,2021-01-30 13:46:03
GIPCL,2021-05-27 17:56:34
GIPCL,2021-08-07 18:15:39
GIPCL,2021-11-12 17:46:54
GIPCL,2022-02-07 17:51:46
GIPCL,2022-02-07 17:55:10
GIPCL,2022-05-20 18:59:01
GIPCL,2023-02-14 17:20:37
GIPCL,2023-05-29 17:47:23
GIPCL,2023-08-10 18:36:29
GIPCL,2023-11-06 17:38:53
GIPCL,2024-02-07 17:40:21
GIPCL,2024-05-18 18:12:59
GIPCL,2024-08-12 17:58:48
GIPCL,2024-11-12 17:34:42
GIPCL,2025-02-11 14:57:37
GIRIRAJ,2021-06-30 20:05:53
GIRIRAJ,2021-11-13 19:27:55
GIRIRAJ,2023-05-29 16:46:36
GIRIRAJ,2023-11-11 17:45:33
GIRIRAJ,2024-05-30 17:40:46
GIRIRAJ,2024-09-06 16:18:11
GIRIRAJ,2024-11-14 19:49:56
GIRIRAJ,2024-11-18 21:50:56
GKWLIMITED,2021-02-11 15:55:30
GKWLIMITED,2021-06-29 18:57:12
GKWLIMITED,2021-08-13 12:39:34
GKWLIMITED,2021-11-11 12:46:45
GKWLIMITED,2022-02-11 12:44:26
GKWLIMITED,2022-05-30 18:04:33
GKWLIMITED,2023-02-07 12:53:51
GKWLIMITED,2023-05-30 17:56:24
GKWLIMITED,2023-08-09 13:50:59
GKWLIMITED,2023-11-09 12:52:25
GKWLIMITED,2024-02-14 17:03:30
GKWLIMITED,2024-05-23 14:53:58
GKWLIMITED,2024-08-13 16:29:54
GKWLIMITED,2024-11-12 13:12:16
GKWLIMITED,2025-02-12 17:56:42
GLAND,2021-01-22 17:00:30
GLAND,2021-05-17 16:16:59
GLAND,2021-07-21 16:26:15
GLAND,2021-10-22 15:41:14
GLAND,2022-01-21 15:41:17
GLAND,2022-05-19 16:18:56
GLAND,2023-01-23 16:16:20
GLAND,2023-05-18 17:43:18
GLAND,2023-08-07 16:22:41
GLAND,2023-11-06 16:14:42
GLAND,2024-02-14 16:20:35
GLAND,2024-05-22 17:42:27
GLAND,2024-08-06 17:00:53
GLAND,2024-11-04 17:37:44
GLAND,2025-02-03 17:21:45
GLAXO,2021-02-05 18:43:35
GLAXO,2021-05-18 22:06:56
GLAXO,2021-07-26 20:38:06
GLAXO,2021-10-29 17:04:05
GLAXO,2022-02-07 16:17:35
GLAXO,2022-05-16 16:48:56
GLAXO,2023-02-07 16:16:28
GLAXO,2023-05-17 16:55:49
GLAXO,2023-07-26 13:47:30
GLAXO,2023-11-09 16:37:38
GLAXO,2024-02-12 16:58:55
GLAXO,2024-05-17 14:00:49
GLAXO,2024-08-02 15:37:26
GLAXO,2024-10-29 15:45:32
GLAXO,2025-02-14 15:25:21
GLENMARK,2021-02-12 21:41:58
GLENMARK,2021-05-28 22:24:05
GLENMARK,2021-08-13 21:37:35
GLENMARK,2021-11-12 22:07:56
GLENMARK,2022-02-11 22:40:17
GLENMARK,2022-05-27 23:02:36
GLENMARK,2023-02-10 19:45:16
GLENMARK,2023-05-19 19:00:09
GLENMARK,2023-08-11 18:01:29
GLENMARK,2023-11-10 18:57:27
GLENMARK,2024-02-14 18:44:43
GLENMARK,2024-05-24 20:24:07
GLENMARK,2024-08-14 17:56:46
GLENMARK,2024-11-14 18:36:54
GLENMARK,2025-02-14 18:19:58
GLFL,2021-01-27 18:17:02
GLFL,2021-05-21 17:08:11
GLFL,2021-08-12 17:03:06
GLFL,2021-10-29 11:40:08
GLFL,2022-01-25 13:50:26
GLFL,2022-05-06 12:28:41
GLFL,2023-01-16 17:24:57
GLFL,2023-05-12 12:51:05
GLFL,2023-07-20 12:35:46
GLFL,2023-10-26 12:11:39
GLFL,2024-01-19 13:13:35
GLFL,2024-05-02 13:35:23
GLFL,2024-07-19 16:34:46
GLFL,2024-10-17 13:54:29
GLFL,2025-02-12 13:28:00
GLOBAL,2021-02-11 15:50:19
GLOBAL,2021-06-17 16:59:56
GLOBAL,2021-06-17 17:01:54
GLOBAL,2021-08-06 16:20:11
GLOBAL,2021-08-06 16:30:36
GLOBAL,2021-11-11 15:28:29
GLOBAL,2021-11-11 15:40:40
GLOBAL,2022-01-21 14:07:19
GLOBAL,2022-05-05 14:58:29
GLOBAL,2023-01-18 15:25:39
GLOBAL,2023-04-28 15:13:56
GLOBAL,2023-08-08 14:15:30
GLOBAL,2023-11-07 14:12:15
GLOBAL,2024-01-23 13:12:50
GLOBAL,2024-05-20 14:41:01
GLOBAL,2024-08-10 14:31:50
GLOBAL,2024-10-22 13:58:28
GLOBAL,2025-01-28 14:06:07
GLOBALE,2024-08-27 19:19:30
GLOBALE,2024-11-14 18:51:02
GLOBALE,2025-02-11 17:33:41
GLOBALPET,2023-09-04 14:30:26
GLOBALPET,2023-11-03 19:04:45
GLOBALPET,2024-05-21 19:02:03
GLOBALPET,2024-11-14 23:37:34
GLOBALVECT,2021-02-12 17:46:39
GLOBALVECT,2021-06-17 20:13:09
GLOBALVECT,2021-08-12 19:35:06
GLOBALVECT,2021-11-11 18:44:21
GLOBALVECT,2022-02-14 16:45:27
GLOBALVECT,2022-05-31 13:28:58
GLOBALVECT,2023-02-14 14:47:09
GLOBALVECT,2023-05-30 20:29:44
GLOBALVECT,2023-08-10 17:41:53
GLOBALVECT,2023-11-10 16:49:36
GLOBALVECT,2024-02-13 17:22:43
GLOBALVECT,2024-05-29 18:52:54
GLOBALVECT,2024-08-14 18:52:14
GLOBALVECT,2024-11-14 16:15:17
GLOBALVECT,2025-02-14 16:49:49
GLOBE,2021-02-13 19:19:14
GLOBE,2021-06-30 20:20:16
GLOBE,2021-08-14 18:07:43
GLOBE,2021-11-02 17:25:07
GLOBE,2022-01-25 18:27:43
GLOBE,2022-05-16 19:46:17
GLOBE,2023-02-13 18:09:36
GLOBE,2023-05-26 16:50:00
GLOBE,2023-08-12 16:20:57
GLOBE,2023-11-11 11:59:05
GLOBE,2024-02-06 17:25:50
GLOBE,2024-05-24 17:35:19
GLOBE,2024-08-14 18:11:36
GLOBE,2024-10-30 16:38:30
GLOBE,2025-02-08 11:49:28
GLOBOFFS,2021-02-09 16:11:10
GLOBUSSPR,2021-02-08 16:23:40
GLOBUSSPR,2021-06-14 14:53:22
GLOBUSSPR,2021-08-08 16:59:05
GLOBUSSPR,2021-11-12 15:41:13
GLOBUSSPR,2022-02-11 15:33:18
GLOBUSSPR,2022-05-24 15:20:36
GLOBUSSPR,2023-02-14 18:02:10
GLOBUSSPR,2023-05-25 17:36:29
GLOBUSSPR,2023-08-14 13:40:18
GLOBUSSPR,2023-11-09 14:37:08
GLOBUSSPR,2024-02-09 14:26:46
GLOBUSSPR,2024-05-30 15:46:43
GLOBUSSPR,2024-08-12 16:45:47
GLOBUSSPR,2024-11-12 14:33:27
GLOBUSSPR,2025-02-12 13:55:46
GLOSTERLTD,2024-05-30 16:07:19
GLOSTERLTD,2024-08-09 15:14:38
GLOSTERLTD,2024-11-13 16:55:17
GLOSTERLTD,2025-02-07 15:30:23
GMBREW,2021-01-07 11:49:30
GMBREW,2021-04-06 12:16:32
GMBREW,2021-07-27 11:44:04
GMBREW,2021-10-12 11:54:31
GMBREW,2022-01-07 11:43:25
GMBREW,2022-04-12 12:22:40
GMBREW,2022-07-07 12:11:27
GMBREW,2023-01-12 12:10:31
GMBREW,2023-04-06 13:30:54
GMBREW,2023-07-06 12:10:45
GMBREW,2023-10-10 12:12:59
GMBREW,2024-01-04 12:14:23
GMBREW,2024-04-04 12:13:44
GMBREW,2024-07-09 12:08:58
GMBREW,2024-10-10 12:18:24
GMBREW,2025-01-07 12:29:33
GMDCLTD,2021-02-09 16:24:57
GMDCLTD,2021-06-29 14:17:13
GMDCLTD,2021-08-13 16:29:44
GMDCLTD,2021-10-25 14:14:19
GMDCLTD,2022-01-27 13:44:21
GMDCLTD,2022-04-25 18:07:03
GMDCLTD,2023-02-15 16:13:53
GMDCLTD,2023-05-30 22:43:14
GMDCLTD,2023-08-01 14:11:25
GMDCLTD,2023-11-01 19:31:26
GMDCLTD,2024-02-09 15:11:01
GMDCLTD,2024-05-27 17:41:56
GMDCLTD,2024-07-26 15:55:20
GMDCLTD,2024-10-22 17:41:02
GMDCLTD,2025-01-31 13:58:06
GMMPFAUDLR,2021-01-20 16:07:46
GMMPFAUDLR,2021-01-21 15:42:45
GMMPFAUDLR,2021-05-28 17:44:14
GMMPFAUDLR,2021-08-12 18:18:40
GMMPFAUDLR,2021-10-28 18:49:29
GMMPFAUDLR,2022-02-03 16:46:43
GMMPFAUDLR,2022-05-25 16:41:13
GMMPFAUDLR,2023-02-02 16:47:02
GMMPFAUDLR,2023-05-25 18:56:22
GMMPFAUDLR,2023-08-10 15:34:26
GMMPFAUDLR,2023-11-09 15:36:09
GMMPFAUDLR,2024-02-01 15:56:22
GMMPFAUDLR,2024-05-22 16:44:12
GMMPFAUDLR,2024-08-08 11:52:47
GMMPFAUDLR,2024-11-07 15:40:17
GMMPFAUDLR,2025-02-06 16:30:32
GMRAIRPORT,2021-02-12 16:50:28
GMRAIRPORT,2021-06-18 20:15:07
GMRAIRPORT,2021-08-13 19:45:30
GMRAIRPORT,2021-11-12 18:57:39
GMRAIRPORT,2022-02-09 17:44:26
GMRAIRPORT,2022-05-17 21:23:49
GMRAIRPORT,2023-02-14 17:49:33
GMRAIRPORT,2023-05-27 14:50:45
GMRAIRPORT,2023-08-14 18:27:39
GMRAIRPORT,2023-10-30 17:39:17
GMRAIRPORT,2024-01-31 17:47:55
GMRAIRPORT,2024-05-29 19:59:02
GMRAIRPORT,2024-08-13 21:32:26
GMRAIRPORT,2024-10-24 20:47:07
GMRAIRPORT,2025-01-28 20:45:13
GMRP&UI,2022-05-18 16:19:53
GMRP&UI,2023-02-13 20:04:29
GMRP&UI,2023-05-23 21:12:58
GMRP&UI,2023-08-09 17:48:56
GMRP&UI,2023-11-03 17:10:45
GMRP&UI,2024-02-07 17:52:22
GMRP&UI,2024-05-17 18:07:36
GMRP&UI,2024-08-14 18:34:14
GMRP&UI,2024-10-25 19:23:28
GMRP&UI,2025-01-29 18:31:43
GNA,2021-01-11 13:05:39
GNA,2021-04-23 15:01:16
GNA,2021-04-26 16:32:22
GNA,2021-07-24 14:34:17
GNA,2021-10-29 14:38:13
GNA,2022-01-10 13:20:19
GNA,2022-04-29 13:29:45
GNA,2023-01-31 14:28:43
GNA,2023-05-01 14:34:52
GNA,2023-07-21 14:46:33
GNA,2023-10-27 14:44:07
GNA,2024-02-09 14:50:02
GNA,2024-05-24 14:46:18
GNA,2024-07-11 15:12:13
GNA,2024-10-18 14:38:32
GNA,2025-01-10 14:45:09
GNFC,2021-02-04 17:10:35
GNFC,2021-05-17 18:03:21
GNFC,2021-08-12 16:38:18
GNFC,2021-10-28 16:56:28
GNFC,2022-02-04 16:28:55
GNFC,2022-05-09 18:05:44
GNFC,2023-02-07 16:08:11
GNFC,2023-05-18 15:06:35
GNFC,2023-08-07 14:38:06
GNFC,2023-11-08 20:13:15
GNFC,2024-02-07 17:36:35
GNFC,2024-05-28 19:17:42
GNFC,2024-08-13 18:24:49
GNFC,2024-11-13 17:30:45
GNFC,2025-02-14 16:46:44
GOACARBON,2021-01-28 12:35:14
GOACARBON,2021-06-11 13:27:14
GOACARBON,2021-08-12 17:31:10
GOACARBON,2021-10-30 17:21:54
GOACARBON,2022-02-08 13:21:37
GOACARBON,2022-05-28 18:47:26
GOACARBON,2022-07-12 14:08:31
GOACARBON,2023-01-18 17:51:27
GOACARBON,2023-05-16 16:28:50
GOACARBON,2023-07-20 16:20:31
GOACARBON,2023-10-20 17:08:09
GOACARBON,2024-01-16 17:12:18
GOACARBON,2024-05-15 18:21:49
GOACARBON,2024-08-06 17:57:15
GOACARBON,2024-11-08 17:14:54
GOACARBON,2025-01-30 19:35:17
GOCLCORP,2021-02-12 15:51:24
GOCLCORP,2021-06-29 18:36:11
GOCLCORP,2021-08-12 17:02:11
GOCLCORP,2021-11-11 17:20:56
GOCLCORP,2022-02-09 17:59:12
GOCLCORP,2022-05-27 19:20:50
GOCLCORP,2023-02-08 17:26:48
GOCLCORP,2023-05-30 16:42:31
GOCLCORP,2023-08-11 13:25:13
GOCLCORP,2023-11-07 17:23:33
GOCLCORP,2024-02-13 17:48:43
GOCLCORP,2024-05-23 14:38:50
GOCLCORP,2024-08-13 16:25:11
GOCLCORP,2024-11-08 19:11:14
GOCLCORP,2025-02-13 15:40:49
GOCOLORS,2022-02-05 16:25:19
GOCOLORS,2022-02-05 16:28:33
GOCOLORS,2022-05-07 13:32:25
GOCOLORS,2023-01-25 13:38:37
GOCOLORS,2023-05-05 15:04:19
GOCOLORS,2023-07-31 13:36:57
GOCOLORS,2023-10-31 13:03:26
GOCOLORS,2024-02-06 12:56:26
GOCOLORS,2024-05-03 13:46:12
GOCOLORS,2024-07-24 11:55:53
GOCOLORS,2024-10-25 13:10:19
GOCOLORS,2025-01-25 13:04:18
GODAVARIB,2024-11-18 22:38:08
GODAVARIB,2025-02-08 20:38:32
GODFRYPHLP,2021-02-13 16:59:56
GODFRYPHLP,2021-06-25 14:15:25
GODFRYPHLP,2021-08-13 13:15:51
GODFRYPHLP,2021-10-30 14:05:35
GODFRYPHLP,2022-01-29 14:01:35
GODFRYPHLP,2022-05-28 14:25:26
GODFRYPHLP,2023-01-27 16:58:49
GODFRYPHLP,2023-05-27 14:22:08
GODFRYPHLP,2023-07-26 17:27:32
GODFRYPHLP,2023-11-03 13:38:23
GODFRYPHLP,2024-01-29 18:16:00
GODFRYPHLP,2024-05-30 14:15:43
GODFRYPHLP,2024-08-07 18:05:06
GODFRYPHLP,2024-11-11 13:18:28
GODFRYPHLP,2025-02-13 18:08:02
GODIGIT,2024-06-11 16:36:02
GODIGIT,2024-07-25 20:29:03
GODIGIT,2024-10-24 15:49:21
GODIGIT,2025-01-22 18:15:28
GODREJAGRO,2021-02-04 16:56:36
GODREJAGRO,2021-02-04 16:59:10
GODREJAGRO,2021-05-07 17:14:01
GODREJAGRO,2021-08-10 16:08:55
GODREJAGRO,2021-08-10 16:14:21
GODREJAGRO,2021-11-09 16:56:06
GODREJAGRO,2021-11-09 17:10:34
GODREJAGRO,2022-02-04 16:33:33
GODREJAGRO,2022-05-09 17:24:57
GODREJAGRO,2023-02-08 17:15:37
GODREJAGRO,2023-05-09 17:01:29
GODREJAGRO,2023-08-01 15:21:53
GODREJAGRO,2023-11-03 17:23:38
GODREJAGRO,2024-02-01 16:37:14
GODREJAGRO,2024-05-08 16:35:31
GODREJAGRO,2024-08-01 15:37:29
GODREJAGRO,2024-10-29 16:13:15
GODREJAGRO,2025-01-31 16:24:26
GODREJCP,2021-02-08 14:34:06
GODREJCP,2021-05-11 15:41:06
GODREJCP,2021-08-04 14:46:08
GODREJCP,2021-11-11 14:47:48
GODREJCP,2022-02-08 13:32:32
GODREJCP,2022-05-20 12:17:48
GODREJCP,2023-01-31 13:21:17
GODREJCP,2023-05-10 15:55:03
GODREJCP,2023-08-07 16:49:54
GODREJCP,2023-11-01 16:34:02
GODREJCP,2024-01-31 16:29:03
GODREJCP,2024-05-06 18:45:50
GODREJCP,2024-08-07 15:38:20
GODREJCP,2024-10-24 16:00:51
GODREJCP,2025-01-24 16:25:49
GODREJIND,2021-02-12 16:59:59
GODREJIND,2021-05-21 16:08:14
GODREJIND,2021-08-13 15:06:04
GODREJIND,2021-11-13 18:39:29
GODREJIND,2022-02-11 13:24:23
GODREJIND,2022-05-27 11:48:14
GODREJIND,2023-02-13 14:32:47
GODREJIND,2023-05-19 14:58:20
GODREJIND,2023-08-11 13:19:09
GODREJIND,2023-11-08 13:36:12
GODREJIND,2024-02-09 17:45:47
GODREJIND,2024-05-17 17:50:18
GODREJIND,2024-08-13 13:26:04
GODREJIND,2024-11-13 15:37:32
GODREJIND,2025-02-12 16:50:10
GODREJPROP,2021-02-04 11:28:07
GODREJPROP,2021-05-03 09:50:42
GODREJPROP,2021-08-03 13:51:35
GODREJPROP,2021-11-02 10:58:36
GODREJPROP,2022-02-03 11:54:06
GODREJPROP,2022-05-03 12:24:04
GODREJPROP,2023-02-02 12:57:39
GODREJPROP,2023-05-03 12:53:45
GODREJPROP,2023-08-02 12:13:01
GODREJPROP,2023-11-02 12:48:51
GODREJPROP,2024-02-06 12:41:39
GODREJPROP,2024-05-03 12:49:32
GODREJPROP,2024-07-31 11:24:43
GODREJPROP,2024-10-23 12:30:40
GODREJPROP,2025-02-04 13:18:09
GOENKA,2021-02-13 16:15:51
GOENKA,2021-06-07 17:36:56
GOENKA,2021-08-11 16:02:00
GOENKA,2021-11-12 17:22:55
GOENKA,2022-02-14 15:35:51
GOENKA,2022-05-26 16:29:43
GOENKA,2023-02-14 15:21:04
GOENKA,2023-05-30 20:24:17
GOENKA,2023-08-14 18:07:16
GOENKA,2023-11-09 16:44:04
GOENKA,2024-02-14 16:30:14
GOENKA,2024-05-30 19:39:11
GOENKA,2024-08-14 18:21:20
GOENKA,2024-11-14 17:19:14
GOENKA,2025-02-14 18:52:18
GOKEX,2021-01-29 17:44:45
GOKEX,2021-05-14 16:52:13
GOKEX,2021-07-30 14:54:10
GOKEX,2021-10-29 13:30:12
GOKEX,2022-01-21 13:11:50
GOKEX,2022-04-29 14:30:26
GOKEX,2023-02-10 18:01:41
GOKEX,2023-05-25 23:39:40
GOKEX,2023-08-07 20:47:10
GOKEX,2023-10-30 21:08:37
GOKEX,2024-02-01 23:27:59
GOKEX,2024-05-26 22:32:11
GOKEX,2024-08-07 22:22:56
GOKEX,2024-11-12 21:20:07
GOKEX,2025-02-07 22:11:47
GOKUL,2021-02-08 17:22:48
GOKUL,2021-06-21 17:43:14
GOKUL,2021-08-11 15:49:00
GOKUL,2021-11-09 14:41:06
GOKUL,2022-02-07 13:26:23
GOKUL,2022-05-24 15:56:56
GOKUL,2023-02-14 14:37:56
GOKUL,2023-05-29 13:48:10
GOKUL,2023-08-08 13:22:24
GOKUL,2023-11-10 13:54:12
GOKUL,2024-02-09 17:34:59
GOKUL,2024-05-28 15:20:07
GOKUL,2024-07-30 14:18:39
GOKUL,2024-11-14 14:49:04
GOKUL,2025-02-13 18:36:08
GOKULAGRO,2021-02-02 14:15:46
GOKULAGRO,2021-05-17 14:02:34
GOKULAGRO,2021-08-14 13:49:03
GOKULAGRO,2021-11-02 13:20:01
GOKULAGRO,2022-02-02 13:28:56
GOKULAGRO,2022-04-28 16:27:52
GOKULAGRO,2023-02-10 16:59:08
GOKULAGRO,2023-05-10 18:50:59
GOKULAGRO,2023-08-10 18:03:44
GOKULAGRO,2023-11-06 16:54:14
GOKULAGRO,2024-02-08 17:32:28
GOKULAGRO,2024-05-15 18:18:06
GOKULAGRO,2024-08-03 12:06:46
GOKULAGRO,2024-11-12 12:58:04
GOKULAGRO,2025-02-11 17:05:57
GOLDENTOBC,2021-02-12 14:42:55
GOLDENTOBC,2021-06-29 15:16:03
GOLDENTOBC,2021-08-13 14:16:06
GOLDENTOBC,2021-11-14 16:38:01
GOLDENTOBC,2022-02-14 15:47:51
GOLDIAM,2021-02-11 16:35:55
GOLDIAM,2021-05-25 17:31:07
GOLDIAM,2021-08-10 13:50:13
GOLDIAM,2021-11-08 13:01:02
GOLDIAM,2022-02-08 14:12:16
GOLDIAM,2022-05-20 13:54:01
GOLDIAM,2023-02-10 13:39:10
GOLDIAM,2023-05-20 13:14:32
GOLDIAM,2023-08-08 13:32:43
GOLDIAM,2023-11-10 13:05:37
GOLDIAM,2024-02-08 13:32:02
GOLDIAM,2024-05-22 14:00:33
GOLDIAM,2024-08-09 13:24:55
GOLDIAM,2024-11-07 12:49:02
GOLDIAM,2025-02-07 13:43:50
GOLDKART,2024-05-15 12:45:08
GOLDKART,2024-10-22 12:26:02
GOLDSTAR,2021-06-29 17:20:36
GOLDSTAR,2021-11-10 16:19:25
GOLDSTAR,2022-05-28 19:10:55
GOLDSTAR,2023-05-23 19:11:07
GOLDSTAR,2023-10-30 17:14:46
GOLDSTAR,2023-10-31 17:07:52
GOLDSTAR,2024-05-27 17:39:01
GOLDSTAR,2024-11-12 11:55:55
GOLDTECH,2021-02-12 16:26:13
GOLDTECH,2021-08-12 16:40:43
GOLDTECH,2021-11-12 17:34:05
GOLDTECH,2022-02-11 18:26:25
GOLDTECH,2022-05-27 17:15:10
GOLDTECH,2023-02-14 17:35:13
GOLDTECH,2023-05-29 18:44:15
GOLDTECH,2023-05-29 22:57:59
GOLDTECH,2023-08-10 19:00:46
GOLDTECH,2023-11-09 18:15:25
GOLDTECH,2024-02-13 17:42:34
GOLDTECH,2024-05-23 17:21:36
GOLDTECH,2024-08-13 17:45:03
GOLDTECH,2024-11-14 17:07:14
GOLDTECH,2025-02-13 19:28:43
GOODLUCK,2021-02-13 14:57:17
GOODLUCK,2021-06-30 15:54:28
GOODLUCK,2021-07-29 10:58:24
GOODLUCK,2021-10-25 13:43:59
GOODLUCK,2022-01-17 12:29:43
GOODLUCK,2022-05-26 15:33:35
GOODLUCK,2023-02-03 12:16:08
GOODLUCK,2023-05-15 12:46:46
GOODLUCK,2023-07-19 13:36:53
GOODLUCK,2023-10-28 13:14:25
GOODLUCK,2024-02-01 13:31:47
GOODLUCK,2024-05-28 13:09:04
GOODLUCK,2024-07-29 16:19:58
GOODLUCK,2024-11-11 16:24:13
GOODLUCK,2025-02-06 16:52:37
GOPAL,2024-04-02 17:14:40
GOPAL,2024-05-09 17:30:14
GOPAL,2024-05-11 15:00:08
GOPAL,2024-07-18 17:02:45
GOPAL,2024-10-14 16:30:40
GOPAL,2025-02-11 16:30:30
GOYALALUM,2023-02-14 18:28:18
GOYALALUM,2023-04-24 17:34:44
GOYALALUM,2023-08-12 16:15:49
GOYALALUM,2023-11-10 17:41:44
GOYALALUM,2024-02-05 18:04:58
GOYALALUM,2024-05-29 18:21:11
GOYALALUM,2024-08-12 17:12:16
GOYALALUM,2024-11-11 17:54:24
GOYALALUM,2025-02-13 16:54:14
GOYALSALT,2023-11-10 16:28:19
GOYALSALT,2024-04-24 15:59:11
GOYALSALT,2024-11-05 12:07:41
GPECO,2024-08-06 14:31:04
GPECO,2024-11-12 18:59:58
GPIL,2021-01-30 18:49:00
GPIL,2021-05-25 18:12:37
GPIL,2021-07-27 17:54:47
GPIL,2021-10-30 19:08:29
GPIL,2022-01-31 18:21:07
GPIL,2022-05-28 17:24:56
GPIL,2023-02-11 15:04:28
GPIL,2023-05-20 15:48:00
GPIL,2023-07-27 14:46:39
GPIL,2023-11-03 16:15:13
GPIL,2024-02-06 15:41:47
GPIL,2024-05-21 16:42:43
GPIL,2024-08-07 15:13:40
GPIL,2024-10-26 15:35:17
GPIL,2025-02-12 17:08:32
GPPL,2021-02-11 16:12:26
GPPL,2021-05-27 17:28:20
GPPL,2021-08-12 16:42:28
GPPL,2021-11-11 17:21:32
GPPL,2022-02-10 17:00:22
GPPL,2022-05-18 23:03:37
GPPL,2023-02-08 16:10:15
GPPL,2023-05-24 17:09:19
GPPL,2023-08-09 13:23:55
GPPL,2023-11-08 12:28:31
GPPL,2024-02-12 15:40:17
GPPL,2024-05-22 16:06:58
GPPL,2024-08-07 16:20:23
GPPL,2024-11-06 11:38:01
GPPL,2025-02-13 16:03:41
GPTHEALTH,2024-03-19 15:37:16
GPTHEALTH,2024-05-21 15:03:56
GPTHEALTH,2024-08-13 15:43:39
GPTHEALTH,2024-11-14 15:09:24
GPTHEALTH,2025-02-11 12:44:01
GPTINFRA,2021-02-05 14:52:35
GPTINFRA,2021-06-21 15:53:23
GPTINFRA,2021-08-03 14:32:24
GPTINFRA,2021-11-03 13:58:32
GPTINFRA,2022-01-31 14:22:54
GPTINFRA,2022-05-14 16:35:08
GPTINFRA,2023-01-31 14:17:33
GPTINFRA,2023-05-22 17:25:22
GPTINFRA,2023-08-02 17:04:30
GPTINFRA,2023-11-08 14:19:42
GPTINFRA,2024-01-30 12:48:33
GPTINFRA,2024-05-17 14:09:16
GPTINFRA,2024-07-31 13:47:34
GPTINFRA,2024-11-12 15:58:10
GPTINFRA,2025-02-04 14:19:10
GRANULES,2021-01-28 12:58:46
GRANULES,2021-05-11 13:25:44
GRANULES,2021-07-27 17:14:02
GRANULES,2021-11-12 17:18:34
GRANULES,2022-02-08 13:49:45
GRANULES,2022-05-18 16:29:10
GRANULES,2023-01-24 13:40:34
GRANULES,2023-05-16 13:38:24
GRANULES,2023-08-09 15:45:19
GRANULES,2023-11-09 13:14:15
GRANULES,2024-01-23 12:15:41
GRANULES,2024-05-15 12:18:38
GRANULES,2024-07-30 12:18:10
GRANULES,2024-11-06 13:10:50
GRANULES,2025-01-24 13:08:15
GRAPHISAD,2024-05-29 18:09:58
GRAPHISAD,2024-11-14 19:49:29
GRAPHITE,2021-02-11 13:28:49
GRAPHITE,2021-06-28 20:19:35
GRAPHITE,2021-08-06 13:54:34
GRAPHITE,2021-11-01 13:33:35
GRAPHITE,2022-02-14 15:56:59
GRAPHITE,2022-05-23 17:46:16
GRAPHITE,2023-02-08 12:46:05
GRAPHITE,2023-05-30 17:04:43
GRAPHITE,2023-08-10 13:39:19
GRAPHITE,2023-11-09 15:27:04
GRAPHITE,2024-02-14 12:40:29
GRAPHITE,2024-05-07 14:21:27
GRAPHITE,2024-08-06 13:12:08
GRAPHITE,2024-11-11 14:11:43
GRAPHITE,2025-02-12 13:13:17
GRASIM,2021-02-12 14:10:55
GRASIM,2021-05-24 15:40:07
GRASIM,2021-08-13 14:11:32
GRASIM,2021-11-12 18:41:49
GRASIM,2022-02-14 14:26:14
GRASIM,2022-05-24 15:37:59
GRASIM,2023-02-14 15:03:51
GRASIM,2023-05-26 14:34:06
GRASIM,2023-08-10 14:36:51
GRASIM,2023-11-13 20:09:54
GRASIM,2024-02-09 11:12:13
GRASIM,2024-05-22 21:42:40
GRASIM,2024-08-09 13:52:20
GRASIM,2024-11-14 20:27:05
GRASIM,2025-02-10 19:38:07
GRAVITA,2021-01-28 18:26:40
GRAVITA,2021-05-19 22:47:14
GRAVITA,2021-07-30 17:26:38
GRAVITA,2021-11-01 22:33:57
GRAVITA,2022-01-29 20:41:17
GRAVITA,2022-05-19 18:51:48
GRAVITA,2023-01-23 16:56:44
GRAVITA,2023-05-01 17:37:01
GRAVITA,2023-07-24 15:20:38
GRAVITA,2023-10-31 16:57:25
GRAVITA,2024-01-23 14:13:27
GRAVITA,2024-04-30 16:57:39
GRAVITA,2024-07-20 17:36:24
GRAVITA,2024-10-21 15:19:28
GRAVITA,2025-01-22 16:59:07
GRCL,2023-11-10 12:29:01
GRCL,2024-05-28 16:50:14
GRCL,2024-11-09 17:04:10
GREAVESCOT,2021-02-10 16:48:32
GREAVESCOT,2021-05-04 18:29:20
GREAVESCOT,2021-08-11 12:51:41
GREAVESCOT,2021-10-26 12:11:08
GREAVESCOT,2022-02-08 17:09:20
GREAVESCOT,2022-05-13 12:24:24
GREAVESCOT,2023-02-09 13:15:32
GREAVESCOT,2023-05-12 13:58:46
GREAVESCOT,2023-08-10 12:53:00
GREAVESCOT,2023-11-07 16:09:17
GREAVESCOT,2024-02-08 12:50:43
GREAVESCOT,2024-05-08 14:42:34
GREAVESCOT,2024-08-08 09:58:51
GREAVESCOT,2024-11-12 15:49:02
GREAVESCOT,2025-01-23 16:24:51
GREENCHEF,2023-09-05 19:47:02
GREENCHEF,2023-11-10 22:32:43
GREENCHEF,2024-05-29 19:11:44
GREENCHEF,2024-12-28 01:18:52
GREENLAM,2021-02-02 11:36:34
GREENLAM,2021-05-27 17:39:35
GREENLAM,2021-07-28 07:42:13
GREENLAM,2021-10-26 14:45:39
GREENLAM,2021-10-26 21:24:07
GREENLAM,2022-02-08 12:48:56
GREENLAM,2022-05-30 10:43:24
GREENLAM,2023-02-02 13:35:46
GREENLAM,2023-05-27 17:13:46
GREENLAM,2023-07-27 17:25:25
GREENLAM,2023-10-28 19:33:44
GREENLAM,2024-02-02 16:01:28
GREENLAM,2024-05-28 20:52:26
GREENLAM,2024-07-22 17:42:33
GREENLAM,2024-10-29 11:17:08
GREENLAM,2025-01-30 18:54:41
GREENPANEL,2021-01-27 14:27:16
GREENPANEL,2021-05-14 15:58:09
GREENPANEL,2021-07-28 14:09:45
GREENPANEL,2021-10-27 13:51:51
GREENPANEL,2022-01-24 14:58:50
GREENPANEL,2022-05-06 14:39:46
GREENPANEL,2023-01-30 20:58:24
GREENPANEL,2023-05-06 16:19:40
GREENPANEL,2023-07-28 14:15:35
GREENPANEL,2023-11-01 15:03:31
GREENPANEL,2024-01-31 14:18:23
GREENPANEL,2024-05-01 15:53:22
GREENPANEL,2024-07-30 14:06:08
GREENPANEL,2024-10-28 17:47:13
GREENPANEL,2025-02-06 15:24:11
GREENPLY,2021-02-11 13:52:28
GREENPLY,2021-06-14 15:25:00
GREENPLY,2021-06-14 16:19:53
GREENPLY,2021-08-04 15:07:47
GREENPLY,2021-11-09 15:01:08
GREENPLY,2022-02-14 16:44:21
GREENPLY,2022-05-16 14:38:20
GREENPLY,2023-02-13 15:32:19
GREENPLY,2023-05-30 18:08:59
GREENPLY,2023-07-25 14:38:23
GREENPLY,2023-11-06 15:24:00
GREENPLY,2024-02-01 14:55:21
GREENPLY,2024-05-21 22:59:42
GREENPLY,2024-07-31 14:24:51
GREENPLY,2024-10-28 13:44:56
GREENPLY,2025-02-06 16:27:44
GREENPOWER,2021-02-05 14:44:22
GREENPOWER,2021-05-28 14:24:26
GREENPOWER,2021-08-11 16:41:56
GREENPOWER,2021-11-10 14:24:23
GREENPOWER,2022-01-19 14:06:13
GREENPOWER,2022-05-20 18:25:55
GREENPOWER,2023-01-30 15:55:42
GREENPOWER,2023-04-20 18:08:34
GREENPOWER,2023-08-11 13:21:38
GREENPOWER,2023-11-01 14:20:58
GREENPOWER,2024-02-14 15:19:08
GREENPOWER,2024-05-24 15:42:06
GREENPOWER,2024-08-14 17:29:05
GREENPOWER,2024-11-11 13:37:22
GREENPOWER,2025-01-24 15:39:48
GRETEX,2021-04-13 20:19:37
GRETEX,2021-04-20 22:46:26
GRETEX,2021-04-21 13:48:40
GRETEX,2021-11-14 16:41:17
GRETEX,2022-05-26 21:08:38
GRETEX,2023-05-25 19:45:20
GRETEX,2024-05-01 22:26:37
GRETEX,2024-11-08 14:48:22
GRINDWELL,2021-01-29 14:37:14
GRINDWELL,2021-05-07 16:37:35
GRINDWELL,2021-07-28 14:47:36
GRINDWELL,2021-11-03 14:03:52
GRINDWELL,2022-02-03 15:50:05
GRINDWELL,2022-05-06 16:49:23
GRINDWELL,2023-02-13 14:17:46
GRINDWELL,2023-05-06 15:06:53
GRINDWELL,2023-08-14 14:20:28
GRINDWELL,2023-11-08 14:08:31
GRINDWELL,2024-02-03 14:30:56
GRINDWELL,2024-05-06 14:56:23
GRINDWELL,2024-07-18 21:49:44
GRINDWELL,2024-10-30 14:11:35
GRINDWELL,2025-02-13 14:52:31
GRINFRA,2021-08-12 15:42:59
GRINFRA,2021-11-12 18:38:07
GRINFRA,2022-02-10 18:57:10
GRINFRA,2022-05-27 16:53:15
GRINFRA,2023-02-13 17:52:23
GRINFRA,2023-05-18 20:33:04
GRINFRA,2023-08-10 19:29:28
GRINFRA,2023-11-09 20:41:03
GRINFRA,2024-02-12 19:12:15
GRINFRA,2024-05-29 20:12:46
GRINFRA,2024-08-01 18:43:42
GRINFRA,2024-11-07 19:36:04
GRINFRA,2025-02-01 19:27:30
GRMOVER,2023-02-10 20:50:41
GRMOVER,2023-05-24 22:52:25
GRMOVER,2023-08-11 22:03:10
GRMOVER,2023-11-14 19:37:42
GRMOVER,2024-02-06 19:29:26
GRMOVER,2024-05-29 20:33:40
GRMOVER,2024-08-12 18:20:51
GRMOVER,2024-11-13 22:27:56
GRMOVER,2025-02-13 19:30:48
GROBTEA,2021-02-13 12:42:23
GROBTEA,2021-02-13 12:49:57
GROBTEA,2021-06-29 17:28:33
GROBTEA,2021-08-14 12:35:40
GROBTEA,2021-11-13 12:34:28
GROBTEA,2022-02-14 18:06:34
GROBTEA,2022-05-26 18:35:10
GROBTEA,2023-02-14 17:50:49
GROBTEA,2023-05-25 13:12:18
GROBTEA,2023-07-25 16:52:08
GROBTEA,2023-11-10 16:55:56
GROBTEA,2024-02-12 15:31:20
GROBTEA,2024-05-22 16:19:34
GROBTEA,2024-08-13 15:07:15
GROBTEA,2024-11-13 15:39:01
GROBTEA,2025-02-13 15:19:13
GRPLTD,2021-02-10 20:41:18
GRPLTD,2021-05-21 21:25:37
GRPLTD,2021-08-12 19:45:34
GRPLTD,2021-10-30 19:50:54
GRPLTD,2022-01-31 19:38:40
GRPLTD,2022-05-17 10:12:18
GRPLTD,2023-02-09 20:11:18
GRPLTD,2023-05-27 21:29:39
GRPLTD,2023-08-04 20:09:42
GRPLTD,2023-10-31 20:08:17
GRPLTD,2024-02-14 19:04:35
GRPLTD,2024-05-17 21:36:17
GRPLTD,2024-08-02 20:15:55
GRPLTD,2024-11-14 19:03:29
GRPLTD,2025-01-24 17:28:54
GRSE,2021-02-09 15:15:14
GRSE,2021-05-17 18:14:42
GRSE,2021-08-13 17:25:24
GRSE,2021-11-13 13:29:15
GRSE,2022-02-11 17:09:35
GRSE,2022-05-25 12:37:17
GRSE,2023-02-10 18:17:43
GRSE,2023-05-24 15:57:45
GRSE,2023-08-11 17:03:38
GRSE,2023-11-10 17:23:50
GRSE,2024-02-13 18:52:54
GRSE,2024-05-22 17:12:13
GRSE,2024-08-08 13:39:51
GRSE,2024-11-13 17:30:36
GRSE,2025-02-03 17:33:20
GRWRHITECH,2022-02-10 13:26:13
GRWRHITECH,2022-05-26 13:38:23
GRWRHITECH,2023-02-10 15:48:08
GRWRHITECH,2023-05-26 14:04:56
GRWRHITECH,2023-08-11 16:50:02
GRWRHITECH,2023-11-09 13:38:22
GRWRHITECH,2024-02-08 13:52:27
GRWRHITECH,2024-05-29 14:26:01
GRWRHITECH,2024-08-08 13:26:04
GRWRHITECH,2024-11-14 13:48:23
GRWRHITECH,2025-02-07 14:41:25
GSCLCEMENT,2021-02-01 18:21:39
GSCLCEMENT,2021-06-29 19:51:11
GSCLCEMENT,2021-08-12 20:11:56
GSCLCEMENT,2021-10-29 19:29:41
GSCLCEMENT,2022-02-05 18:32:31
GSCLCEMENT,2022-05-26 20:07:04
GSCLCEMENT,2023-02-10 18:30:58
GSFC,2021-02-02 16:41:10
GSFC,2021-05-27 17:34:51
GSFC,2021-08-11 17:16:25
GSFC,2021-10-28 17:34:34
GSFC,2022-01-28 19:08:13
GSFC,2022-05-26 17:16:10
GSFC,2023-02-07 15:16:30
GSFC,2023-05-25 17:13:26
GSFC,2023-08-08 18:00:00
GSFC,2023-11-07 18:17:54
GSFC,2024-02-06 16:40:53
GSFC,2024-05-21 18:50:55
GSFC,2024-08-05 18:31:09
GSFC,2024-11-12 18:24:04
GSFC,2025-02-10 17:26:45
GSLSU,2023-05-29 15:13:42
GSLSU,2023-08-14 15:10:42
GSLSU,2023-11-08 17:45:06
GSLSU,2024-02-10 18:26:07
GSLSU,2024-05-29 16:38:12
GSLSU,2024-08-14 12:10:28
GSLSU,2024-11-13 11:35:11
GSLSU,2025-02-14 13:15:51
GSMFOILS,2024-06-20 19:18:23
GSMFOILS,2024-10-18 17:48:51
GSMFOILS,2025-01-16 17:23:27
GSPL,2021-01-29 12:58:38
GSPL,2021-02-10 18:10:54
GSPL,2021-02-10 18:14:43
GSPL,2021-05-21 18:17:11
GSPL,2021-06-03 18:02:10
GSPL,2021-07-30 17:33:49
GSPL,2021-08-09 17:48:55
GSPL,2021-08-09 18:00:28
GSPL,2021-10-21 18:28:45
GSPL,2021-11-03 18:27:19
GSPL,2021-11-03 18:41:20
GSPL,2022-02-02 16:07:11
GSPL,2022-02-10 17:57:37
GSPL,2022-02-10 18:01:07
GSPL,2022-05-12 17:59:52
GSPL,2023-02-13 18:00:04
GSPL,2023-05-11 18:14:39
GSPL,2023-08-04 14:26:06
GSPL,2023-11-06 17:21:04
GSPL,2024-02-14 17:36:46
GSPL,2024-05-08 18:19:48
GSPL,2024-08-08 17:37:28
GSPL,2024-11-07 17:35:28
GSPL,2025-02-07 19:38:09
GSS,2021-02-12 19:43:45
GSS,2021-06-09 18:26:35
GSS,2021-08-13 20:03:28
GSS,2021-11-05 22:20:45
GSS,2022-02-14 15:21:01
GSS,2022-05-23 21:04:22
GSS,2023-02-14 21:47:30
GSS,2023-05-30 19:55:45
GSS,2023-08-14 20:41:29
GSS,2023-08-16 18:55:28
GSS,2023-11-13 17:50:07
GSS,2024-02-09 20:27:11
GSS,2024-05-31 00:18:36
GSS,2024-08-14 20:57:26
GSS,2024-11-14 20:00:46
GSS,2025-02-13 18:44:00
GSTL,2023-05-26 16:57:07
GSTL,2023-11-09 15:15:34
GSTL,2024-05-15 17:21:48
GSTL,2024-11-14 19:23:00
GTECJAINX,2021-02-03 20:27:22
GTECJAINX,2021-06-21 17:11:33
GTECJAINX,2021-08-12 16:37:12
GTECJAINX,2021-11-01 18:40:12
GTECJAINX,2022-01-19 14:51:06
GTECJAINX,2022-05-18 17:19:14
GTECJAINX,2023-02-06 17:03:36
GTECJAINX,2023-04-26 14:27:19
GTECJAINX,2023-04-26 18:31:03
GTECJAINX,2023-07-29 16:43:40
GTECJAINX,2023-11-06 16:39:40
GTECJAINX,2024-01-17 15:48:11
GTECJAINX,2024-05-16 21:34:45
GTECJAINX,2024-08-07 15:59:56
GTECJAINX,2024-11-13 17:05:57
GTECJAINX,2025-02-08 15:59:14
GTL,2021-02-11 14:53:37
GTL,2021-05-27 17:44:58
GTL,2021-08-11 15:14:16
GTL,2021-11-10 17:12:11
GTL,2022-02-12 15:19:49
GTL,2022-05-18 16:00:55
GTL,2023-02-08 14:23:22
GTL,2023-05-24 17:55:24
GTL,2023-08-10 15:15:11
GTL,2023-11-07 15:30:42
GTL,2024-02-07 16:31:06
GTL,2024-05-15 17:23:57
GTL,2024-08-14 16:42:38
GTL,2024-11-11 15:29:59
GTL,2025-02-04 16:52:32
GTLINFRA,2021-02-09 16:56:08
GTLINFRA,2021-06-03 16:57:37
GTLINFRA,2021-08-10 17:11:10
GTLINFRA,2021-11-11 17:10:21
GTLINFRA,2022-02-14 16:05:36
GTLINFRA,2022-05-17 17:45:01
GTLINFRA,2023-02-08 16:03:13
GTLINFRA,2023-05-11 15:48:09
GTLINFRA,2023-08-09 14:18:37
GTLINFRA,2023-11-09 16:29:47
GTLINFRA,2024-02-08 14:31:31
GTLINFRA,2024-05-14 16:10:32
GTLINFRA,2024-08-13 16:36:55
GTLINFRA,2024-11-12 16:08:10
GTLINFRA,2025-02-05 15:40:57
GTNIND,2021-02-12 14:15:57
GTNTEX,2021-02-13 16:20:28
GTNTEX,2021-06-30 19:38:06
GTNTEX,2021-08-14 18:22:27
GTNTEX,2021-11-13 14:14:38
GTPL,2021-01-13 15:17:38
GTPL,2021-04-16 14:11:18
GTPL,2021-07-19 13:52:39
GTPL,2021-10-14 13:36:05
GTPL,2022-01-13 14:19:39
GTPL,2022-04-08 20:18:58
GTPL,2023-01-12 16:00:10
GTPL,2023-04-15 21:17:09
GTPL,2023-07-14 18:16:12
GTPL,2023-10-14 13:52:08
GTPL,2024-01-11 13:42:44
GTPL,2024-04-15 18:07:24
GTPL,2024-07-11 16:03:42
GTPL,2024-10-09 17:55:05
GTPL,2025-01-09 19:57:46
GUFICBIO,2021-02-08 20:01:01
GUFICBIO,2021-06-04 20:17:37
GUFICBIO,2021-08-11 19:49:21
GUFICBIO,2021-11-03 18:30:11
GUFICBIO,2022-02-09 19:05:27
GUFICBIO,2022-05-20 19:13:53
GUFICBIO,2023-02-10 18:26:23
GUFICBIO,2023-05-29 18:43:09
GUFICBIO,2023-08-11 17:16:05
GUFICBIO,2023-11-09 17:52:17
GUFICBIO,2024-02-14 17:45:35
GUFICBIO,2024-05-29 20:49:16
GUFICBIO,2024-08-14 15:15:35
GUFICBIO,2024-11-14 19:21:58
GUFICBIO,2025-02-14 18:26:41
GUJALKALI,2021-02-09 16:50:15
GUJALKALI,2021-05-18 17:14:11
GUJALKALI,2021-08-10 17:04:32
GUJALKALI,2021-11-03 18:10:25
GUJALKALI,2022-02-08 14:06:01
GUJALKALI,2022-05-24 14:53:21
GUJALKALI,2023-02-07 15:33:32
GUJALKALI,2023-05-22 18:49:46
GUJALKALI,2023-08-08 18:14:43
GUJALKALI,2023-11-08 16:14:50
GUJALKALI,2024-02-03 17:41:52
GUJALKALI,2024-05-30 18:03:04
GUJALKALI,2024-08-08 17:47:36
GUJALKALI,2024-11-07 14:25:12
GUJALKALI,2025-02-11 18:42:54
GUJAPOLLO,2021-02-13 20:44:07
GUJAPOLLO,2021-06-26 20:00:20
GUJAPOLLO,2021-08-13 19:07:15
GUJAPOLLO,2021-11-13 19:27:37
GUJAPOLLO,2022-02-12 17:49:57
GUJAPOLLO,2022-05-30 22:54:38
GUJAPOLLO,2023-02-14 18:12:57
GUJAPOLLO,2023-05-30 20:33:35
GUJAPOLLO,2023-08-14 17:56:27
GUJAPOLLO,2023-11-09 19:26:58
GUJAPOLLO,2024-02-14 18:52:30
GUJAPOLLO,2024-05-30 20:06:22
GUJAPOLLO,2024-08-14 19:11:38
GUJAPOLLO,2024-11-14 19:33:02
GUJAPOLLO,2025-02-13 19:25:42
GUJENERGY,2021-02-05 17:17:31
GUJENERGY,2021-06-01 18:06:39
GUJENERGY,2021-08-05 17:11:51
GUJENERGY,2021-10-28 13:36:29
GUJENERGY,2022-02-08 16:48:56
GUJENERGY,2022-05-10 17:57:02
GUJENERGY,2023-02-13 13:28:49
GUJENERGY,2023-05-10 18:36:53
GUJENERGY,2023-08-02 16:13:44
GUJENERGY,2023-11-02 19:19:54
GUJENERGY,2024-02-13 18:37:55
GUJENERGY,2024-05-06 17:52:51
GUJENERGY,2024-08-06 17:33:41
GUJENERGY,2024-11-06 16:37:36
GUJENERGY,2025-02-05 18:53:37
GUJRAFFIA,2021-02-13 14:40:07
GUJRAFFIA,2021-06-29 12:35:05
GUJRAFFIA,2021-08-14 12:44:40
GUJRAFFIA,2021-10-18 14:29:28
GUJRAFFIA,2021-10-30 16:22:54
GUJRAFFIA,2022-02-03 14:43:32
GUJRAFFIA,2022-05-30 15:06:03
GUJRAFFIA,2023-02-10 15:56:04
GUJRAFFIA,2023-05-29 17:22:15
GUJRAFFIA,2023-08-14 17:29:01
GUJRAFFIA,2023-11-11 17:55:37
GUJRAFFIA,2024-02-14 17:10:38
GUJRAFFIA,2024-05-17 15:43:13
GUJRAFFIA,2024-08-14 15:12:00
GUJRAFFIA,2024-11-14 15:51:41
GUJRAFFIA,2025-02-14 16:16:57
GULFOILLUB,2021-02-05 19:55:51
GULFOILLUB,2021-05-28 18:45:07
GULFOILLUB,2021-08-12 17:15:31
GULFOILLUB,2021-11-02 20:07:16
GULFOILLUB,2022-02-09 19:33:02
GULFOILLUB,2022-05-21 18:48:25
GULFOILLUB,2023-02-02 17:51:04
GULFOILLUB,2023-05-18 18:11:42
GULFOILLUB,2023-08-03 16:17:09
GULFOILLUB,2023-10-25 18:20:12
GULFOILLUB,2024-02-05 18:18:30
GULFOILLUB,2024-05-21 20:30:54
GULFOILLUB,2024-08-06 18:15:03
GULFOILLUB,2024-11-06 17:26:17
GULFOILLUB,2025-02-06 19:21:37
GULFPETRO,2021-02-12 14:31:36
GULFPETRO,2021-06-10 14:53:28
GULFPETRO,2021-08-12 16:45:41
GULFPETRO,2021-10-29 17:29:16
GULFPETRO,2022-02-08 14:37:11
GULFPETRO,2022-05-30 15:08:16
GULFPETRO,2023-02-07 13:44:46
GULFPETRO,2023-05-30 14:40:19
GULFPETRO,2023-08-05 14:30:31
GULFPETRO,2023-11-07 13:48:19
GULFPETRO,2024-02-09 14:22:04
GULFPETRO,2024-05-28 14:49:40
GULFPETRO,2024-08-13 13:39:29
GULFPETRO,2024-11-06 12:51:26
GULFPETRO,2025-01-18 13:55:14
GULPOLY,2021-01-20 16:35:24
GULPOLY,2021-05-22 17:52:07
GULPOLY,2021-07-21 18:50:51
GULPOLY,2021-11-09 15:24:39
GULPOLY,2022-02-04 19:10:16
GULPOLY,2022-05-20 18:48:23
GULPOLY,2023-01-17 18:56:21
GULPOLY,2023-05-12 19:34:21
GULPOLY,2023-08-04 18:02:54
GULPOLY,2023-11-07 18:51:04
GULPOLY,2024-02-15 15:12:32
GULPOLY,2024-05-21 16:29:14
GULPOLY,2024-08-13 17:30:53
GULPOLY,2024-11-13 17:55:44
GULPOLY,2025-01-30 17:33:56
GVKPIL,2021-08-24 19:29:55
GVKPIL,2021-12-03 14:20:35
GVKPIL,2021-12-03 14:23:29
GVKPIL,2021-12-03 14:26:16
GVKPIL,2021-12-28 18:37:44
GVKPIL,2022-02-10 14:22:48
GVKPIL,2022-02-10 14:24:50
GVKPIL,2022-02-10 14:27:41
GVKPIL,2022-05-27 19:13:33
GVKPIL,2023-02-13 13:41:33
GVKPIL,2023-05-26 14:05:39
GVKPIL,2023-08-11 13:28:15
GVKPIL,2023-11-10 13:26:41
GVKPIL,2024-02-14 13:35:54
GVKPIL,2024-05-28 17:51:16
GVKPIL,2024-08-14 14:56:22
GVKPIL,2024-11-14 14:19:44
GVKPIL,2025-02-14 13:35:30
GVPIL,2021-02-09 12:00:34
GVPIL,2021-06-22 18:06:05
GVPIL,2021-08-11 21:20:01
GVPIL,2021-11-02 18:00:35
GVPIL,2022-02-09 20:42:41
GVPIL,2022-05-31 17:23:33
GVPIL,2023-02-14 19:04:05
GVPIL,2023-05-26 18:22:39
GVPIL,2023-08-11 18:55:43
GVPIL,2023-11-09 15:58:26
GVPIL,2024-02-12 17:34:00
GVPIL,2024-05-22 14:53:19
GVPIL,2024-08-09 18:29:12
GVPIL,2024-11-06 15:11:47
GVPIL,2025-02-12 16:29:52
GVPTECH,2023-01-09 18:08:39
GVPTECH,2023-05-18 18:39:01
GVPTECH,2023-08-08 17:01:23
GVPTECH,2023-11-08 17:07:45
GVPTECH,2024-02-14 17:39:55
GVPTECH,2024-05-28 19:04:41
GVPTECH,2024-08-13 16:55:40
GVPTECH,2024-11-04 17:43:59
GVPTECH,2025-02-05 16:52:44
GVT&D,2021-02-12 20:18:00
GVT&D,2021-06-10 19:08:00
GVT&D,2021-08-13 18:21:22
GVT&D,2021-11-10 19:27:46
GVT&D,2022-02-02 20:00:59
GVT&D,2022-05-20 22:40:42
GVT&D,2023-02-09 17:15:23
GVT&D,2023-05-23 16:12:50
GVT&D,2023-08-08 15:43:56
GVT&D,2023-11-08 17:19:25
GVT&D,2024-02-05 16:25:33
GVT&D,2024-05-21 17:55:12
GVT&D,2024-07-31 15:50:43
GVT&D,2024-11-08 17:53:54
GVT&D,2025-02-05 15:55:01
HAL,2021-02-12 14:37:34
HAL,2021-06-28 16:06:37
HAL,2021-08-13 12:56:33
HAL,2021-11-11 15:44:51
HAL,2022-02-10 14:25:42
HAL,2022-05-13 14:43:36
HAL,2023-02-09 15:00:02
HAL,2023-05-12 12:59:04
HAL,2023-08-11 15:04:42
HAL,2023-11-10 13:52:18
HAL,2024-02-12 14:11:31
HAL,2024-02-12 16:17:30
HAL,2024-05-16 14:16:21
HAL,2024-08-14 14:23:53
HAL,2024-11-14 12:55:20
HAL,2025-02-12 13:33:41
HALEOSLABS,2021-02-12 18:27:36
HALEOSLABS,2021-06-18 17:32:05
HALEOSLABS,2021-08-13 17:21:13
HALEOSLABS,2021-08-13 19:30:05
HALEOSLABS,2021-11-13 18:55:06
HALEOSLABS,2022-02-11 15:38:08
HALEOSLABS,2022-05-28 15:51:08
HALEOSLABS,2023-02-10 16:13:34
HALEOSLABS,2023-05-29 20:02:02
HALEOSLABS,2023-08-08 18:32:08
HALEOSLABS,2023-11-11 17:52:04
HALEOSLABS,2024-02-10 13:52:00
HALEOSLABS,2024-05-27 17:47:54
HALEOSLABS,2024-08-09 14:45:12
HALEOSLABS,2024-11-13 14:08:09
HALEOSLABS,2025-02-12 18:42:45
HAPPSTMNDS,2021-02-10 22:07:10
HAPPSTMNDS,2021-05-12 22:02:21
HAPPSTMNDS,2021-07-28 21:45:31
HAPPSTMNDS,2021-10-27 22:15:25
HAPPSTMNDS,2022-01-28 23:03:13
HAPPSTMNDS,2022-05-05 23:16:06
HAPPSTMNDS,2023-01-19 15:08:07
HAPPSTMNDS,2023-05-08 16:17:45
HAPPSTMNDS,2023-08-08 21:52:47
HAPPSTMNDS,2023-10-17 21:34:58
HAPPSTMNDS,2024-01-17 17:24:33
HAPPSTMNDS,2024-05-07 11:44:18
HAPPSTMNDS,2024-08-12 22:51:00
HAPPSTMNDS,2024-11-13 23:27:15
HAPPSTMNDS,2025-02-04 21:51:22
HAPPYFORGE,2024-02-09 17:54:53
HAPPYFORGE,2024-05-24 18:03:17
HAPPYFORGE,2024-08-07 16:38:56
HAPPYFORGE,2024-11-07 16:48:58
HAPPYFORGE,2025-02-07 16:19:21
HARDWYN,2022-05-30 18:06:58
HARDWYN,2023-02-14 15:13:54
HARDWYN,2023-05-29 20:16:15
HARDWYN,2023-05-30 18:19:10
HARDWYN,2023-08-12 18:43:26
HARDWYN,2023-11-10 20:26:10
HARDWYN,2024-02-15 13:45:20
HARDWYN,2024-06-01 17:50:06
HARDWYN,2024-08-14 20:00:33
HARDWYN,2024-11-14 17:32:14
HARDWYN,2025-02-14 18:39:44
HARIOMPIPE,2022-05-09 12:48:33
HARIOMPIPE,2023-02-10 17:23:39
HARIOMPIPE,2023-05-30 19:45:18
HARIOMPIPE,2023-08-10 19:22:17
HARIOMPIPE,2023-11-10 16:32:56
HARIOMPIPE,2024-02-09 17:59:09
HARIOMPIPE,2024-05-17 18:12:00
HARIOMPIPE,2024-08-09 14:41:04
HARIOMPIPE,2024-10-26 15:26:08
HARIOMPIPE,2025-02-10 15:50:38
HARITASEAT,2021-01-13 12:34:54
HARRMALAYA,2021-02-11 16:24:15
HARRMALAYA,2021-06-10 17:50:47
HARRMALAYA,2021-08-12 16:14:45
HARRMALAYA,2021-11-12 19:01:47
HARRMALAYA,2022-02-10 18:39:33
HARRMALAYA,2022-05-27 21:18:04
HARRMALAYA,2023-02-10 18:58:33
HARRMALAYA,2023-05-26 23:01:30
HARRMALAYA,2023-08-10 17:51:26
HARRMALAYA,2023-11-08 17:42:19
HARRMALAYA,2024-02-09 19:56:31
HARRMALAYA,2024-05-25 00:03:36
HARRMALAYA,2024-08-13 21:40:23
HARRMALAYA,2024-11-11 20:02:05
HARRMALAYA,2025-02-13 19:12:58
HARSHA,2023-02-14 13:48:05
HARSHA,2023-05-25 17:18:04
HARSHA,2023-08-01 13:19:56
HARSHA,2023-11-07 13:35:54
HARSHA,2024-02-08 13:04:55
HARSHA,2024-05-16 13:52:13
HARSHA,2024-08-07 13:09:34
HARSHA,2024-11-11 13:04:22
HARSHA,2025-02-13 13:10:10
HATHWAY,2021-01-15 15:58:32
HATHWAY,2021-04-28 16:23:01
HATHWAY,2021-07-21 16:09:06
HATHWAY,2021-10-20 16:06:56
HATHWAY,2022-01-17 16:12:20
HATHWAY,2022-04-12 17:53:18
HATHWAY,2023-01-17 15:45:54
HATHWAY,2023-04-17 16:12:04
HATHWAY,2023-07-17 15:48:40
HATHWAY,2023-10-17 16:16:50
HATHWAY,2024-01-16 15:59:47
HATHWAY,2024-04-17 16:10:18
HATHWAY,2024-07-17 16:09:47
HATHWAY,2024-10-11 16:16:19
HATHWAY,2025-01-14 16:08:41
HATSUN,2021-01-19 13:20:00
HATSUN,2021-04-27 17:40:58
HATSUN,2021-04-30 16:04:29
HATSUN,2021-07-14 16:54:32
HATSUN,2021-10-18 16:54:50
HATSUN,2022-01-20 13:23:46
HATSUN,2022-04-27 19:02:30
HATSUN,2023-01-19 15:32:13
HATSUN,2023-05-09 20:35:38
HATSUN,2023-07-19 17:48:52
HATSUN,2023-10-19 16:51:54
HATSUN,2024-01-19 12:58:52
HATSUN,2024-04-22 17:41:52
HATSUN,2024-07-15 17:11:48
HATSUN,2024-11-04 12:41:36
HATSUN,2025-01-16 17:07:03
HAVELLS,2021-01-20 16:40:31
HAVELLS,2021-05-20 17:12:25
HAVELLS,2021-07-21 14:37:13
HAVELLS,2021-10-20 17:18:35
HAVELLS,2022-01-20 17:35:44
HAVELLS,2022-05-04 18:10:35
HAVELLS,2023-01-19 14:24:34
HAVELLS,2023-05-03 14:02:11
HAVELLS,2023-07-20 13:17:29
HAVELLS,2023-10-19 17:05:00
HAVELLS,2024-01-23 18:54:18
HAVELLS,2024-04-30 16:10:42
HAVELLS,2024-07-18 13:59:38
HAVELLS,2024-10-17 14:45:39
HAVELLS,2025-01-16 17:40:47
HAVISHA,2021-02-08 20:31:36
HAVISHA,2021-02-09 10:39:02
HAVISHA,2021-06-28 18:55:20
HAVISHA,2021-08-13 12:10:07
HAVISHA,2021-11-12 19:37:10
HAVISHA,2022-02-14 22:32:19
HAVISHA,2022-05-30 23:26:10
HAVISHA,2023-02-11 19:12:35
HAVISHA,2023-05-27 21:01:49
HAVISHA,2023-08-12 20:18:08
HAVISHA,2023-11-14 19:35:07
HAVISHA,2024-02-13 19:24:00
HAVISHA,2024-05-29 20:51:39
HAVISHA,2024-08-13 13:11:59
HAVISHA,2024-11-12 20:14:44
HAVISHA,2025-02-13 23:00:13
HBLENGINE,2021-02-12 15:07:14
HBLENGINE,2021-06-21 14:26:37
HBLENGINE,2021-08-13 12:43:16
HBLENGINE,2021-11-12 13:28:12
HBLENGINE,2022-02-12 12:42:03
HBLENGINE,2022-05-26 17:29:49
HBLENGINE,2023-02-13 13:27:34
HBLENGINE,2023-05-25 15:34:23
HBLENGINE,2023-08-11 12:56:41
HBLENGINE,2023-11-04 16:52:02
HBLENGINE,2024-02-07 12:51:24
HBLENGINE,2024-05-27 13:32:05
HBLENGINE,2024-08-08 17:24:06
HBLENGINE,2024-11-09 17:03:17
HBLENGINE,2025-02-10 17:02:57
HBSL,2021-02-11 13:45:03
HBSL,2021-06-21 12:41:30
HBSL,2021-08-02 15:33:52
HBSL,2021-11-11 15:42:21
HBSL,2022-02-02 13:41:23
HBSL,2022-05-18 13:35:29
HBSL,2023-02-10 16:03:04
HBSL,2023-05-23 14:52:31
HBSL,2023-08-08 17:13:06
HBSL,2023-11-07 17:45:57
HBSL,2024-02-12 17:22:12
HBSL,2024-05-17 14:51:13
HBSL,2024-08-09 17:52:27
HBSL,2024-11-08 13:37:50
HBSL,2025-02-12 17:07:53
HCC,2021-02-09 16:26:34
HCC,2021-06-23 15:22:12
HCC,2021-08-12 16:17:15
HCC,2021-11-11 16:41:10
HCC,2022-02-03 17:13:10
HCC,2022-05-12 18:30:25
HCC,2023-02-02 16:57:52
HCC,2023-05-18 16:58:48
HCC,2023-08-03 17:33:26
HCC,2023-11-09 17:32:37
HCC,2024-02-08 16:42:42
HCC,2024-05-24 17:48:51
HCC,2024-08-05 17:31:58
HCC,2024-10-29 16:33:49
HCC,2025-02-13 17:12:09
HCG,2021-02-11 16:38:29
HCG,2021-06-17 18:13:10
HCG,2021-08-12 17:25:19
HCG,2021-11-11 16:57:32
HCG,2022-02-10 15:40:34
HCG,2022-05-26 19:07:46
HCG,2023-02-09 16:55:31
HCG,2023-05-25 18:09:47
HCG,2023-08-10 15:53:35
HCG,2023-11-09 17:15:58
HCG,2024-02-08 16:31:36
HCG,2024-05-29 18:55:29
HCG,2024-08-08 17:29:31
HCG,2024-11-09 18:07:38
HCG,2025-02-14 13:04:08
HCL-INSYS,2021-02-10 17:44:54
HCL-INSYS,2021-06-25 20:16:50
HCL-INSYS,2021-08-06 18:22:01
HCL-INSYS,2021-11-02 20:05:50
HCL-INSYS,2022-02-08 17:42:43
HCL-INSYS,2022-05-28 23:22:02
HCL-INSYS,2023-02-08 13:52:24
HCL-INSYS,2023-05-22 17:02:54
HCL-INSYS,2023-08-10 16:37:54
HCL-INSYS,2023-11-07 11:53:37
HCL-INSYS,2024-02-13 18:09:19
HCL-INSYS,2024-05-22 16:27:27
HCL-INSYS,2024-08-08 16:40:21
HCL-INSYS,2024-11-14 15:43:03
HCL-INSYS,2025-02-07 19:41:19
HCLTECH,2021-01-15 08:58:54
HCLTECH,2021-01-15 12:21:11
HCLTECH,2021-04-23 17:31:52
HCLTECH,2021-04-23 17:53:04
HCLTECH,2021-07-19 17:37:40
HCLTECH,2021-10-14 18:22:18
HCLTECH,2021-10-14 18:57:23
HCLTECH,2021-10-14 19:00:11
HCLTECH,2022-01-14 18:13:27
HCLTECH,2022-01-14 18:25:02
HCLTECH,2022-04-21 17:45:35
HCLTECH,2022-07-12 17:56:32
HCLTECH,2023-01-12 17:27:17
HCLTECH,2023-04-20 16:56:08
HCLTECH,2023-04-20 17:11:39
HCLTECH,2023-07-12 18:08:08
HCLTECH,2023-07-12 18:22:06
HCLTECH,2023-10-12 17:47:16
HCLTECH,2023-10-12 18:02:40
HCLTECH,2024-01-12 17:40:54
HCLTECH,2024-01-12 17:47:03
HCLTECH,2024-04-26 17:35:44
HCLTECH,2024-04-26 17:42:59
HCLTECH,2024-04-26 20:31:17
HCLTECH,2024-07-12 17:45:28
HCLTECH,2024-07-12 17:51:24
HCLTECH,2024-10-14 17:20:02
HCLTECH,2025-01-13 17:45:42
HDFC,2021-02-02 14:31:37
HDFC,2021-05-07 13:47:16
HDFC,2021-08-02 11:24:21
HDFC,2021-11-01 14:34:30
HDFC,2022-02-02 13:29:44
HDFC,2022-05-02 14:07:38
HDFC,2023-02-02 13:40:28
HDFC,2023-05-04 14:28:35
HDFCAMC,2021-01-20 16:19:50
HDFCAMC,2021-04-27 16:00:05
HDFCAMC,2021-07-16 14:28:02
HDFCAMC,2021-10-25 16:14:06
HDFCAMC,2022-01-24 15:21:01
HDFCAMC,2022-04-27 16:56:22
HDFCAMC,2023-01-24 14:49:53
HDFCAMC,2023-04-25 14:34:32
HDFCAMC,2023-07-24 14:23:33
HDFCAMC,2023-10-12 13:50:09
HDFCAMC,2024-01-11 14:23:30
HDFCAMC,2024-04-19 16:08:31
HDFCAMC,2024-07-15 14:40:29
HDFCAMC,2024-10-15 14:39:57
HDFCAMC,2025-01-14 15:04:38
HDFCBANK,2021-01-16 16:46:43
HDFCBANK,2021-04-17 14:32:57
HDFCBANK,2021-07-17 12:53:37
HDFCBANK,2021-10-16 14:50:25
HDFCBANK,2022-04-16 14:27:46
HDFCBANK,2023-01-14 13:02:51
HDFCBANK,2023-04-15 13:32:50
HDFCBANK,2023-07-17 12:45:33
HDFCBANK,2023-10-16 15:50:41
HDFCBANK,2024-01-16 15:53:02
HDFCBANK,2024-04-20 14:31:20
HDFCBANK,2024-07-20 14:15:17
HDFCBANK,2024-10-19 14:12:47
HDFCBANK,2025-01-22 14:07:25
HDFCLIFE,2021-01-22 15:41:50
HDFCLIFE,2021-04-26 17:59:11
HDFCLIFE,2021-07-19 14:14:26
HDFCLIFE,2021-10-22 13:52:01
HDFCLIFE,2022-01-21 14:12:33
HDFCLIFE,2022-04-26 22:55:23
HDFCLIFE,2023-01-20 13:48:34
HDFCLIFE,2023-04-26 15:40:51
HDFCLIFE,2023-07-21 14:07:29
HDFCLIFE,2023-10-13 14:06:50
HDFCLIFE,2024-01-12 14:29:50
HDFCLIFE,2024-04-18 14:07:30
HDFCLIFE,2024-07-15 14:08:03
HDFCLIFE,2024-10-15 14:24:11
HDFCLIFE,2025-01-15 15:55:49
HDIL,2021-04-12 20:29:00
HDIL,2021-04-12 20:30:40
HDIL,2021-04-28 17:14:26
HDIL,2022-01-31 18:43:16
HDIL,2022-01-31 18:44:36
HDIL,2022-01-31 18:46:00
HDIL,2022-01-31 18:47:31
HDIL,2022-06-03 18:16:04
HDIL,2022-06-03 18:19:53
HDIL,2022-06-03 18:22:17
HDIL,2023-02-09 17:38:15
HDIL,2023-07-31 17:09:43
HDIL,2023-09-27 16:26:06
HDIL,2023-12-12 16:18:02
HDIL,2024-02-13 15:53:18
HEADSUP,2021-02-09 18:41:33
HEADSUP,2021-08-25 20:53:09
HEADSUP,2021-08-26 18:53:43
HEADSUP,2021-10-28 18:24:49
HEADSUP,2022-02-03 18:54:15
HEADSUP,2022-05-26 19:59:33
HEADSUP,2023-02-10 15:29:31
HEADSUP,2023-05-25 20:15:35
HEADSUP,2023-08-11 18:49:06
HEADSUP,2023-11-06 17:38:47
HEADSUP,2024-01-31 12:03:33
HEADSUP,2024-05-09 18:43:31
HEADSUP,2024-08-13 19:06:34
HEADSUP,2024-11-11 17:00:54
HEADSUP,2025-02-11 15:13:25
HEALTHX,2021-02-12 18:01:29
HEALTHX,2021-06-22 16:10:59
HEALTHX,2021-08-12 14:38:44
HEALTHX,2021-11-13 17:59:32
HEALTHX,2022-02-14 18:04:50
HEALTHX,2022-05-30 14:19:34
HEALTHX,2023-02-14 15:46:27
HEALTHX,2023-07-14 17:45:10
HEALTHX,2023-08-11 16:51:33
HEALTHX,2023-11-10 16:59:53
HEALTHX,2024-01-31 16:23:46
HEALTHX,2024-05-30 20:50:16
HEALTHX,2024-07-29 18:41:15
HEALTHX,2024-11-14 18:07:19
HEALTHX,2025-02-14 18:57:18
HECPROJECT,2021-11-13 20:15:21
HECPROJECT,2022-02-14 16:25:43
HECPROJECT,2022-02-14 17:00:37
HECPROJECT,2022-05-28 11:30:44
HECPROJECT,2023-02-11 11:18:38
HECPROJECT,2023-05-27 12:55:41
HECPROJECT,2023-08-11 12:05:48
HECPROJECT,2023-11-10 13:44:46
HECPROJECT,2024-02-12 15:42:59
HECPROJECT,2024-05-29 14:17:50
HECPROJECT,2024-08-10 12:46:00
HECPROJECT,2024-11-11 12:14:06
HECPROJECT,2025-02-08 16:12:13
HEG,2021-02-09 16:56:55
HEG,2021-05-27 19:33:37
HEG,2021-08-11 17:56:20
HEG,2021-11-09 17:30:08
HEG,2022-02-09 18:19:41
HEG,2022-05-25 20:49:20
HEG,2023-02-14 18:42:22
HEG,2023-05-22 17:16:35
HEG,2023-08-11 17:19:41
HEG,2023-11-08 18:50:12
HEG,2024-02-12 17:25:04
HEG,2024-05-22 17:14:19
HEG,2024-08-13 18:05:05
HEG,2024-11-13 19:07:08
HEG,2025-02-11 18:17:17
HEIDELBERG,2021-02-09 14:43:52
HEIDELBERG,2021-05-28 17:50:17
HEIDELBERG,2021-07-22 14:55:05
HEIDELBERG,2021-10-19 14:06:37
HEIDELBERG,2022-02-08 14:47:29
HEIDELBERG,2022-05-20 14:55:15
HEIDELBERG,2023-02-13 14:39:32
HEIDELBERG,2023-05-29 16:31:47
HEIDELBERG,2023-07-18 12:57:16
HEIDELBERG,2023-11-06 12:52:06
HEIDELBERG,2024-01-31 14:19:16
HEIDELBERG,2024-05-29 14:31:49
HEIDELBERG,2024-07-31 13:55:37
HEIDELBERG,2024-10-28 14:31:05
HEIDELBERG,2025-01-30 14:05:41
HEMIPROP,2021-02-01 18:19:50
HEMIPROP,2021-02-09 15:50:50
HEMIPROP,2021-06-14 19:07:25
HEMIPROP,2021-07-27 12:33:47
HEMIPROP,2021-08-13 10:54:44
HEMIPROP,2021-11-12 16:06:59
HEMIPROP,2022-02-11 14:54:26
HEMIPROP,2022-05-27 15:46:57
HEMIPROP,2023-02-10 14:29:09
HEMIPROP,2023-05-30 18:07:05
HEMIPROP,2023-08-11 15:39:46
HEMIPROP,2023-11-09 17:31:56
HEMIPROP,2024-02-07 15:58:55
HEMIPROP,2024-05-28 19:22:15
HEMIPROP,2024-08-13 17:37:31
HEMIPROP,2024-11-11 16:12:23
HEMIPROP,2025-02-12 17:36:04
HERANBA,2021-06-12 13:21:42
HERANBA,2021-08-10 18:32:42
HERANBA,2021-11-11 18:36:33
HERANBA,2022-01-12 18:13:32
HERANBA,2022-01-29 14:16:02
HERANBA,2022-05-14 13:20:49
HERANBA,2023-01-28 15:34:41
HERANBA,2023-05-30 14:39:19
HERANBA,2023-08-14 16:34:00
HERANBA,2023-11-02 13:06:17
HERANBA,2024-02-09 14:08:05
HERANBA,2024-05-27 17:28:34
HERANBA,2024-08-12 13:56:20
HERANBA,2024-11-13 14:09:32
HERANBA,2025-02-14 12:37:16
HERCULES,2021-02-09 17:02:35
HERCULES,2021-05-25 17:30:18
HERCULES,2021-06-02 12:24:07
HERCULES,2021-08-10 11:18:46
HERCULES,2021-11-09 16:54:45
HERCULES,2022-02-09 17:13:13
HERCULES,2022-05-26 18:06:48
HERCULES,2023-02-09 14:33:13
HERCULES,2023-05-26 18:38:58
HERCULES,2023-08-11 16:31:23
HERCULES,2023-11-04 17:27:26
HERCULES,2024-02-09 13:56:42
HERCULES,2024-05-27 18:32:00
HERCULES,2024-08-12 16:57:57
HERCULES,2024-11-11 17:39:31
HERCULES,2025-02-10 12:21:02
HERITGFOOD,2021-01-29 13:28:52
HERITGFOOD,2021-05-19 13:21:58
HERITGFOOD,2021-07-28 12:48:13
HERITGFOOD,2021-10-21 13:59:04
HERITGFOOD,2022-01-21 13:22:18
HERITGFOOD,2022-05-27 14:58:26
HERITGFOOD,2023-01-21 12:40:21
HERITGFOOD,2023-05-25 14:53:31
HERITGFOOD,2023-07-31 13:48:13
HERITGFOOD,2023-10-18 13:19:11
HERITGFOOD,2024-01-29 15:50:35
HERITGFOOD,2024-05-29 15:38:10
HERITGFOOD,2024-07-23 14:23:44
HERITGFOOD,2024-10-23 14:45:30
HERITGFOOD,2025-01-22 15:04:21
HEROMOTOCO,2021-02-04 22:21:07
HEROMOTOCO,2021-05-06 20:41:00
HEROMOTOCO,2021-08-12 18:34:47
HEROMOTOCO,2021-11-12 20:56:10
HEROMOTOCO,2022-02-10 21:54:40
HEROMOTOCO,2022-05-03 21:28:12
HEROMOTOCO,2023-02-07 17:45:38
HEROMOTOCO,2023-05-04 16:49:03
HEROMOTOCO,2023-08-10 18:27:11
HEROMOTOCO,2023-11-01 16:58:08
HEROMOTOCO,2024-02-09 18:01:30
HEROMOTOCO,2024-05-08 15:05:08
HEROMOTOCO,2024-08-13 18:47:27
HEROMOTOCO,2024-11-14 19:13:38
HEROMOTOCO,2025-02-06 18:48:10
HESTERBIO,2021-01-30 11:24:04
HESTERBIO,2021-06-08 12:09:36
HESTERBIO,2021-08-12 11:22:17
HESTERBIO,2021-10-28 11:51:10
HESTERBIO,2022-01-31 12:04:08
HESTERBIO,2022-05-20 12:54:40
HESTERBIO,2023-01-31 12:40:47
HESTERBIO,2023-05-17 13:14:11
HESTERBIO,2023-08-08 12:20:03
HESTERBIO,2023-11-07 12:25:45
HESTERBIO,2024-02-02 12:20:06
HESTERBIO,2024-05-10 12:32:28
HESTERBIO,2024-08-02 11:20:05
HESTERBIO,2024-10-28 12:25:46
HESTERBIO,2025-01-30 12:09:50
HEXATRADEX,2021-02-05 14:23:52
HEXATRADEX,2021-06-25 14:15:31
HEXATRADEX,2021-08-10 14:20:46
HEXATRADEX,2021-11-12 14:39:31
HEXATRADEX,2022-01-17 13:26:28
HEXATRADEX,2022-01-17 13:32:37
HEXATRADEX,2022-05-26 17:30:54
HEXATRADEX,2023-02-09 15:53:16
HEXATRADEX,2023-05-26 00:26:37
HEXATRADEX,2023-08-09 17:56:47
HEXATRADEX,2023-11-08 17:23:12
HEXATRADEX,2024-02-08 17:08:05
HEXATRADEX,2024-05-23 18:16:48
HEXATRADEX,2024-07-10 18:12:47
HEXATRADEX,2024-11-12 18:26:18
HEXATRADEX,2025-01-31 15:52:09
HEXT,2025-03-07 01:51:32
HFCL,2021-01-14 17:55:22
HFCL,2021-05-10 19:33:49
HFCL,2021-07-12 15:06:42
HFCL,2021-10-11 17:38:08
HFCL,2022-01-17 18:06:33
HFCL,2022-04-29 16:43:16
HFCL,2023-01-23 18:37:41
HFCL,2023-05-08 19:11:02
HFCL,2023-07-26 19:30:39
HFCL,2023-10-19 16:33:21
HFCL,2024-02-01 17:51:32
HFCL,2024-05-03 14:48:33
HFCL,2024-07-24 17:53:58
HFCL,2024-10-21 16:56:01
HFCL,2025-02-03 17:32:38
HGINFRA,2021-01-27 12:49:23
HGINFRA,2021-05-12 15:47:38
HGINFRA,2021-08-04 14:42:51
HGINFRA,2021-11-08 15:58:45
HGINFRA,2022-02-03 16:11:29
HGINFRA,2022-05-23 17:49:16
HGINFRA,2023-02-08 17:35:08
HGINFRA,2023-05-10 18:48:00
HGINFRA,2023-07-31 18:23:06
HGINFRA,2023-11-06 17:24:18
HGINFRA,2024-02-02 16:16:52
HGINFRA,2024-05-08 19:48:33
HGINFRA,2024-08-05 15:02:00
HGINFRA,2024-11-11 16:12:26
HGINFRA,2025-02-05 18:37:14
HGM,2021-02-12 11:29:13
HGM,2021-06-29 10:44:10
HGM,2021-08-13 10:10:44
HGM,2021-11-13 10:21:10
HGM,2022-02-12 10:14:31
HGM,2022-05-27 10:27:11
HGM,2023-02-13 10:58:22
HGM,2023-05-27 12:49:45
HGM,2023-08-14 10:57:34
HGM,2023-11-08 09:34:55
HGM,2024-02-03 09:56:05
HGM,2024-05-28 10:19:17
HGM,2024-08-10 09:18:21
HGM,2024-11-14 09:41:05
HGM,2025-02-10 10:15:04
HGS,2021-02-08 18:03:21
HGS,2021-06-18 17:13:58
HGS,2021-08-09 23:27:36
HGS,2021-11-12 17:43:53
HGS,2022-02-12 22:09:13
HGS,2022-05-29 15:48:58
HGS,2023-02-13 18:39:48
HGS,2023-05-26 23:33:51
HGS,2023-08-09 22:11:48
HGS,2023-11-09 19:38:50
HGS,2024-02-14 17:46:25
HGS,2024-05-30 21:49:38
HGS,2024-08-14 16:02:06
HGS,2024-11-14 18:30:25
HGS,2025-02-14 15:46:02
HIGREEN,2023-11-04 16:14:28
HIGREEN,2024-05-18 18:18:21
HIGREEN,2024-11-13 18:56:03
HIKAL,2021-02-04 14:25:41
HIKAL,2021-05-06 14:32:30
HIKAL,2021-08-05 13:30:20
HIKAL,2021-10-26 13:51:31
HIKAL,2022-02-14 13:49:09
HIKAL,2022-05-28 19:24:42
HIKAL,2023-02-02 14:59:36
HIKAL,2023-05-29 16:12:04
HIKAL,2023-08-08 15:10:46
HIKAL,2023-11-02 14:53:41
HIKAL,2024-02-08 20:10:46
HIKAL,2024-05-09 15:25:50
HIKAL,2024-08-01 14:36:53
HIKAL,2024-11-12 14:28:25
HIKAL,2025-02-04 14:57:55
HILTON,2021-01-28 22:27:38
HILTON,2021-06-28 14:49:33
HILTON,2021-08-12 15:56:34
HILTON,2021-11-09 19:23:58
HILTON,2021-11-10 12:51:15
HILTON,2022-01-21 22:21:19
HILTON,2022-05-18 19:47:01
HILTON,2023-02-07 19:01:25
HILTON,2023-05-02 17:23:54
HILTON,2023-08-08 13:18:08
HILTON,2023-11-11 19:16:10
HILTON,2024-02-09 19:17:15
HILTON,2024-05-30 20:26:32
HILTON,2024-08-12 20:24:05
HILTON,2024-11-14 19:58:34
HILTON,2025-02-14 19:48:10
HIMATSEIDE,2021-02-05 15:47:14
HIMATSEIDE,2021-05-29 20:05:35
HIMATSEIDE,2021-05-31 12:21:31
HIMATSEIDE,2021-08-13 15:00:58
HIMATSEIDE,2021-11-12 18:46:49
HIMATSEIDE,2022-02-12 13:30:15
HIMATSEIDE,2022-05-31 12:01:01
HIMATSEIDE,2023-02-11 14:02:31
HIMATSEIDE,2023-05-30 17:40:24
HIMATSEIDE,2023-08-10 20:50:52
HIMATSEIDE,2023-11-07 15:23:45
HIMATSEIDE,2024-02-02 13:28:55
HIMATSEIDE,2024-05-23 19:03:04
HIMATSEIDE,2024-08-03 15:32:05
HIMATSEIDE,2024-11-14 14:35:15
HIMATSEIDE,2025-02-12 16:21:03
HINDALCO,2021-02-10 13:50:59
HINDALCO,2021-05-21 14:44:10
HINDALCO,2021-08-06 14:19:45
HINDALCO,2021-11-12 14:35:56
HINDALCO,2022-02-10 14:21:08
HINDALCO,2022-05-27 11:23:04
HINDALCO,2023-02-10 11:21:35
HINDALCO,2023-05-24 14:07:02
HINDALCO,2023-08-08 13:27:16
HINDALCO,2023-11-10 13:57:59
HINDALCO,2024-02-13 13:48:51
HINDALCO,2024-05-24 17:41:19
HINDALCO,2024-08-13 14:05:49
HINDALCO,2024-11-11 18:54:08
HINDALCO,2025-02-13 18:46:44
HINDCOMPOS,2021-02-09 17:51:29
HINDCOMPOS,2021-05-26 18:21:51
HINDCOMPOS,2021-08-06 17:45:15
HINDCOMPOS,2021-11-11 17:28:33
HINDCOMPOS,2022-02-09 17:20:02
HINDCOMPOS,2022-05-26 17:07:00
HINDCOMPOS,2023-02-13 16:48:09
HINDCOMPOS,2023-05-26 17:50:14
HINDCOMPOS,2023-08-11 17:51:04
HINDCOMPOS,2023-11-08 17:28:27
HINDCOMPOS,2024-02-13 17:03:27
HINDCOMPOS,2024-05-29 18:24:43
HINDCOMPOS,2024-08-14 18:47:48
HINDCOMPOS,2024-11-13 17:54:14
HINDCOMPOS,2025-02-10 19:16:27
HINDCON,2021-06-26 17:20:46
HINDCON,2021-08-14 16:34:42
HINDCON,2021-11-08 20:06:27
HINDCON,2022-02-12 16:33:39
HINDCON,2022-05-28 16:43:24
HINDCON,2023-02-09 17:42:43
HINDCON,2023-05-26 16:13:45
HINDCON,2023-08-12 17:17:14
HINDCON,2023-11-06 16:16:52
HINDCON,2024-01-29 16:34:18
HINDCON,2024-05-16 16:30:29
HINDCON,2024-08-08 16:38:39
HINDCON,2024-11-12 15:34:12
HINDCON,2025-01-29 17:31:09
HINDCOPPER,2021-02-03 18:03:08
HINDCOPPER,2021-06-25 19:21:44
HINDCOPPER,2021-08-07 14:53:58
HINDCOPPER,2021-11-09 18:12:14
HINDCOPPER,2022-02-12 19:21:57
HINDCOPPER,2022-05-28 18:47:47
HINDCOPPER,2023-02-01 15:59:13
HINDCOPPER,2023-05-19 19:55:08
HINDCOPPER,2023-08-14 17:47:00
HINDCOPPER,2023-11-10 18:02:01
HINDCOPPER,2024-02-13 17:00:22
HINDCOPPER,2024-05-24 18:07:40
HINDCOPPER,2024-08-12 16:20:51
HINDCOPPER,2024-11-11 17:14:12
HINDCOPPER,2025-02-08 18:54:24
HINDMOTORS,2021-02-05 16:09:26
HINDMOTORS,2021-06-30 15:38:23
HINDMOTORS,2021-08-11 16:08:03
HINDMOTORS,2021-11-10 17:41:43
HINDMOTORS,2022-02-10 17:25:08
HINDMOTORS,2022-05-10 18:49:27
HINDMOTORS,2023-02-09 11:49:09
HINDMOTORS,2023-05-08 18:11:13
HINDMOTORS,2023-08-02 15:09:24
HINDMOTORS,2023-11-08 14:37:53
HINDMOTORS,2024-02-09 17:06:07
HINDMOTORS,2024-05-22 13:41:45
HINDMOTORS,2024-08-07 16:50:25
HINDMOTORS,2024-11-13 17:06:12
HINDMOTORS,2025-01-29 17:04:35
HINDNATGLS,2021-02-12 17:25:42
HINDNATGLS,2021-06-21 17:09:56
HINDNATGLS,2021-08-09 15:42:28
HINDNATGLS,2021-11-09 14:49:47
HINDNATGLS,2022-02-14 14:47:15
HINDNATGLS,2022-02-14 14:53:10
HINDNATGLS,2022-05-24 17:24:40
HINDNATGLS,2023-02-09 17:00:31
HINDNATGLS,2023-05-23 18:26:46
HINDNATGLS,2023-08-09 12:03:40
HINDNATGLS,2023-11-07 17:06:50
HINDNATGLS,2024-02-08 13:05:46
HINDNATGLS,2024-05-28 18:25:30
HINDNATGLS,2024-08-14 17:27:50
HINDNATGLS,2024-11-11 17:13:23
HINDNATGLS,2025-02-11 17:44:50
HINDOILEXP,2021-02-08 14:45:04
HINDOILEXP,2021-06-29 19:26:28
HINDOILEXP,2021-08-14 14:50:57
HINDOILEXP,2021-11-11 13:04:54
HINDOILEXP,2022-02-14 14:29:55
HINDOILEXP,2022-05-30 15:36:47
HINDOILEXP,2023-02-13 15:21:33
HINDOILEXP,2023-05-25 16:54:22
HINDOILEXP,2023-08-14 16:04:38
HINDOILEXP,2023-11-10 15:32:08
HINDOILEXP,2024-02-13 16:31:29
HINDOILEXP,2024-05-29 17:45:34
HINDOILEXP,2024-08-12 15:52:27
HINDOILEXP,2024-11-14 16:50:29
HINDOILEXP,2025-02-04 20:12:39
HINDPETRO,2021-02-04 13:02:38
HINDPETRO,2021-05-20 17:38:46
HINDPETRO,2021-08-04 17:27:02
HINDPETRO,2021-11-02 13:19:40
HINDPETRO,2022-01-31 17:48:09
HINDPETRO,2022-05-19 17:22:55
HINDPETRO,2023-02-09 17:35:16
HINDPETRO,2023-05-12 18:36:50
HINDPETRO,2023-08-02 18:18:30
HINDPETRO,2023-11-06 19:28:13
HINDPETRO,2024-01-25 13:24:45
HINDPETRO,2024-05-09 14:24:00
HINDPETRO,2024-07-29 16:50:37
HINDPETRO,2024-10-25 13:39:17
HINDPETRO,2025-01-23 17:23:25
HINDUNILVR,2021-01-27 16:55:01
HINDUNILVR,2021-04-29 13:32:10
HINDUNILVR,2021-07-22 13:23:15
HINDUNILVR,2021-10-19 14:01:14
HINDUNILVR,2022-01-20 16:29:14
HINDUNILVR,2022-04-28 10:42:05
HINDUNILVR,2023-01-19 16:16:57
HINDUNILVR,2023-04-27 12:53:01
HINDUNILVR,2023-07-20 15:57:22
HINDUNILVR,2023-10-19 15:35:53
HINDUNILVR,2024-01-19 19:29:46
HINDUNILVR,2024-04-24 16:15:34
HINDUNILVR,2024-07-23 15:52:09
HINDUNILVR,2024-10-23 17:08:20
HINDUNILVR,2025-01-22 16:09:12
HINDWAREAP,2021-02-11 18:39:53
HINDWAREAP,2021-02-23 14:31:42
HINDWAREAP,2021-05-26 15:52:57
HINDWAREAP,2021-08-12 15:24:50
HINDWAREAP,2021-11-09 18:00:01
HINDWAREAP,2022-02-10 15:04:42
HINDWAREAP,2022-05-26 15:55:53
HINDWAREAP,2023-02-13 16:14:00
HINDWAREAP,2023-05-24 17:03:59
HINDWAREAP,2023-08-10 17:02:00
HINDWAREAP,2023-11-08 15:54:47
HINDWAREAP,2024-02-12 16:41:40
HINDWAREAP,2024-05-28 18:50:37
HINDWAREAP,2024-08-09 17:06:26
HINDWAREAP,2024-11-12 17:48:03
HINDWAREAP,2025-02-14 16:56:32
HINDZINC,2021-01-20 14:07:31
HINDZINC,2021-04-27 14:47:00
HINDZINC,2021-07-22 14:33:01
HINDZINC,2021-10-22 14:59:49
HINDZINC,2022-01-21 14:27:30
HINDZINC,2022-04-22 15:13:11
HINDZINC,2023-01-19 17:54:16
HINDZINC,2023-04-21 15:05:20
HINDZINC,2023-07-21 13:44:55
HINDZINC,2023-10-20 14:17:38
HINDZINC,2024-01-19 13:40:40
HINDZINC,2024-04-19 14:08:35
HINDZINC,2024-08-02 14:42:31
HINDZINC,2024-10-18 14:25:59
HINDZINC,2025-01-28 14:01:44
HIRECT,2021-02-10 14:09:51
HIRECT,2021-06-10 18:04:53
HIRECT,2021-08-12 13:32:30
HIRECT,2021-11-01 14:37:55
HIRECT,2022-02-12 13:22:02
HIRECT,2022-05-26 16:24:39
HIRECT,2023-02-03 09:57:21
HIRECT,2023-05-26 14:10:18
HIRECT,2023-08-08 14:17:35
HIRECT,2023-11-04 12:19:18
HIRECT,2024-02-08 20:03:01
HIRECT,2024-05-28 14:20:21
HIRECT,2024-08-01 11:53:28
HIRECT,2024-10-30 13:21:05
HIRECT,2025-01-31 13:13:11
HISARMETAL,2021-02-10 13:24:40
HISARMETAL,2021-06-25 12:57:03
HISARMETAL,2021-08-12 13:24:47
HISARMETAL,2021-11-12 13:11:35
HISARMETAL,2022-02-12 13:19:18
HISARMETAL,2022-05-28 15:41:31
HISARMETAL,2023-02-10 13:00:45
HISARMETAL,2023-05-27 13:03:06
HISARMETAL,2023-08-12 13:14:55
HISARMETAL,2023-11-08 13:00:19
HISARMETAL,2024-02-10 12:56:05
HISARMETAL,2024-05-30 12:45:26
HISARMETAL,2024-08-10 13:03:31
HISARMETAL,2024-11-07 12:28:24
HISARMETAL,2025-02-10 11:43:43
HITECH,2021-02-06 13:42:10
HITECH,2021-06-07 13:29:02
HITECH,2021-07-29 12:08:44
HITECH,2021-10-30 13:33:34
HITECH,2022-01-20 13:12:27
HITECH,2022-05-14 13:59:55
HITECH,2023-01-28 14:10:41
HITECH,2023-05-27 14:36:29
HITECH,2023-08-11 14:09:55
HITECH,2023-10-28 12:35:35
HITECH,2024-01-12 15:13:40
HITECH,2024-05-11 13:22:44
HITECH,2024-08-12 12:48:29
HITECH,2024-11-06 12:32:24
HITECH,2025-02-12 12:01:32
HITECHCORP,2021-02-10 18:24:42
HITECHCORP,2021-05-21 18:32:50
HITECHCORP,2021-05-21 18:38:41
HITECHCORP,2021-08-10 15:24:20
HITECHCORP,2021-11-10 16:31:40
HITECHCORP,2022-02-10 17:40:03
HITECHCORP,2022-05-14 16:34:18
HITECHCORP,2023-02-11 14:27:29
HITECHCORP,2023-05-17 15:47:11
HITECHCORP,2023-08-09 15:03:24
HITECHCORP,2023-11-07 17:09:54
HITECHCORP,2024-02-07 17:10:27
HITECHCORP,2024-05-16 18:19:53
HITECHCORP,2024-08-08 17:13:54
HITECHCORP,2024-11-13 18:53:02
HITECHCORP,2025-02-10 19:10:38
HITECHGEAR,2021-02-09 14:28:41
HITECHGEAR,2021-06-29 20:08:39
HITECHGEAR,2021-08-09 19:58:02
HITECHGEAR,2021-11-02 15:53:58
HITECHGEAR,2022-02-09 13:53:40
HITECHGEAR,2022-05-31 16:13:22
HITECHGEAR,2023-02-08 15:29:21
HITECHGEAR,2023-05-27 20:00:20
HITECHGEAR,2023-08-14 15:15:45
HITECHGEAR,2023-11-07 19:10:48
HITECHGEAR,2024-02-13 14:44:08
HITECHGEAR,2024-05-29 17:26:32
HITECHGEAR,2024-08-06 20:26:03
HITECHGEAR,2024-11-08 19:04:32
HITECHGEAR,2025-02-13 18:06:50
HLEGLAS,2023-02-11 15:52:19
HLEGLAS,2023-05-29 18:12:27
HLEGLAS,2023-08-07 18:02:02
HLEGLAS,2023-11-06 15:57:48
HLEGLAS,2024-02-13 16:16:33
HLEGLAS,2024-05-27 19:44:31
HLEGLAS,2024-08-05 16:01:04
HLEGLAS,2024-11-11 17:16:21
HLEGLAS,2025-02-10 17:44:20
HLVLTD,2021-02-12 14:19:26
HLVLTD,2021-06-19 14:48:26
HLVLTD,2021-08-13 13:50:41
HLVLTD,2021-11-12 13:26:58
HLVLTD,2022-02-11 14:27:08
HLVLTD,2022-05-27 15:34:54
HLVLTD,2023-02-06 13:46:10
HLVLTD,2023-05-29 17:47:35
HLVLTD,2023-08-10 13:36:53
HLVLTD,2023-11-10 13:31:12
HLVLTD,2024-02-12 14:35:54
HLVLTD,2024-05-24 14:01:35
HLVLTD,2024-08-09 13:31:31
HLVLTD,2024-11-12 13:44:26
HLVLTD,2025-02-11 14:18:36
HMAAGRO,2023-07-31 18:34:44
HMAAGRO,2023-08-14 18:24:59
HMAAGRO,2023-11-08 15:53:25
HMAAGRO,2024-02-08 14:01:11
HMAAGRO,2024-05-30 16:32:34
HMAAGRO,2024-05-30 17:13:17
HMAAGRO,2024-08-14 15:49:09
HMAAGRO,2024-11-11 16:24:42
HMAAGRO,2025-02-07 16:12:24
HMT,2021-02-10 13:02:42
HMT,2021-07-12 17:13:25
HMT,2021-08-05 19:26:44
HMT,2021-08-12 13:26:09
HMT,2021-11-10 14:43:59
HMT,2022-02-11 13:36:45
HMT,2022-06-22 16:53:52
HMT,2023-02-09 16:33:07
HMT,2023-07-20 17:40:58
HMT,2023-08-14 17:24:28
HMT,2023-11-10 18:17:56
HMT,2024-02-07 17:11:07
HMT,2024-08-09 18:51:28
HMT,2024-08-14 16:44:24
HMT,2024-11-14 16:36:18
HMT,2025-02-14 12:25:24
HMVL,2021-01-18 19:43:24
HMVL,2021-06-17 19:45:38
HMVL,2021-08-03 18:05:04
HMVL,2021-10-28 18:49:40
HMVL,2022-01-27 18:14:39
HMVL,2022-05-26 19:22:43
HMVL,2023-02-13 13:04:39
HMVL,2023-05-16 18:18:53
HMVL,2023-07-27 13:18:46
HMVL,2023-11-02 13:52:51
HMVL,2024-01-17 13:10:37
HMVL,2024-05-07 13:21:41
HMVL,2024-07-25 12:59:04
HMVL,2024-10-28 13:14:20
HMVL,2025-02-03 13:04:08
HNDFDS,2023-08-11 15:43:34
HNDFDS,2023-11-08 16:04:33
HNDFDS,2024-02-08 14:53:15
HNDFDS,2024-05-21 16:41:09
HNDFDS,2024-08-13 16:50:35
HNDFDS,2024-11-12 17:16:50
HNDFDS,2025-02-07 17:09:41
HOACFOODS,2024-06-06 20:57:19
HOACFOODS,2024-11-11 21:14:05
HOLMARC,2023-11-13 14:39:34
HOLMARC,2024-05-28 17:48:17
HOLMARC,2024-11-13 15:50:34
HOMEFIRST,2021-02-12 17:24:29
HOMEFIRST,2021-05-03 17:01:30
HOMEFIRST,2021-07-29 17:55:48
HOMEFIRST,2021-10-25 17:20:37
HOMEFIRST,2022-01-27 17:19:03
HOMEFIRST,2022-05-03 17:27:55
HOMEFIRST,2023-01-24 17:02:44
HOMEFIRST,2023-05-02 17:08:08
HOMEFIRST,2023-07-27 16:28:32
HOMEFIRST,2023-10-26 17:33:16
HOMEFIRST,2024-01-18 16:38:21
HOMEFIRST,2024-05-08 17:19:26
HOMEFIRST,2024-07-25 16:12:31
HOMEFIRST,2024-10-24 16:35:09
HOMEFIRST,2025-01-28 19:22:08
HOMESFY,2023-05-27 17:26:51
HOMESFY,2023-05-27 17:52:58
HOMESFY,2023-11-04 20:30:38
HOMESFY,2024-05-18 15:50:07
HOMESFY,2024-05-24 12:35:54
HOMESFY,2024-11-09 12:16:12
HONASA,2023-11-22 15:51:28
HONASA,2024-02-09 15:53:02
HONASA,2024-05-23 16:38:51
HONASA,2024-08-09 15:42:31
HONASA,2024-11-14 15:55:01
HONASA,2025-02-12 15:59:08
HONAUT,2021-02-04 21:27:53
HONAUT,2021-05-31 19:41:02
HONAUT,2021-08-05 18:59:47
HONAUT,2021-11-13 19:39:54
HONAUT,2022-02-11 17:51:25
HONAUT,2022-05-12 16:58:14
HONAUT,2023-02-08 17:09:53
HONAUT,2023-05-17 18:50:15
HONAUT,2023-08-10 16:09:09
HONAUT,2023-11-06 18:51:08
HONAUT,2024-02-08 17:32:29
HONAUT,2024-05-15 17:07:33
HONAUT,2024-08-05 15:17:06
HONAUT,2024-10-29 17:38:44
HONAUT,2025-02-07 16:24:41
HONDAPOWER,2021-02-11 17:09:31
HONDAPOWER,2021-05-27 17:44:07
HONDAPOWER,2021-08-10 16:38:05
HONDAPOWER,2021-11-13 13:20:38
HONDAPOWER,2022-02-10 16:28:32
HONDAPOWER,2022-05-29 13:48:12
HONDAPOWER,2023-02-06 17:24:58
HONDAPOWER,2023-05-12 20:34:03
HONDAPOWER,2023-08-10 10:27:17
HONDAPOWER,2023-11-10 15:58:48
HONDAPOWER,2024-02-12 19:13:51
HONDAPOWER,2024-05-20 19:22:22
HONDAPOWER,2024-08-06 18:18:31
HONDAPOWER,2024-11-14 17:18:08
HONDAPOWER,2025-02-10 17:42:04
HPAL,2022-02-10 15:43:07
HPAL,2022-05-12 20:13:46
HPAL,2023-02-11 16:04:38
HPAL,2023-05-12 15:54:10
HPAL,2023-08-10 14:51:31
HPAL,2023-11-09 17:48:21
HPAL,2024-02-07 20:01:55
HPAL,2024-05-14 19:11:33
HPAL,2024-08-12 18:07:30
HPAL,2024-11-13 18:16:57
HPAL,2025-02-12 17:57:24
HPIL,2021-06-28 13:52:23
HPIL,2021-11-13 12:54:47
HPIL,2022-05-27 16:47:40
HPIL,2023-02-14 19:07:07
HPIL,2023-05-29 19:50:11
HPIL,2023-08-14 13:46:34
HPIL,2023-11-08 19:33:50
HPIL,2024-02-09 15:15:09
HPIL,2024-05-28 18:03:03
HPIL,2024-08-14 13:18:32
HPIL,2024-11-13 16:17:24
HPIL,2025-02-13 11:50:53
HPL,2021-01-12 17:24:25
HPL,2021-06-28 17:32:40
HPL,2021-08-12 16:40:35
HPL,2021-11-10 16:45:12
HPL,2022-02-11 16:17:28
HPL,2022-05-26 16:55:43
HPL,2023-02-14 17:01:00
HPL,2023-05-29 17:37:27
HPL,2023-08-09 17:47:51
HPL,2023-11-08 15:21:55
HPL,2024-02-14 16:25:29
HPL,2024-05-15 14:36:01
HPL,2024-08-01 16:36:56
HPL,2024-11-12 14:26:36
HPL,2025-02-12 17:16:06
HRHNEXT,2024-05-30 17:25:38
HRHNEXT,2024-11-14 17:18:55
HSCL,2021-02-09 19:49:34
HSCL,2021-06-30 20:56:30
HSCL,2021-08-13 19:32:24
HSCL,2021-11-12 21:42:33
HSCL,2022-02-11 19:13:56
HSCL,2023-02-10 18:34:00
HSCL,2023-04-28 19:18:52
HSCL,2023-07-18 19:34:05
HSCL,2023-10-17 19:00:40
HSCL,2024-01-16 12:22:57
HSCL,2024-04-25 15:55:51
HSCL,2024-07-16 14:18:46
HSCL,2024-10-16 14:02:59
HSCL,2025-01-13 18:05:32
HTMEDIA,2021-01-19 12:53:44
HTMEDIA,2021-06-18 12:48:26
HTMEDIA,2021-08-04 12:27:23
HTMEDIA,2021-10-29 12:45:19
HTMEDIA,2022-01-28 12:34:58
HTMEDIA,2022-05-27 19:39:06
HTMEDIA,2023-05-18 19:36:11
HTMEDIA,2023-07-28 14:09:02
HTMEDIA,2023-11-08 13:42:39
HTMEDIA,2024-01-19 13:33:34
HTMEDIA,2024-05-08 13:55:23
HTMEDIA,2024-07-26 13:20:05
HTMEDIA,2024-10-29 13:29:27
HTMEDIA,2025-02-04 13:17:21
HUBTOWN,2021-02-12 15:38:08
HUBTOWN,2021-06-30 00:01:01
HUBTOWN,2021-08-14 17:42:39
HUBTOWN,2021-11-13 22:10:47
HUBTOWN,2022-02-14 18:20:17
HUBTOWN,2022-05-31 12:50:39
HUBTOWN,2023-02-14 16:46:59
HUBTOWN,2023-05-29 21:01:36
HUBTOWN,2023-08-14 18:14:10
HUBTOWN,2023-11-07 15:52:19
HUBTOWN,2024-02-09 14:22:08
HUBTOWN,2024-05-25 00:18:57
HUBTOWN,2024-08-13 19:52:23
HUBTOWN,2024-11-15 00:14:31
HUBTOWN,2025-02-14 22:05:18
HUDCO,2021-02-11 15:02:35
HUDCO,2021-06-29 19:48:59
HUDCO,2021-08-12 16:12:46
HUDCO,2021-11-11 16:39:33
HUDCO,2022-02-11 13:12:14
HUDCO,2022-05-27 17:25:38
HUDCO,2023-02-13 16:31:47
HUDCO,2023-05-26 16:16:47
HUDCO,2023-08-04 14:44:00
HUDCO,2023-11-10 14:52:02
HUDCO,2024-02-09 15:09:24
HUDCO,2024-05-24 14:57:32
HUDCO,2024-08-12 18:49:26
HUDCO,2024-08-12 18:50:06
HUDCO,2024-10-29 14:59:48
HUDCO,2025-01-22 14:51:46
HUHTAMAKI,2021-02-24 20:17:14
HUHTAMAKI,2021-05-11 20:11:41
HUHTAMAKI,2021-08-10 21:36:59
HUHTAMAKI,2021-10-22 15:49:09
HUHTAMAKI,2022-02-28 19:32:11
HUHTAMAKI,2022-04-28 19:39:06
HUHTAMAKI,2023-02-06 20:32:06
HUHTAMAKI,2023-04-25 21:17:19
HUHTAMAKI,2023-07-17 17:28:54
HUHTAMAKI,2023-10-17 19:04:54
HUHTAMAKI,2024-02-06 23:16:31
HUHTAMAKI,2024-04-23 21:07:18
HUHTAMAKI,2024-07-23 15:26:24
HUHTAMAKI,2024-10-22 15:13:46
HUHTAMAKI,2025-02-11 20:39:19
HUSYSLTD,2021-06-30 20:22:03
HVAX,2024-11-13 12:29:53
HYBRIDFIN,2023-02-01 12:07:59
HYBRIDFIN,2023-05-18 12:31:54
HYBRIDFIN,2023-08-01 12:25:42
HYBRIDFIN,2023-11-06 16:14:42
HYBRIDFIN,2023-11-07 14:40:42
HYBRIDFIN,2024-02-01 12:13:34
HYBRIDFIN,2024-05-16 11:54:51
HYBRIDFIN,2024-07-30 16:14:02
HYBRIDFIN,2024-10-30 12:28:34
HYBRIDFIN,2025-01-31 12:47:51
HYUNDAI,2024-11-12 13:55:35
HYUNDAI,2025-01-28 14:28:55
IBLFL,2024-02-03 21:39:47
IBLFL,2024-05-07 19:25:41
IBLFL,2024-10-18 16:48:59
IBULLSLTD,2021-01-15 20:09:35
IBULLSLTD,2021-05-08 20:45:03
IBULLSLTD,2021-07-30 19:20:22
IBULLSLTD,2021-11-13 18:27:22
IBULLSLTD,2022-02-11 18:20:33
IBULLSLTD,2022-05-28 13:00:41
IBULLSLTD,2023-01-27 19:59:37
IBULLSLTD,2023-05-26 19:14:34
IBULLSLTD,2023-08-11 20:15:49
IBULLSLTD,2023-11-03 17:50:43
IBULLSLTD,2024-02-02 16:52:40
IBULLSLTD,2024-05-17 11:55:48
IBULLSLTD,2024-08-02 16:42:22
IBULLSLTD,2024-11-08 16:25:11
IBULLSLTD,2025-01-10 17:25:12
ICDSLTD,2021-02-10 17:25:21
ICDSLTD,2021-06-30 16:21:25
ICDSLTD,2021-08-11 16:22:51
ICDSLTD,2021-11-11 14:13:10
ICDSLTD,2022-02-10 15:12:31
ICDSLTD,2022-05-26 16:34:17
ICDSLTD,2023-02-10 14:07:33
ICDSLTD,2023-05-26 15:10:52
ICDSLTD,2023-08-10 14:04:31
ICDSLTD,2023-11-10 16:44:16
ICDSLTD,2024-02-07 17:15:13
ICDSLTD,2024-05-27 16:55:31
ICDSLTD,2024-08-12 16:10:24
ICDSLTD,2024-11-12 16:50:26
ICDSLTD,2025-02-12 18:54:33
ICEMAKE,2021-02-12 11:56:56
ICEMAKE,2021-06-29 16:01:44
ICEMAKE,2021-06-29 16:09:54
ICEMAKE,2021-08-12 13:26:56
ICEMAKE,2021-08-12 13:30:35
ICEMAKE,2021-11-13 13:22:53
ICEMAKE,2021-11-13 13:24:25
ICEMAKE,2022-02-12 14:07:50
ICEMAKE,2022-05-24 13:58:52
ICEMAKE,2023-02-11 13:30:13
ICEMAKE,2023-05-30 14:58:55
ICEMAKE,2023-08-12 13:02:49
ICEMAKE,2023-11-08 13:09:47
ICEMAKE,2024-02-10 13:52:35
ICEMAKE,2024-05-29 13:43:12
ICEMAKE,2024-08-08 13:49:32
ICEMAKE,2024-11-14 13:23:08
ICEMAKE,2025-02-08 13:40:05
ICICIBANK,2021-01-30 15:10:29
ICICIBANK,2021-04-24 17:59:32
ICICIBANK,2021-07-24 16:23:18
ICICIBANK,2021-10-23 16:00:00
ICICIBANK,2022-01-22 16:17:15
ICICIBANK,2022-04-23 16:35:48
ICICIBANK,2023-01-21 15:58:57
ICICIBANK,2023-04-22 15:42:17
ICICIBANK,2023-07-22 15:21:33
ICICIBANK,2023-10-21 15:36:47
ICICIBANK,2024-01-20 15:35:19
ICICIBANK,2024-04-27 16:08:15
ICICIBANK,2024-07-27 14:46:32
ICICIBANK,2024-10-26 14:00:16
ICICIBANK,2025-01-25 14:28:15
ICICIGI,2021-01-19 18:57:39
ICICIGI,2021-04-17 17:16:52
ICICIGI,2021-07-22 18:54:57
ICICIGI,2021-10-21 19:17:43
ICICIGI,2022-01-19 15:37:33
ICICIGI,2022-04-21 17:30:35
ICICIGI,2023-01-17 17:29:18
ICICIGI,2023-04-18 18:05:59
ICICIGI,2023-07-18 17:51:37
ICICIGI,2023-10-18 19:14:34
ICICIGI,2024-01-16 19:26:39
ICICIGI,2024-04-17 18:10:07
ICICIGI,2024-07-19 16:55:30
ICICIGI,2024-10-18 16:56:39
ICICIGI,2025-01-17 19:45:29
ICICIPRULI,2021-01-27 17:54:07
ICICIPRULI,2021-04-19 18:38:52
ICICIPRULI,2021-07-20 18:18:53
ICICIPRULI,2021-10-19 18:33:45
ICICIPRULI,2021-10-20 14:38:23
ICICIPRULI,2022-01-18 17:47:44
ICICIPRULI,2022-01-18 17:50:14
ICICIPRULI,2022-04-16 17:31:53
ICICIPRULI,2023-01-17 20:12:47
ICICIPRULI,2023-04-20 18:33:59
ICICIPRULI,2023-07-18 13:28:25
ICICIPRULI,2023-10-17 18:44:12
ICICIPRULI,2024-01-17 20:01:42
ICICIPRULI,2024-04-23 18:06:18
ICICIPRULI,2024-07-23 18:20:17
ICICIPRULI,2024-10-22 18:09:37
ICICIPRULI,2025-01-21 18:18:17
ICIL,2021-01-21 14:06:57
ICIL,2021-05-17 15:03:18
ICIL,2021-08-03 13:59:45
ICIL,2021-10-26 17:07:44
ICIL,2022-02-07 14:41:12
ICIL,2022-05-29 15:26:34
ICIL,2023-02-06 16:15:14
ICIL,2023-05-30 18:28:07
ICIL,2023-08-07 19:13:39
ICIL,2023-11-07 15:30:34
ICIL,2024-01-29 17:06:09
ICIL,2024-05-27 15:46:04
ICIL,2024-07-29 16:14:20
ICIL,2024-11-07 14:59:55
ICIL,2025-02-11 15:29:32
ICRA,2021-02-04 20:51:24
ICRA,2021-05-06 21:38:21
ICRA,2021-07-28 21:32:27
ICRA,2021-10-25 21:22:11
ICRA,2022-01-25 20:53:44
ICRA,2022-05-12 17:38:28
ICRA,2023-02-13 16:51:40
ICRA,2023-05-24 18:41:45
ICRA,2023-08-03 12:36:44
ICRA,2023-10-20 17:38:22
ICRA,2024-01-23 18:28:58
ICRA,2024-05-23 18:34:05
ICRA,2024-07-23 12:14:21
ICRA,2024-10-25 16:16:16
ICRA,2025-02-10 18:02:54
IDBI,2021-01-28 13:44:20
IDBI,2021-05-03 12:52:55
IDBI,2021-07-28 12:42:02
IDBI,2021-07-28 15:03:51
IDBI,2021-10-21 12:52:27
IDBI,2022-01-21 12:48:56
IDBI,2022-05-02 13:06:35
IDBI,2023-01-23 16:29:23
IDBI,2023-04-29 13:25:14
IDBI,2023-07-24 14:13:29
IDBI,2023-10-21 13:58:59
IDBI,2024-01-20 13:21:18
IDBI,2024-05-04 14:13:35
IDBI,2024-07-22 13:48:31
IDBI,2024-10-25 14:45:10
IDBI,2025-01-20 14:43:50
IDEA,2021-02-13 16:03:52
IDEA,2021-06-30 20:18:57
IDEA,2021-08-14 19:27:11
IDEA,2021-11-12 15:10:17
IDEA,2022-01-21 19:19:53
IDEA,2022-05-10 19:11:34
IDEA,2023-02-14 21:05:35
IDEA,2023-05-25 20:55:20
IDEA,2023-08-14 19:46:46
IDEA,2023-10-26 19:16:51
IDEA,2024-01-29 18:25:39
IDEA,2024-05-16 18:59:19
IDEA,2024-08-12 18:47:09
IDEA,2024-11-13 18:17:20
IDEA,2025-02-11 18:28:38
IDEAFORGE,2023-08-08 20:20:32
IDEAFORGE,2023-11-07 19:28:20
IDEAFORGE,2024-02-05 19:55:53
IDEAFORGE,2024-05-14 20:31:35
IDEAFORGE,2024-07-29 19:02:59
IDEAFORGE,2024-10-28 19:35:34
IDEAFORGE,2025-01-28 19:24:31
IDEALTECHO,2024-11-08 15:26:24
IDFC,2021-02-13 14:36:27
IDFC,2021-06-14 14:17:16
IDFC,2021-08-11 15:25:55
IDFC,2021-11-09 15:21:41
IDFC,2022-02-11 14:49:41
IDFC,2022-05-20 14:29:29
IDFC,2023-02-01 18:06:51
IDFC,2023-05-04 14:45:10
IDFC,2023-08-04 18:49:50
IDFC,2023-11-03 14:47:35
IDFC,2024-01-31 13:52:46
IDFC,2024-05-07 13:58:28
IDFC,2024-08-02 12:00:10
IDFCFIRSTB,2021-01-30 20:13:55
IDFCFIRSTB,2021-05-08 22:19:55
IDFCFIRSTB,2021-07-31 16:52:22
IDFCFIRSTB,2021-10-30 16:09:32
IDFCFIRSTB,2022-01-29 16:05:26
IDFCFIRSTB,2023-01-21 16:07:07
IDFCFIRSTB,2023-04-29 16:40:22
IDFCFIRSTB,2023-07-29 16:09:30
IDFCFIRSTB,2023-10-28 16:24:58
IDFCFIRSTB,2024-01-20 16:57:47
IDFCFIRSTB,2024-04-27 16:29:01
IDFCFIRSTB,2024-07-27 16:02:03
IDFCFIRSTB,2024-10-26 16:40:05
IDFCFIRSTB,2025-01-25 15:45:44
IEL,2023-01-28 21:31:43
IEL,2023-05-26 21:56:24
IEL,2023-08-11 19:35:24
IEL,2023-11-03 19:14:41
IEL,2024-02-02 17:48:34
IEL,2024-05-17 18:24:15
IEL,2024-08-02 17:20:01
IEL,2024-11-08 18:37:13
IEL,2025-01-15 18:21:03
IEML,2024-05-30 15:02:26
IEML,2024-11-13 15:12:40
IEX,2021-01-21 18:33:52
IEX,2021-05-13 16:49:12
IEX,2021-07-22 17:36:39
IEX,2021-10-21 18:52:06
IEX,2022-01-24 18:18:28
IEX,2022-04-27 18:21:11
IEX,2023-01-20 18:42:45
IEX,2023-05-25 13:19:57
IEX,2023-07-27 14:28:11
IEX,2023-11-02 16:03:12
IEX,2024-01-25 15:35:01
IEX,2024-05-15 21:00:49
IEX,2024-07-24 16:07:04
IEX,2024-10-24 16:33:23
IEX,2025-01-23 17:23:56
IFBAGRO,2021-01-29 21:00:28
IFBAGRO,2021-06-17 17:22:52
IFBAGRO,2021-06-18 18:15:50
IFBAGRO,2021-08-09 15:59:47
IFBAGRO,2021-11-01 15:00:57
IFBAGRO,2021-11-03 12:16:29
IFBAGRO,2022-01-31 15:21:37
IFBAGRO,2022-05-30 18:06:19
IFBAGRO,2023-01-31 17:16:44
IFBAGRO,2023-05-30 17:11:03
IFBAGRO,2023-08-14 19:25:03
IFBAGRO,2023-11-03 14:52:54
IFBAGRO,2024-02-13 18:10:17
IFBAGRO,2024-05-28 17:36:10
IFBAGRO,2024-08-13 17:49:08
IFBAGRO,2024-11-11 17:17:30
IFBAGRO,2025-01-29 16:41:56
IFBIND,2021-01-28 16:46:16
IFBIND,2021-06-14 19:27:51
IFBIND,2021-08-07 19:21:11
IFBIND,2021-10-31 16:43:39
IFBIND,2022-02-01 18:30:36
IFBIND,2022-05-28 17:40:02
IFBIND,2023-01-30 19:18:32
IFBIND,2023-05-27 19:19:59
IFBIND,2023-07-28 17:01:02
IFBIND,2023-11-02 18:41:56
IFBIND,2024-01-25 17:38:46
IFBIND,2024-05-28 21:57:52
IFBIND,2024-07-27 16:52:05
IFBIND,2024-10-26 20:27:28
IFBIND,2025-01-28 16:59:16
IFCI,2021-02-12 17:26:42
IFCI,2021-06-28 20:12:55
IFCI,2021-08-10 18:58:43
IFCI,2021-11-11 16:48:15
IFCI,2022-02-11 16:37:43
IFCI,2022-05-28 17:49:44
IFCI,2023-02-13 16:58:08
IFCI,2023-05-25 18:02:45
IFCI,2023-08-11 20:10:16
IFCI,2023-11-08 18:51:23
IFCI,2024-02-09 20:12:13
IFCI,2024-04-30 23:27:12
IFCI,2024-08-08 15:27:51
IFCI,2024-11-13 16:48:15
IFCI,2025-02-12 18:29:16
IFGLEXPOR,2021-02-13 13:17:08
IFGLEXPOR,2021-06-06 14:45:27
IFGLEXPOR,2021-08-14 13:14:29
IFGLEXPOR,2021-11-13 17:06:26
IFGLEXPOR,2022-02-12 13:54:34
IFGLEXPOR,2022-05-28 14:34:00
IFGLEXPOR,2023-02-04 20:20:24
IFGLEXPOR,2023-05-27 15:12:02
IFGLEXPOR,2023-08-05 14:56:12
IFGLEXPOR,2023-11-04 17:50:44
IFGLEXPOR,2024-02-03 20:38:14
IFGLEXPOR,2024-05-18 15:46:22
IFGLEXPOR,2024-08-10 18:03:55
IFGLEXPOR,2024-11-09 15:51:30
IFGLEXPOR,2025-02-08 15:22:08
IGARASHI,2021-02-09 15:13:51
IGARASHI,2021-05-25 16:13:38
IGARASHI,2021-08-09 13:45:37
IGARASHI,2021-11-10 14:02:21
IGARASHI,2022-02-09 16:14:04
IGARASHI,2022-05-23 16:25:22
IGARASHI,2023-02-13 14:41:58
IGARASHI,2023-05-25 15:29:49
IGARASHI,2023-08-09 11:44:40
IGARASHI,2023-11-10 13:56:03
IGARASHI,2024-02-09 13:41:51
IGARASHI,2024-05-23 14:14:42
IGARASHI,2024-08-08 12:12:33
IGARASHI,2024-11-14 14:15:03
IGARASHI,2025-02-11 13:03:53
IGIL,2025-03-01 15:10:32
IGL,2021-02-10 17:16:30
IGL,2021-06-25 13:56:28
IGL,2021-08-13 16:00:38
IGL,2021-11-09 16:08:41
IGL,2021-11-09 16:14:36
IGL,2022-02-08 19:11:51
IGL,2022-05-18 15:44:05
IGL,2023-01-25 15:16:24
IGL,2023-05-12 17:53:36
IGL,2023-07-23 15:23:23
IGL,2023-11-01 15:09:30
IGL,2024-01-25 13:40:50
IGL,2024-05-07 17:34:04
IGL,2024-07-24 15:54:57
IGL,2024-10-28 16:42:29
IGL,2025-01-27 17:56:33
IGPL,2021-02-09 16:35:50
IGPL,2021-05-24 19:46:59
IGPL,2021-08-06 18:17:29
IGPL,2021-11-01 18:16:26
IGPL,2022-02-03 17:56:35
IGPL,2022-05-20 20:43:02
IGPL,2023-02-02 18:36:25
IGPL,2023-05-18 18:32:16
IGPL,2023-08-04 18:08:43
IGPL,2023-11-03 15:10:12
IGPL,2024-02-13 17:53:02
IGPL,2024-05-22 19:35:56
IGPL,2024-07-25 18:25:19
IGPL,2024-11-12 17:49:10
IGPL,2025-02-13 17:53:57
IIFL,2021-01-29 13:21:30
IIFL,2021-05-06 14:30:13
IIFL,2021-07-27 19:02:42
IIFL,2021-10-27 13:29:11
IIFL,2022-01-27 19:11:51
IIFL,2022-04-28 18:04:54
IIFL,2023-01-30 18:10:00
IIFL,2023-04-26 17:11:43
IIFL,2023-07-27 14:14:22
IIFL,2023-10-18 16:40:40
IIFL,2024-01-17 16:05:57
IIFL,2024-06-15 20:02:12
IIFL,2024-08-06 17:09:12
IIFL,2024-10-23 18:18:43
IIFL,2025-02-12 18:44:27
IIFLCAPS,2021-01-21 15:50:28
IIFLCAPS,2021-05-04 16:22:34
IIFLCAPS,2021-07-22 14:06:48
IIFLCAPS,2021-10-21 14:08:31
IIFLCAPS,2022-01-24 15:22:08
IIFLCAPS,2022-04-26 17:31:54
IIFLCAPS,2023-01-23 17:10:25
IIFLCAPS,2023-04-24 20:18:57
IIFLCAPS,2023-07-24 19:33:22
IIFLCAPS,2023-10-18 10:28:24
IIFLCAPS,2024-01-22 17:10:06
IIFLCAPS,2024-05-16 20:39:24
IIFLCAPS,2024-07-31 18:18:17
IIFLCAPS,2024-10-22 20:11:53
IIFLCAPS,2025-02-11 19:45:22
IITL,2021-02-12 18:02:44
IITL,2021-06-25 19:21:48
IITL,2021-08-13 19:38:48
IITL,2021-11-11 18:43:42
IITL,2022-02-14 11:32:55
IITL,2022-05-28 20:54:05
IITL,2023-02-14 15:42:33
IITL,2023-05-27 18:06:46
IITL,2023-08-12 17:09:53
IITL,2023-11-08 18:29:54
IITL,2024-02-13 19:31:20
IITL,2024-05-30 19:58:10
IITL,2024-08-14 17:27:23
IITL,2024-11-09 15:57:04
IITL,2025-02-04 18:52:30
IKIO,2023-08-04 20:52:08
IKIO,2023-08-04 20:55:18
IKIO,2023-11-04 15:46:49
IKIO,2024-02-08 15:07:39
IKIO,2024-05-24 21:26:18
IKIO,2024-08-09 16:48:03
IKIO,2024-11-08 20:20:26
IKIO,2025-02-07 21:30:22
IKS,2025-02-05 20:58:09
IL&FSENGG,2021-02-13 15:29:17
IL&FSENGG,2021-09-02 18:47:25
IL&FSENGG,2021-11-15 15:31:14
IL&FSENGG,2021-11-15 15:34:26
IL&FSENGG,2022-02-14 15:38:09
IL&FSENGG,2022-05-30 21:08:15
IL&FSENGG,2023-02-14 18:27:16
IL&FSENGG,2023-05-25 18:42:15
IL&FSENGG,2023-08-11 18:00:49
IL&FSENGG,2023-11-09 16:41:05
IL&FSENGG,2024-02-12 17:28:21
IL&FSENGG,2024-05-21 17:06:46
IL&FSENGG,2024-08-08 16:40:00
IL&FSENGG,2024-11-04 15:43:19
IL&FSENGG,2025-02-11 16:49:49
IMAGICAA,2021-02-04 15:12:29
IMAGICAA,2021-06-24 16:22:37
IMAGICAA,2021-08-10 13:19:50
IMAGICAA,2021-10-29 13:52:58
IMAGICAA,2022-02-09 23:48:29
IMAGICAA,2022-05-25 17:19:25
IMAGICAA,2023-02-08 15:38:52
IMAGICAA,2023-05-26 14:39:23
IMAGICAA,2023-08-10 13:59:53
IMAGICAA,2023-11-03 13:40:12
IMAGICAA,2024-02-08 14:42:58
IMAGICAA,2024-05-28 14:44:04
IMAGICAA,2024-08-06 13:52:41
IMAGICAA,2024-11-07 18:42:04
IMAGICAA,2025-02-12 15:09:42
IMFA,2021-02-09 17:37:27
IMFA,2021-06-09 13:22:09
IMFA,2021-07-24 13:27:53
IMFA,2021-10-26 13:01:09
IMFA,2022-01-27 16:29:43
IMFA,2022-05-24 13:45:53
IMFA,2023-01-30 16:07:56
IMFA,2023-05-30 15:52:49
IMFA,2023-07-26 13:00:35
IMFA,2023-11-02 13:40:05
IMFA,2024-01-30 13:48:15
IMFA,2024-05-23 13:54:11
IMFA,2024-07-31 13:28:36
IMFA,2024-11-07 16:10:41
IMFA,2025-01-29 14:09:39
IMPAL,2021-02-12 18:01:20
IMPAL,2021-06-18 19:02:59
IMPAL,2021-08-13 17:12:26
IMPAL,2021-11-12 16:53:11
IMPAL,2022-02-11 16:47:01
IMPAL,2022-05-28 13:59:35
IMPAL,2023-01-30 18:05:14
IMPAL,2023-05-19 14:38:12
IMPAL,2023-07-27 17:19:55
IMPAL,2023-10-30 18:01:32
IMPAL,2024-01-29 17:35:27
IMPAL,2024-05-16 13:41:42
IMPAL,2024-07-30 18:04:42
IMPAL,2024-10-18 13:33:20
IMPAL,2025-01-28 13:22:15
IMPEXFERRO,2021-02-13 18:02:33
IMPEXFERRO,2021-06-30 23:56:19
IMPEXFERRO,2021-08-14 16:28:57
IMPEXFERRO,2021-11-13 18:37:16
IMPEXFERRO,2022-02-14 17:40:51
IMPEXFERRO,2022-05-31 00:47:45
IMPEXFERRO,2023-03-30 21:13:04
IMPEXFERRO,2023-03-30 21:15:32
IMPEXFERRO,2023-05-29 22:37:01
IMPEXFERRO,2023-08-14 21:02:28
IMPEXFERRO,2023-11-14 20:56:49
IMPEXFERRO,2024-02-13 23:37:06
IMPEXFERRO,2024-10-28 22:01:00
INCREDIBLE,2021-02-08 16:06:30
INCREDIBLE,2021-06-28 15:52:48
INCREDIBLE,2021-08-09 17:54:49
INCREDIBLE,2021-11-11 15:58:19
INCREDIBLE,2022-02-10 16:02:40
INCREDIBLE,2022-05-26 16:22:31
INCREDIBLE,2023-02-08 16:28:24
INCREDIBLE,2023-05-29 17:04:58
INCREDIBLE,2023-08-10 17:23:31
INCREDIBLE,2023-11-07 16:32:46
INCREDIBLE,2024-02-01 16:28:46
INCREDIBLE,2024-05-27 15:52:39
INCREDIBLE,2024-08-08 17:21:47
INCREDIBLE,2024-11-12 16:04:53
INCREDIBLE,2025-02-14 17:04:11
INDBANK,2021-01-12 15:24:11
INDBANK,2021-04-22 14:46:46
INDBANK,2021-07-12 14:23:23
INDBANK,2021-10-12 15:56:48
INDBANK,2022-01-12 15:55:10
INDBANK,2022-04-21 14:12:04
INDBANK,2023-01-21 15:37:26
INDBANK,2023-04-21 16:52:10
INDBANK,2023-07-19 15:57:18
INDBANK,2023-10-16 15:29:37
INDBANK,2024-01-22 19:33:22
INDBANK,2024-04-22 16:01:32
INDBANK,2024-07-19 15:37:39
INDBANK,2024-10-21 20:30:54
INDBANK,2025-01-22 11:12:36
INDGN,2024-05-30 12:25:31
INDGN,2024-08-01 20:21:23
INDGN,2024-10-28 19:03:37
INDGN,2025-01-30 17:13:28
INDHOTEL,2021-02-03 16:52:54
INDHOTEL,2021-04-30 19:41:50
INDHOTEL,2021-08-09 17:33:08
INDHOTEL,2021-10-21 15:36:39
INDHOTEL,2022-02-01 16:34:04
INDHOTEL,2022-04-27 19:12:26
INDHOTEL,2023-01-31 16:43:05
INDHOTEL,2023-04-27 17:51:28
INDHOTEL,2023-07-27 16:38:07
INDHOTEL,2023-10-27 14:38:23
INDHOTEL,2024-02-01 16:40:03
INDHOTEL,2024-04-24 18:11:37
INDHOTEL,2024-07-19 16:06:02
INDHOTEL,2024-11-07 16:33:53
INDHOTEL,2025-01-17 16:11:59
INDIACEM,2021-01-27 11:25:51
INDIACEM,2021-05-24 11:48:25
INDIACEM,2021-08-11 11:57:06
INDIACEM,2021-11-10 11:10:36
INDIACEM,2022-02-11 10:59:38
INDIACEM,2022-05-27 11:06:41
INDIACEM,2023-02-03 11:26:56
INDIACEM,2023-05-24 12:16:09
INDIACEM,2023-08-07 12:17:44
INDIACEM,2023-11-01 11:07:37
INDIACEM,2024-02-01 12:18:34
INDIACEM,2024-05-20 11:17:02
INDIACEM,2024-08-09 11:27:55
INDIACEM,2024-11-08 11:36:55
INDIACEM,2025-01-21 17:59:46
INDIAGLYCO,2021-02-12 18:20:15
INDIAGLYCO,2021-06-25 18:47:54
INDIAGLYCO,2021-08-10 17:30:05
INDIAGLYCO,2021-11-12 17:46:26
INDIAGLYCO,2022-02-11 17:24:19
INDIAGLYCO,2022-05-26 18:36:19
INDIAGLYCO,2023-02-08 16:38:35
INDIAGLYCO,2023-05-24 17:57:33
INDIAGLYCO,2023-08-07 16:51:42
INDIAGLYCO,2023-11-03 17:16:50
INDIAGLYCO,2024-02-02 17:17:01
INDIAGLYCO,2024-05-28 17:16:22
INDIAGLYCO,2024-07-29 17:58:53
INDIAGLYCO,2024-11-07 17:23:42
INDIAGLYCO,2025-02-04 18:47:38
INDIAMART,2021-01-18 16:05:49
INDIAMART,2021-04-29 16:17:23
INDIAMART,2021-07-22 16:16:23
INDIAMART,2021-10-21 15:40:32
INDIAMART,2022-01-24 15:57:58
INDIAMART,2022-01-24 16:07:49
INDIAMART,2022-04-28 15:57:55
INDIAMART,2023-01-19 17:39:40
INDIAMART,2023-04-28 15:02:20
INDIAMART,2023-07-20 17:12:49
INDIAMART,2023-10-27 15:25:00
INDIAMART,2024-01-18 14:34:56
INDIAMART,2024-04-30 16:08:45
INDIAMART,2024-07-30 15:19:18
INDIAMART,2024-10-19 14:24:53
INDIAMART,2025-01-21 15:41:44
INDIANB,2021-01-22 13:56:00
INDIANB,2021-05-28 15:38:37
INDIANB,2021-05-28 16:55:29
INDIANB,2021-07-19 13:45:43
INDIANB,2021-10-28 14:25:06
INDIANB,2022-02-07 14:39:36
INDIANB,2022-05-11 18:14:06
INDIANB,2023-01-25 13:42:49
INDIANB,2023-05-08 13:58:33
INDIANB,2023-07-27 14:03:38
INDIANB,2023-10-26 13:55:30
INDIANB,2024-01-24 13:43:49
INDIANB,2024-05-06 13:41:51
INDIANB,2024-07-29 13:58:37
INDIANB,2024-10-28 13:26:29
INDIANB,2025-01-29 13:27:04
INDIANCARD,2021-02-05 17:41:22
INDIANCARD,2021-06-24 19:01:36
INDIANCARD,2021-08-12 19:05:12
INDIANCARD,2021-11-12 12:50:58
INDIANCARD,2022-02-12 17:39:13
INDIANCARD,2022-05-29 15:21:20
INDIANCARD,2023-02-11 19:04:13
INDIANCARD,2023-05-29 16:52:05
INDIANCARD,2023-08-14 18:35:54
INDIANCARD,2023-11-10 18:58:36
INDIANCARD,2024-02-12 19:20:18
INDIANCARD,2024-05-29 14:29:25
INDIANCARD,2024-08-14 18:12:52
INDIANCARD,2024-11-11 18:54:01
INDIANCARD,2025-02-12 18:32:17
INDIANHUME,2021-02-11 16:26:59
INDIANHUME,2021-06-12 16:19:36
INDIANHUME,2021-08-12 16:39:19
INDIANHUME,2021-11-11 16:54:24
INDIANHUME,2022-02-10 16:08:49
INDIANHUME,2022-05-27 18:40:35
INDIANHUME,2023-02-09 16:58:00
INDIANHUME,2023-05-16 17:57:52
INDIANHUME,2023-05-17 10:54:17
INDIANHUME,2023-08-10 16:33:28
INDIANHUME,2023-11-09 17:41:31
INDIANHUME,2024-02-08 16:27:30
INDIANHUME,2024-05-16 18:21:42
INDIANHUME,2024-08-08 17:01:07
INDIANHUME,2024-11-13 16:54:03
INDIANHUME,2025-02-12 16:50:27
INDIASHLTR,2024-02-08 18:53:55
INDIASHLTR,2024-05-08 18:47:33
INDIASHLTR,2024-08-08 12:04:11
INDIASHLTR,2024-10-25 13:53:24
INDIASHLTR,2025-02-06 18:57:57
INDIFRA,2024-05-27 16:36:07
INDIFRA,2024-06-22 11:46:24
INDIFRA,2024-11-14 11:30:36
INDIGO,2021-01-28 15:37:55
INDIGO,2021-06-07 10:20:13
INDIGO,2021-07-27 16:14:16
INDIGO,2021-10-28 17:54:55
INDIGO,2022-02-04 16:42:41
INDIGO,2022-02-04 17:59:08
INDIGO,2022-05-25 16:13:48
INDIGO,2023-02-03 16:09:56
INDIGO,2023-05-18 15:51:06
INDIGO,2023-08-02 16:08:20
INDIGO,2023-11-03 15:53:35
INDIGO,2024-02-02 15:52:55
INDIGO,2024-05-23 16:20:27
INDIGO,2024-07-26 15:31:11
INDIGO,2024-10-25 15:57:29
INDIGO,2025-01-24 16:03:00
INDIGOPNTS,2021-05-14 16:41:48
INDIGOPNTS,2021-05-14 16:54:57
INDIGOPNTS,2021-08-06 17:40:21
INDIGOPNTS,2021-10-29 15:05:05
INDIGOPNTS,2022-02-11 15:59:52
INDIGOPNTS,2022-05-20 14:19:36
INDIGOPNTS,2023-02-10 19:12:23
INDIGOPNTS,2023-05-26 19:45:58
INDIGOPNTS,2023-08-07 18:19:01
INDIGOPNTS,2023-11-03 16:47:40
INDIGOPNTS,2024-02-09 13:52:05
INDIGOPNTS,2024-05-23 13:45:24
INDIGOPNTS,2024-08-06 16:14:32
INDIGOPNTS,2024-11-07 13:20:13
INDIGOPNTS,2025-02-10 14:25:32
INDLMETER,2021-02-12 18:07:56
INDLMETER,2021-06-30 18:01:57
INDLMETER,2021-07-15 18:36:52
INDLMETER,2021-08-14 14:55:27
INDLMETER,2021-11-14 17:11:17
INDLMETER,2022-02-14 20:55:49
INDLMETER,2022-07-05 11:40:05
INDLMETER,2022-12-21 16:19:09
INDLMETER,2022-12-21 16:20:49
INDLMETER,2023-01-31 17:41:27
INDLMETER,2023-05-30 23:09:37
INDLMETER,2023-08-14 22:16:06
INDLMETER,2023-11-13 20:32:03
INDLMETER,2024-02-13 17:43:00
INDLMETER,2024-05-23 16:25:03
INDLMETER,2024-08-13 19:51:58
INDLMETER,2024-11-14 19:30:53
INDLMETER,2025-02-10 18:44:27
INDNIPPON,2021-02-12 15:55:56
INDNIPPON,2021-05-28 23:43:27
INDNIPPON,2021-08-07 12:57:16
INDNIPPON,2021-11-13 17:38:35
INDNIPPON,2022-02-10 12:28:01
INDNIPPON,2022-05-26 16:11:39
INDNIPPON,2023-02-14 14:41:26
INDNIPPON,2023-05-26 14:29:52
INDNIPPON,2023-08-10 14:45:49
INDNIPPON,2023-11-08 17:27:03
INDNIPPON,2024-02-13 13:19:43
INDNIPPON,2024-05-30 16:51:51
INDNIPPON,2024-08-06 13:20:12
INDNIPPON,2024-11-13 13:10:07
INDNIPPON,2025-02-13 18:14:49
INDOAMIN,2022-05-31 11:03:59
INDOAMIN,2023-02-10 20:07:10
INDOAMIN,2023-05-18 15:31:53
INDOAMIN,2023-08-10 18:09:09
INDOAMIN,2023-11-09 20:04:42
INDOAMIN,2024-02-09 17:25:01
INDOAMIN,2024-05-22 19:47:39
INDOAMIN,2024-08-08 17:48:11
INDOAMIN,2024-11-12 19:12:02
INDOAMIN,2025-02-11 17:38:55
INDOBORAX,2022-05-28 14:48:18
INDOBORAX,2023-02-10 11:47:14
INDOBORAX,2023-05-13 14:03:53
INDOBORAX,2023-08-12 15:51:13
INDOBORAX,2023-11-09 14:42:27
INDOBORAX,2024-02-13 15:31:38
INDOBORAX,2024-05-25 13:56:22
INDOBORAX,2024-08-12 16:14:28
INDOBORAX,2024-11-13 15:10:28
INDOBORAX,2025-02-11 14:00:48
INDOCO,2021-02-09 12:07:04
INDOCO,2021-02-09 13:31:19
INDOCO,2021-05-25 12:11:33
INDOCO,2021-08-11 12:10:05
INDOCO,2021-11-02 12:08:50
INDOCO,2022-02-01 11:52:19
INDOCO,2022-05-17 12:35:58
INDOCO,2023-01-24 12:05:44
INDOCO,2023-05-23 13:34:57
INDOCO,2023-07-25 11:41:14
INDOCO,2023-10-19 12:07:26
INDOCO,2024-01-23 12:21:34
INDOCO,2024-05-16 14:39:25
INDOCO,2024-07-23 11:08:59
INDOCO,2024-10-24 12:24:50
INDOCO,2025-01-21 12:25:16
INDOFARM,2025-01-27 17:08:07
INDOFARM,2025-02-13 17:10:34
INDORAMA,2021-01-20 16:49:44
INDORAMA,2021-05-19 15:32:46
INDORAMA,2021-07-21 16:50:40
INDORAMA,2021-10-29 16:46:56
INDORAMA,2022-02-10 16:10:18
INDORAMA,2022-04-28 16:13:47
INDORAMA,2023-02-10 15:44:09
INDORAMA,2023-05-16 17:59:49
INDORAMA,2023-08-09 14:26:09
INDORAMA,2023-11-07 16:43:25
INDORAMA,2024-02-08 17:19:10
INDORAMA,2024-05-17 17:24:48
INDORAMA,2024-05-20 17:51:11
INDORAMA,2024-05-21 11:12:08
INDORAMA,2024-08-09 16:59:41
INDORAMA,2024-11-09 16:20:22
INDORAMA,2025-02-07 16:54:35
INDOSTAR,2021-02-04 17:36:52
INDOSTAR,2021-06-17 20:34:52
INDOSTAR,2021-08-12 18:18:28
INDOSTAR,2021-11-10 18:03:38
INDOSTAR,2022-02-11 23:34:26
INDOSTAR,2023-02-15 17:11:46
INDOSTAR,2023-05-25 18:08:19
INDOSTAR,2023-08-02 18:04:15
INDOSTAR,2023-10-27 15:25:12
INDOSTAR,2024-01-24 16:24:43
INDOSTAR,2024-04-29 17:44:30
INDOSTAR,2024-07-31 17:05:59
INDOSTAR,2024-10-18 17:41:22
INDOSTAR,2025-01-20 14:59:02
INDOTECH,2021-02-10 13:58:55
INDOTECH,2021-06-22 21:46:42
INDOTECH,2021-08-09 20:53:50
INDOTECH,2021-11-10 14:08:28
INDOTECH,2022-02-02 14:51:47
INDOTECH,2022-05-28 17:34:52
INDOTECH,2023-02-10 13:58:23
INDOTECH,2023-05-19 19:29:40
INDOTECH,2023-08-11 19:40:28
INDOTECH,2023-11-09 20:05:31
INDOTECH,2024-02-13 20:33:41
INDOTECH,2024-05-23 18:09:30
INDOTECH,2024-08-06 18:33:58
INDOTECH,2024-11-12 19:03:11
INDOTECH,2025-02-11 15:03:40
INDOTHAI,2021-02-12 18:29:24
INDOTHAI,2021-06-30 17:44:34
INDOTHAI,2021-08-13 17:44:39
INDOTHAI,2021-11-12 17:37:25
INDOTHAI,2022-02-11 11:28:56
INDOTHAI,2022-05-18 18:09:08
INDOTHAI,2023-02-14 16:40:10
INDOTHAI,2023-05-23 18:59:57
INDOTHAI,2023-08-05 17:42:53
INDOTHAI,2023-10-28 13:40:05
INDOTHAI,2024-02-02 18:17:30
INDOTHAI,2024-05-10 20:17:19
INDOTHAI,2024-08-10 15:13:07
INDOTHAI,2024-10-26 16:46:30
INDOTHAI,2025-01-25 16:26:56
INDOUS,2024-11-14 14:42:54
INDOUS,2025-02-11 14:55:42
INDOWIND,2021-02-11 22:42:55
INDOWIND,2021-07-10 12:17:18
INDOWIND,2021-07-10 12:21:39
INDOWIND,2021-08-18 11:36:34
INDOWIND,2021-11-15 14:27:03
INDOWIND,2022-02-10 22:17:58
INDOWIND,2022-06-17 01:11:35
INDOWIND,2023-01-06 19:42:04
INDOWIND,2023-05-30 21:48:12
INDOWIND,2023-05-31 21:09:03
INDOWIND,2023-05-31 21:12:26
INDOWIND,2023-07-13 11:22:51
INDOWIND,2023-08-09 19:14:13
INDOWIND,2023-11-07 17:54:33
INDOWIND,2024-02-07 22:36:54
INDOWIND,2024-05-27 22:41:43
INDOWIND,2024-08-14 15:40:03
INDOWIND,2024-11-13 16:11:58
INDOWIND,2025-02-12 19:20:06
INDRAMEDCO,2021-02-08 14:46:56
INDRAMEDCO,2021-02-24 15:29:59
INDRAMEDCO,2021-06-09 18:08:29
INDRAMEDCO,2021-08-09 17:48:04
INDRAMEDCO,2021-11-09 17:17:05
INDRAMEDCO,2022-02-08 18:12:54
INDRAMEDCO,2022-05-23 10:20:24
INDRAMEDCO,2023-02-08 17:46:04
INDRAMEDCO,2023-05-23 17:13:51
INDRAMEDCO,2023-08-04 17:33:13
INDRAMEDCO,2023-11-03 17:54:18
INDRAMEDCO,2024-02-06 17:46:22
INDRAMEDCO,2024-05-17 14:16:50
INDRAMEDCO,2024-08-05 18:01:04
INDRAMEDCO,2024-10-30 17:05:09
INDRAMEDCO,2025-02-03 16:53:36
INDSWFTLAB,2021-02-12 18:31:33
INDSWFTLAB,2021-06-30 10:35:31
INDSWFTLAB,2021-08-12 18:37:12
INDSWFTLAB,2021-11-01 17:52:25
INDSWFTLAB,2022-02-08 17:29:10
INDSWFTLAB,2022-05-28 18:27:04
INDSWFTLAB,2023-02-14 17:36:43
INDSWFTLAB,2023-05-29 18:40:00
INDSWFTLAB,2023-08-09 19:20:40
INDSWFTLAB,2023-11-07 16:08:01
INDSWFTLAB,2024-02-12 17:02:20
INDSWFTLAB,2024-05-13 19:42:57
INDSWFTLAB,2024-08-12 19:38:56
INDSWFTLAB,2024-11-11 19:03:51
INDSWFTLAB,2025-02-13 20:21:22
INDSWFTLTD,2021-02-15 11:44:13
INDSWFTLTD,2021-06-28 19:09:41
INDSWFTLTD,2021-08-14 19:08:00
INDSWFTLTD,2021-11-13 17:47:22
INDSWFTLTD,2022-02-14 16:43:37
INDSWFTLTD,2022-05-30 18:06:03
INDSWFTLTD,2023-02-13 19:00:50
INDSWFTLTD,2023-05-30 19:09:05
INDSWFTLTD,2023-08-10 18:38:50
INDSWFTLTD,2023-11-09 15:13:57
INDSWFTLTD,2024-02-14 19:22:39
INDSWFTLTD,2024-05-14 19:46:30
INDSWFTLTD,2024-08-13 18:54:58
INDSWFTLTD,2024-11-14 13:42:42
INDSWFTLTD,2025-02-11 16:56:02
INDTERRAIN,2021-02-11 20:10:11
INDTERRAIN,2021-05-21 13:03:02
INDTERRAIN,2021-08-13 13:24:42
INDTERRAIN,2021-11-10 22:26:29
INDTERRAIN,2022-02-11 11:59:34
INDTERRAIN,2022-05-18 13:45:55
INDTERRAIN,2023-02-13 12:40:17
INDTERRAIN,2023-05-19 13:02:00
INDTERRAIN,2023-08-14 12:09:27
INDTERRAIN,2023-11-09 13:16:10
INDTERRAIN,2024-02-14 12:27:12
INDTERRAIN,2024-05-29 14:51:18
INDTERRAIN,2024-08-06 11:57:27
INDTERRAIN,2024-11-12 13:49:29
INDTERRAIN,2025-02-12 14:46:50
INDUSFILA,2025-02-14 12:41:57
INDUSINDBK,2021-01-29 16:13:20
INDUSINDBK,2021-04-30 18:35:32
INDUSINDBK,2021-07-27 16:40:08
INDUSINDBK,2021-10-27 17:01:21
INDUSINDBK,2022-01-29 14:57:58
INDUSINDBK,2022-04-29 17:30:20
INDUSINDBK,2023-01-18 16:21:08
INDUSINDBK,2023-04-24 14:18:06
INDUSINDBK,2023-07-18 15:39:36
INDUSINDBK,2023-10-18 15:47:04
INDUSINDBK,2024-01-18 15:58:53
INDUSINDBK,2024-04-25 15:53:56
INDUSINDBK,2024-07-26 15:31:55
INDUSINDBK,2024-10-24 15:33:20
INDUSINDBK,2025-01-31 15:36:10
INDUSTOWER,2021-01-28 20:01:38
INDUSTOWER,2021-04-22 17:40:26
INDUSTOWER,2021-07-29 18:26:26
INDUSTOWER,2021-10-25 17:41:56
INDUSTOWER,2022-01-27 18:46:48
INDUSTOWER,2022-05-05 21:05:09
INDUSTOWER,2023-01-24 19:38:58
INDUSTOWER,2023-04-26 19:52:10
INDUSTOWER,2023-07-27 16:56:41
INDUSTOWER,2023-10-25 20:41:26
INDUSTOWER,2024-01-23 20:37:17
INDUSTOWER,2024-04-30 21:11:23
INDUSTOWER,2024-07-30 20:56:45
INDUSTOWER,2024-10-22 19:02:27
INDUSTOWER,2025-01-23 20:04:56
INFINIUM,2023-05-17 15:12:13
INFINIUM,2023-10-27 12:42:40
INFINIUM,2023-10-28 20:25:46
INFINIUM,2024-05-29 14:18:33
INFINIUM,2024-11-14 15:32:04
INFOBEAN,2021-01-25 11:22:03
INFOBEAN,2021-04-26 11:13:27
INFOBEAN,2021-07-30 11:53:07
INFOBEAN,2021-10-28 11:13:20
INFOBEAN,2022-01-27 10:42:39
INFOBEAN,2022-04-27 13:00:51
INFOBEAN,2023-01-25 10:51:41
INFOBEAN,2023-05-12 11:52:22
INFOBEAN,2023-07-31 12:08:55
INFOBEAN,2023-10-31 10:29:43
INFOBEAN,2024-01-24 11:04:35
INFOBEAN,2024-05-07 12:31:55
INFOBEAN,2024-07-23 11:47:23
INFOBEAN,2024-10-28 11:32:17
INFOBEAN,2025-01-28 10:38:24
INFOLLION,2023-11-08 12:07:22
INFOLLION,2024-05-06 12:27:54
INFOLLION,2024-10-14 12:08:20
INFOMEDIA,2021-01-16 12:13:44
INFOMEDIA,2021-04-17 13:42:29
INFOMEDIA,2021-07-17 13:36:36
INFOMEDIA,2021-10-16 14:56:56
INFOMEDIA,2022-01-14 16:14:08
INFOMEDIA,2022-05-02 13:25:12
INFOMEDIA,2023-01-14 12:13:29
INFOMEDIA,2023-04-14 13:46:01
INFOMEDIA,2023-07-14 18:37:41
INFOMEDIA,2023-10-20 18:45:02
INFOMEDIA,2024-01-15 18:08:40
INFOMEDIA,2024-04-17 18:01:13
INFOMEDIA,2024-07-12 18:43:52
INFOMEDIA,2024-10-10 16:32:23
INFOMEDIA,2025-01-10 19:06:58
INFY,2021-01-13 21:56:09
INFY,2021-04-14 16:09:03
INFY,2021-07-14 16:13:35
INFY,2021-10-13 16:13:22
INFY,2022-01-12 16:10:13
INFY,2022-04-13 16:27:56
INFY,2023-01-12 15:38:16
INFY,2023-04-13 16:09:57
INFY,2023-07-20 15:53:42
INFY,2023-10-12 15:59:02
INFY,2024-01-11 16:09:00
INFY,2024-04-19 11:23:49
INFY,2024-07-18 15:38:46
INFY,2024-10-17 15:39:01
INFY,2025-01-16 15:55:31
INGERRAND,2021-02-12 15:51:32
INGERRAND,2021-06-01 11:19:38
INGERRAND,2021-11-12 13:49:44
INGERRAND,2022-02-09 13:17:46
INGERRAND,2022-05-30 19:56:54
INGERRAND,2023-02-10 17:47:23
INGERRAND,2023-05-25 14:05:40
INGERRAND,2023-08-10 13:53:03
INGERRAND,2023-11-08 14:46:15
INGERRAND,2024-02-13 13:39:44
INGERRAND,2024-05-28 13:41:34
INGERRAND,2024-08-12 17:37:13
INGERRAND,2024-11-12 13:49:53
INGERRAND,2025-02-14 15:11:48
INM,2024-05-28 18:22:33
INM,2024-11-13 13:49:07
INNOMET,2024-11-12 13:00:50
INNOVACAP,2024-01-18 18:05:13
INNOVACAP,2024-02-13 17:23:33
INNOVACAP,2024-05-29 19:36:53
INNOVACAP,2024-08-09 17:14:28
INNOVACAP,2024-11-07 16:54:35
INNOVACAP,2025-02-05 17:31:43
INNOVANA,2021-06-28 19:16:29
INNOVANA,2021-11-01 18:43:41
INNOVANA,2021-11-01 18:43:41
INNOVANA,2021-11-01 18:47:17
INNOVANA,2022-05-28 18:27:20
INNOVANA,2023-05-29 19:02:58
INNOVANA,2023-07-28 15:22:24
INNOVANA,2023-11-08 17:04:10
INNOVANA,2024-02-12 18:06:45
INNOVANA,2024-05-15 19:34:45
INNOVANA,2024-08-14 19:45:42
INNOVANA,2024-11-14 19:07:17
INNOVANA,2025-02-12 17:15:35
INNOVATIVE,2021-06-29 17:02:24
INNOVATIVE,2021-11-14 17:20:40
INNOVATIVE,2022-05-19 18:42:39
INNOVATIVE,2023-07-06 21:58:05
INNOVATIVE,2023-11-10 17:51:56
INNOVATIVE,2024-05-30 17:39:21
INNOVATIVE,2024-11-14 16:33:03
INOXGREEN,2023-02-10 16:19:36
INOXGREEN,2023-05-26 17:32:18
INOXGREEN,2023-07-29 19:38:05
INOXGREEN,2023-10-27 16:12:35
INOXGREEN,2024-02-09 16:36:23
INOXGREEN,2024-05-03 15:49:46
INOXGREEN,2024-08-09 15:41:04
INOXGREEN,2024-10-25 16:38:19
INOXGREEN,2025-01-31 15:30:35
INOXINDIA,2024-02-13 13:52:03
INOXINDIA,2024-05-13 14:05:02
INOXINDIA,2024-08-09 13:10:18
INOXINDIA,2024-11-08 13:45:39
INOXINDIA,2025-02-07 18:56:39
INOXLEISUR,2021-02-03 15:44:38
INOXLEISUR,2021-04-29 13:06:21
INOXLEISUR,2021-08-03 12:30:40
INOXLEISUR,2021-10-22 12:37:57
INOXLEISUR,2022-01-21 15:56:50
INOXLEISUR,2022-05-02 17:13:11
INOXLEISUR,2023-01-30 16:31:29
INOXWIND,2021-02-12 17:26:52
INOXWIND,2021-08-13 16:09:09
INOXWIND,2021-10-14 16:44:35
INOXWIND,2022-02-11 17:40:11
INOXWIND,2022-05-27 23:45:31
INOXWIND,2023-02-10 18:37:00
INOXWIND,2023-05-26 17:37:58
INOXWIND,2023-07-29 20:31:18
INOXWIND,2023-10-27 16:22:52
INOXWIND,2024-02-09 16:49:30
INOXWIND,2024-05-03 16:26:56
INOXWIND,2024-08-09 16:14:58
INOXWIND,2024-10-25 16:50:22
INOXWIND,2025-01-31 16:02:58
INSECTICID,2021-02-05 14:07:14
INSECTICID,2021-06-18 15:57:24
INSECTICID,2021-08-10 15:56:01
INSECTICID,2021-11-12 14:57:24
INSECTICID,2022-02-10 16:52:26
INSECTICID,2022-05-26 16:31:38
INSECTICID,2023-02-13 15:35:26
INSECTICID,2023-05-30 15:45:53
INSECTICID,2023-08-10 14:53:00
INSECTICID,2023-11-02 14:54:52
INSECTICID,2024-02-05 16:59:44
INSECTICID,2024-05-28 17:29:20
INSECTICID,2024-08-09 15:24:57
INSECTICID,2024-11-11 15:45:06
INSECTICID,2025-02-10 15:40:05
INSPIRE,2023-11-12 00:25:34
INSPIRE,2024-05-30 01:48:17
INSPIRE,2024-11-14 16:42:40
INSPIRISYS,2021-02-08 17:54:33
INSPIRISYS,2021-02-08 17:55:54
INSPIRISYS,2021-05-10 20:28:19
INSPIRISYS,2021-05-10 20:37:59
INSPIRISYS,2021-08-09 16:52:39
INSPIRISYS,2021-08-09 16:56:20
INSPIRISYS,2021-11-09 14:53:14
INSPIRISYS,2021-11-09 14:54:09
INSPIRISYS,2022-02-08 18:17:43
INSPIRISYS,2022-02-08 18:19:13
INSPIRISYS,2022-05-10 15:58:57
INSPIRISYS,2023-02-07 16:27:36
INSPIRISYS,2023-05-10 16:53:43
INSPIRISYS,2023-08-08 16:51:17
INSPIRISYS,2023-11-07 18:07:19
INSPIRISYS,2024-02-08 18:21:33
INSPIRISYS,2024-05-10 20:17:27
INSPIRISYS,2024-08-08 16:23:48
INSPIRISYS,2024-11-08 16:34:13
INSPIRISYS,2025-02-07 17:25:53
INTELLECT,2021-02-02 14:07:04
INTELLECT,2021-02-02 14:09:02
INTELLECT,2021-05-10 20:25:28
INTELLECT,2021-07-28 14:00:11
INTELLECT,2021-07-28 14:01:57
INTELLECT,2021-10-28 15:01:17
INTELLECT,2022-01-27 13:31:26
INTELLECT,2022-05-05 15:02:10
INTELLECT,2023-02-03 16:01:27
INTELLECT,2023-05-11 16:32:06
INTELLECT,2023-07-27 16:12:41
INTELLECT,2023-10-27 15:50:02
INTELLECT,2024-01-25 15:41:24
INTELLECT,2024-05-09 16:06:46
INTELLECT,2024-07-26 16:07:53
INTELLECT,2024-10-25 15:52:24
INTELLECT,2025-01-24 15:49:05
INTENTECH,2021-02-12 16:07:50
INTENTECH,2021-06-11 18:27:43
INTENTECH,2021-08-13 17:40:59
INTENTECH,2021-11-12 19:18:28
INTENTECH,2022-02-12 17:54:48
INTENTECH,2022-05-30 19:24:37
INTENTECH,2022-05-30 20:03:17
INTENTECH,2023-02-10 18:42:29
INTENTECH,2023-05-30 16:43:17
INTENTECH,2023-07-25 16:46:30
INTENTECH,2023-10-27 16:52:27
INTENTECH,2024-01-19 15:54:58
INTENTECH,2024-05-17 16:18:27
INTENTECH,2024-08-06 16:13:47
INTENTECH,2024-11-05 15:56:16
INTENTECH,2025-02-13 17:24:07
INTERARCH,2024-09-12 14:32:03
INTERARCH,2024-10-28 17:50:08
INTERARCH,2025-02-04 18:43:04
INTLCONV,2021-10-30 23:06:07
INTLCONV,2021-10-31 19:27:07
INTLCONV,2022-01-27 16:41:02
INTLCONV,2022-01-27 16:49:50
INTLCONV,2022-05-27 18:27:21
INTLCONV,2023-02-13 15:10:17
INTLCONV,2023-05-30 18:12:50
INTLCONV,2023-08-14 19:07:50
INTLCONV,2023-11-13 19:29:41
INTLCONV,2024-02-09 18:46:26
INTLCONV,2024-05-17 18:52:40
INTLCONV,2024-08-14 19:21:02
INTLCONV,2024-11-14 15:57:26
INTLCONV,2025-02-13 18:22:27
INVENTURE,2021-02-12 20:18:02
INVENTURE,2021-06-09 20:28:23
INVENTURE,2021-08-06 13:26:14
INVENTURE,2021-10-22 18:48:36
INVENTURE,2022-01-21 16:50:30
INVENTURE,2022-05-14 19:32:00
INVENTURE,2023-02-10 13:52:54
INVENTURE,2023-05-23 18:17:28
INVENTURE,2023-08-09 18:25:25
INVENTURE,2023-11-02 14:56:45
INVENTURE,2024-02-05 23:17:12
INVENTURE,2024-05-29 21:52:54
INVENTURE,2024-07-18 21:06:44
INVENTURE,2024-10-30 19:10:18
INVENTURE,2025-02-06 17:37:01
IOB,2021-02-09 13:18:13
IOB,2021-06-14 13:41:23
IOB,2021-08-03 12:31:22
IOB,2021-10-27 14:01:55
IOB,2022-02-02 13:26:45
IOB,2022-06-24 15:58:25
IOB,2023-02-09 15:33:03
IOB,2023-05-12 19:04:55
IOB,2023-08-02 14:19:32
IOB,2023-10-27 12:47:32
IOB,2024-01-24 13:13:43
IOB,2024-05-09 14:09:23
IOB,2024-07-22 13:11:31
IOB,2024-10-17 15:09:21
IOB,2025-01-20 12:37:30
IOC,2021-01-29 13:05:28
IOC,2021-05-19 14:30:48
IOC,2021-07-30 13:28:13
IOC,2021-10-30 14:07:05
IOC,2022-01-31 17:49:15
IOC,2022-05-17 16:22:39
IOC,2023-01-31 14:01:22
IOC,2023-05-16 13:53:07
IOC,2023-07-28 14:16:54
IOC,2023-10-31 13:57:10
IOC,2024-01-24 14:26:40
IOC,2024-04-30 14:49:55
IOC,2024-07-30 14:57:15
IOC,2024-10-28 15:24:03
IOC,2025-01-27 14:42:50
IOLCP,2021-02-10 16:43:05
IOLCP,2021-06-04 19:27:00
IOLCP,2021-08-13 18:45:30
IOLCP,2021-11-12 17:39:04
IOLCP,2022-02-04 18:29:07
IOLCP,2022-05-30 20:55:36
IOLCP,2023-02-07 17:48:32
IOLCP,2023-04-28 13:55:39
IOLCP,2023-08-09 18:07:57
IOLCP,2023-11-08 15:58:27
IOLCP,2024-02-06 18:13:09
IOLCP,2024-05-14 16:48:14
IOLCP,2024-08-09 18:35:50
IOLCP,2024-11-14 16:57:50
IOLCP,2025-02-12 18:03:11
IONEXCHANG,2022-05-28 17:07:48
IONEXCHANG,2023-02-03 16:37:56
IONEXCHANG,2023-05-26 18:48:41
IONEXCHANG,2023-07-26 16:16:13
IONEXCHANG,2023-10-27 17:35:28
IONEXCHANG,2024-01-25 16:49:43
IONEXCHANG,2024-05-29 20:16:11
IONEXCHANG,2024-08-02 17:54:26
IONEXCHANG,2024-11-12 18:39:54
IONEXCHANG,2025-01-23 18:46:07
IPCALAB,2021-02-04 12:56:44
IPCALAB,2021-05-28 13:34:47
IPCALAB,2021-08-05 12:37:40
IPCALAB,2021-11-13 12:40:31
IPCALAB,2022-02-14 12:41:53
IPCALAB,2022-05-24 13:15:53
IPCALAB,2023-05-29 13:44:08
IPCALAB,2023-08-10 13:11:58
IPCALAB,2023-11-10 13:40:20
IPCALAB,2024-02-14 13:44:29
IPCALAB,2024-05-29 13:44:56
IPCALAB,2024-08-13 13:08:02
IPCALAB,2024-11-14 13:22:26
IPCALAB,2025-02-13 13:10:22
IPHL,2024-11-12 17:50:10
IPL,2021-07-22 13:24:38
IPL,2021-07-22 18:58:29
IPL,2021-10-30 22:07:25
IPL,2022-02-03 19:39:39
IPL,2022-05-28 14:29:31
IPL,2023-02-04 14:14:48
IPL,2023-05-30 21:23:31
IPL,2023-07-31 20:24:36
IPL,2023-11-06 21:15:32
IPL,2024-02-07 21:46:11
IPL,2024-05-30 17:22:15
IPL,2024-08-02 20:48:41
IPL,2024-11-06 19:10:58
IPL,2025-02-08 14:23:52
IPSL,2023-05-29 21:26:11
IPSL,2023-11-11 17:39:34
IPSL,2024-05-29 21:44:28
IPSL,2024-11-14 21:49:34
IPSL,2024-11-14 22:07:03
IRB,2021-01-18 16:15:28
IRB,2021-05-27 16:15:13
IRB,2021-08-10 16:17:46
IRB,2021-10-26 16:07:48
IRB,2022-02-10 18:07:39
IRB,2022-05-17 16:15:06
IRB,2023-02-13 19:52:49
IRB,2023-05-19 15:31:38
IRB,2023-07-31 17:05:17
IRB,2023-10-27 17:49:45
IRB,2024-01-31 18:00:18
IRB,2024-05-07 15:40:09
IRB,2024-08-09 13:54:15
IRB,2024-10-30 15:43:56
IRB,2025-01-31 17:23:00
IRCON,2021-02-13 11:57:25
IRCON,2021-06-30 15:04:44
IRCON,2021-08-12 15:14:04
IRCON,2021-11-12 14:48:41
IRCON,2022-02-14 18:12:23
IRCON,2022-05-27 15:46:22
IRCON,2023-02-08 18:42:12
IRCON,2023-05-24 15:21:17
IRCON,2023-08-08 14:39:49
IRCON,2023-11-09 14:38:40
IRCON,2024-02-08 18:17:06
IRCON,2024-05-21 17:22:13
IRCON,2024-08-08 17:40:11
IRCON,2024-11-07 18:02:38
IRCON,2025-02-11 19:00:22
IRCTC,2021-01-28 18:24:47
IRCTC,2021-06-29 15:25:23
IRCTC,2021-06-29 15:33:14
IRCTC,2021-08-12 14:22:51
IRCTC,2021-11-01 13:25:55
IRCTC,2022-02-08 16:13:44
IRCTC,2022-05-31 12:02:20
IRCTC,2023-02-09 14:23:53
IRCTC,2023-05-29 20:42:07
IRCTC,2023-08-09 16:30:42
IRCTC,2023-11-07 15:59:23
IRCTC,2024-02-13 20:10:45
IRCTC,2024-05-28 19:27:53
IRCTC,2024-08-13 15:13:33
IRCTC,2024-11-04 17:39:41
IRCTC,2025-02-11 15:57:10
IREDA,2024-01-20 13:23:30
IREDA,2024-04-19 18:18:09
IREDA,2024-07-12 19:45:21
IREDA,2024-10-10 16:29:31
IREDA,2025-01-09 20:35:04
IRFC,2021-07-12 18:10:03
IRFC,2021-08-13 17:47:43
IRFC,2021-11-01 13:55:02
IRFC,2022-02-10 14:33:32
IRFC,2022-05-20 14:21:53
IRFC,2023-02-13 14:01:14
IRFC,2023-05-25 12:44:58
IRFC,2023-08-11 17:35:19
IRFC,2023-11-02 17:20:02
IRFC,2024-02-09 16:56:49
IRFC,2024-05-20 16:58:07
IRFC,2024-08-12 17:17:02
IRFC,2024-11-04 16:28:23
IRFC,2025-01-20 14:10:26
IRIS,2021-11-13 13:59:36
IRIS,2022-02-14 18:22:23
IRIS,2022-05-27 16:07:58
IRIS,2023-02-13 19:23:06
IRIS,2023-05-26 15:18:55
IRIS,2023-08-10 12:43:19
IRIS,2023-11-08 13:47:45
IRIS,2024-02-10 13:56:42
IRIS,2024-05-18 17:52:10
IRIS,2024-08-08 16:19:00
IRIS,2024-10-28 16:14:01
IRIS,2025-01-31 15:54:49
IRISDOREME,2021-04-30 20:13:14
IRISDOREME,2021-04-30 20:15:39
IRISDOREME,2021-08-02 18:11:38
IRISDOREME,2021-08-02 18:15:02
IRISDOREME,2021-10-22 16:51:03
IRISDOREME,2021-10-22 16:57:59
IRISDOREME,2022-01-27 18:52:17
IRISDOREME,2022-01-27 19:01:59
IRISDOREME,2022-04-29 17:40:36
IRISDOREME,2023-02-03 17:28:38
IRISDOREME,2023-05-04 18:26:16
IRISDOREME,2023-07-22 17:07:58
IRISDOREME,2023-11-06 17:35:33
IRISDOREME,2024-02-05 11:59:47
IRISDOREME,2024-05-13 13:21:14
IRISDOREME,2024-08-02 11:42:48
IRISDOREME,2024-10-28 17:12:11
IRISDOREME,2025-02-03 12:45:18
IRMENERGY,2023-11-09 19:48:58
IRMENERGY,2024-02-09 20:35:51
IRMENERGY,2024-05-21 19:52:59
IRMENERGY,2024-08-14 20:08:39
IRMENERGY,2024-11-13 22:42:40
IRMENERGY,2025-02-10 22:11:59
ISEC,2021-01-25 17:13:15
ISEC,2021-04-21 17:06:37
ISEC,2021-07-20 22:50:52
ISEC,2021-10-19 16:50:49
ISEC,2022-01-18 14:28:45
ISEC,2022-04-20 18:33:31
ISEC,2023-01-19 13:22:53
ISEC,2023-04-19 18:14:19
ISEC,2023-07-20 21:30:32
ISEC,2023-10-16 16:44:38
ISEC,2024-01-16 16:28:48
ISEC,2024-04-18 18:02:45
ISEC,2024-07-23 21:00:34
ISEC,2024-10-22 12:58:35
ISEC,2025-01-20 14:14:07
ISFT,2021-02-12 17:17:00
ISFT,2021-06-28 18:10:13
ISFT,2021-08-12 19:25:07
ISFT,2021-11-12 18:32:54
ISFT,2022-02-11 19:06:24
ISFT,2022-05-30 17:10:51
ISFT,2023-02-14 17:04:56
ISFT,2023-05-29 17:18:27
ISFT,2023-08-14 17:55:48
ISFT,2023-11-11 15:31:12
ISFT,2024-02-13 16:23:25
ISFT,2024-05-14 18:04:31
ISFT,2024-08-13 17:00:37
ISFT,2024-11-13 16:41:41
ISFT,2025-02-13 17:06:32
ISGEC,2021-06-28 23:26:59
ISGEC,2021-08-11 13:30:44
ISGEC,2021-08-11 13:32:38
ISGEC,2021-11-12 13:47:25
ISGEC,2022-02-12 15:09:08
ISGEC,2022-05-28 15:20:43
ISGEC,2023-02-13 14:35:22
ISGEC,2023-05-29 15:34:19
ISGEC,2023-08-11 15:51:57
ISGEC,2023-11-14 13:57:26
ISGEC,2024-02-13 14:09:21
ISGEC,2024-05-29 15:39:29
ISGEC,2024-08-13 15:24:45
ISGEC,2024-11-13 15:26:49
ISGEC,2025-02-10 18:42:22
ISHAN,2022-12-22 13:53:41
ISHAN,2023-06-02 19:59:12
ISHAN,2023-11-09 20:35:44
ISHAN,2024-07-04 20:58:27
ISHAN,2024-11-14 22:55:30
ISHAN,2024-11-15 19:54:31
ISMTLTD,2021-02-10 15:11:02
ISMTLTD,2021-07-12 18:17:01
ISMTLTD,2021-08-14 16:14:16
ISMTLTD,2021-12-06 16:27:28
ISMTLTD,2022-02-14 15:28:56
ISMTLTD,2022-05-09 17:40:34
ISMTLTD,2023-01-24 14:11:40
ISMTLTD,2023-05-03 14:48:14
ISMTLTD,2023-07-26 17:34:27
ISMTLTD,2023-10-26 15:21:51
ISMTLTD,2024-01-24 18:51:52
ISMTLTD,2024-05-10 16:30:21
ISMTLTD,2024-07-29 15:04:45
ITALIANE,2024-05-30 17:18:48
ITALIANE,2024-11-13 17:50:29
ITC,2021-02-11 20:12:26
ITC,2021-06-01 18:58:48
ITC,2021-06-01 19:14:14
ITC,2021-07-24 19:46:37
ITC,2021-10-27 20:14:30
ITC,2022-02-03 21:03:00
ITC,2022-05-18 18:29:30
ITC,2023-02-03 17:09:22
ITC,2023-05-18 14:40:18
ITC,2023-08-14 16:36:50
ITC,2023-10-19 20:14:30
ITC,2024-01-29 18:37:40
ITC,2024-05-23 14:07:36
ITC,2024-08-01 16:16:51
ITC,2024-10-24 19:14:21
ITC,2025-02-06 18:37:02
ITDC,2021-02-11 19:03:37
ITDC,2021-07-20 18:42:54
ITDC,2021-08-24 17:29:44
ITDC,2021-11-12 17:10:10
ITDC,2022-02-14 20:12:01
ITDC,2022-06-14 20:48:55
ITDC,2023-02-07 15:20:47
ITDC,2023-05-24 20:25:54
ITDC,2023-08-08 18:41:57
ITDC,2023-11-07 18:15:28
ITDC,2024-02-09 19:01:21
ITDC,2024-05-11 14:49:43
ITDC,2024-08-13 19:37:22
ITDC,2024-11-14 19:52:54
ITDC,2025-02-13 17:08:40
ITI,2021-02-12 16:53:45
ITI,2021-06-22 19:52:14
ITI,2021-08-12 19:19:29
ITI,2021-11-12 15:10:16
ITI,2022-02-11 15:37:06
ITI,2022-05-25 19:06:17
ITI,2023-02-13 16:17:13
ITI,2023-05-29 16:56:18
ITI,2023-08-11 16:18:21
ITI,2023-11-09 15:08:19
ITI,2024-02-13 15:20:23
ITI,2024-05-28 20:09:00
ITI,2024-08-13 11:33:45
ITI,2024-11-14 15:25:15
ITI,2025-02-13 15:18:48
ITTL,2024-12-16 20:55:35
IVC,2021-02-12 18:24:18
IVC,2021-06-30 19:25:55
IVC,2021-08-13 18:05:20
IVC,2021-11-12 17:39:15
IVC,2022-02-14 16:55:08
IVC,2022-05-31 13:59:21
IVC,2023-02-13 13:00:07
IVC,2023-05-30 15:48:10
IVC,2023-08-14 13:20:57
IVC,2023-11-09 13:16:06
IVC,2024-02-13 14:11:51
IVC,2024-05-22 15:36:32
IVC,2024-08-12 13:43:15
IVC,2024-11-14 14:39:03
IVC,2025-02-13 21:10:40
IVC,2025-02-14 19:18:03
IVP,2021-02-11 14:45:24
IVP,2021-06-11 18:49:04
IVP,2021-07-28 14:48:09
IVP,2021-11-11 13:46:02
IVP,2022-02-10 16:42:16
IVP,2022-05-17 16:47:31
IVP,2023-02-09 15:04:50
IVP,2023-04-27 15:30:35
IVP,2023-08-10 17:56:48
IVP,2023-11-09 14:27:43
IVP,2024-02-09 15:11:28
IVP,2024-05-23 14:55:41
IVP,2024-08-08 17:36:46
IVP,2024-11-11 17:29:14
IVP,2025-01-30 16:36:04
IVRCLINFRA,2021-02-12 16:15:44
IVRCLINFRA,2021-06-30 15:19:51
IVRCLINFRA,2021-08-12 17:54:43
IVRCLINFRA,2021-11-12 17:47:39
IVRCLINFRA,2022-02-14 17:08:57
IVRCLINFRA,2022-05-30 16:47:19
IVRCLINFRA,2023-02-13 15:42:43
IVRCLINFRA,2023-05-29 18:14:34
IVRCLINFRA,2023-08-14 15:24:23
IVRCLINFRA,2023-11-14 17:03:21
IVRCLINFRA,2024-02-14 18:48:12
IVRCLINFRA,2024-05-29 17:54:56
IVRCLINFRA,2024-08-13 17:31:05
IVRCLINFRA,2024-11-13 17:17:56
IVRCLINFRA,2025-02-13 16:43:14
IWEL,2021-06-25 17:34:38
IWEL,2021-08-13 17:20:40
IWEL,2021-10-14 17:41:32
IWEL,2022-02-11 18:51:18
IWEL,2022-05-27 23:48:31
IWEL,2023-02-10 19:48:31
IWEL,2023-05-26 21:07:46
IWEL,2023-07-29 21:20:22
IWEL,2023-10-27 17:49:10
IWEL,2024-02-09 17:28:59
IWEL,2024-05-03 17:45:30
IWEL,2024-08-09 17:59:52
IWEL,2024-10-25 17:30:01
IWEL,2025-01-31 16:36:33
IXIGO,2024-07-04 16:36:44
IXIGO,2024-08-01 16:49:49
IXIGO,2024-10-24 17:05:47
IXIGO,2025-01-28 16:48:45
IZMO,2021-02-12 18:50:28
IZMO,2021-06-12 15:42:07
IZMO,2021-07-05 17:26:54
IZMO,2021-08-14 15:44:55
IZMO,2021-08-15 14:02:35
IZMO,2021-11-15 15:14:01
IZMO,2022-02-14 17:17:49
IZMO,2022-05-28 16:22:50
IZMO,2023-02-13 15:50:31
IZMO,2023-05-30 17:32:12
IZMO,2023-08-11 15:45:47
IZMO,2023-11-10 19:16:29
IZMO,2024-02-13 15:06:32
IZMO,2024-05-30 19:51:49
IZMO,2024-08-12 18:10:43
IZMO,2024-11-13 17:46:30
IZMO,2025-02-14 15:54:43
J&KBANK,2021-02-09 17:13:53
J&KBANK,2021-06-17 19:28:42
J&KBANK,2021-08-13 19:51:25
J&KBANK,2021-09-16 16:37:48
J&KBANK,2021-11-12 15:59:48
J&KBANK,2022-02-08 17:07:30
J&KBANK,2022-05-13 12:22:26
J&KBANK,2023-01-23 16:44:57
J&KBANK,2023-05-05 02:35:38
J&KBANK,2023-07-24 13:38:52
J&KBANK,2023-10-20 16:26:56
J&KBANK,2024-01-20 16:41:58
J&KBANK,2024-05-04 18:51:12
J&KBANK,2024-07-27 15:24:36
J&KBANK,2024-10-25 14:43:20
J&KBANK,2025-01-20 18:24:39
JAGRAN,2021-02-08 17:06:10
JAGRAN,2021-05-28 19:38:51
JAGRAN,2021-08-13 16:13:50
JAGRAN,2021-10-25 19:06:33
JAGRAN,2022-02-08 18:43:22
JAGRAN,2022-05-30 21:01:27
JAGRAN,2023-02-02 16:28:57
JAGRAN,2023-05-30 18:27:07
JAGRAN,2023-08-14 16:15:20
JAGRAN,2023-10-30 19:11:47
JAGRAN,2024-02-10 17:44:20
JAGRAN,2024-05-28 18:17:06
JAGRAN,2024-08-10 16:56:18
JAGRAN,2024-11-07 17:05:54
JAGRAN,2025-02-05 17:37:53
JAGSNPHARM,2021-02-12 14:52:12
JAGSNPHARM,2021-06-30 16:11:47
JAGSNPHARM,2021-08-13 19:33:57
JAGSNPHARM,2021-08-13 19:35:23
JAGSNPHARM,2021-10-19 17:27:47
JAGSNPHARM,2022-02-11 13:41:47
JAGSNPHARM,2022-05-31 17:42:38
JAGSNPHARM,2023-02-08 19:52:54
JAGSNPHARM,2023-05-23 14:43:27
JAGSNPHARM,2023-08-02 18:21:38
JAGSNPHARM,2023-11-03 13:59:37
JAGSNPHARM,2024-02-02 17:25:25
JAGSNPHARM,2024-05-20 19:13:36
JAGSNPHARM,2024-08-07 18:36:17
JAGSNPHARM,2024-10-23 18:06:24
JAGSNPHARM,2025-01-22 18:01:51
JAIBALAJI,2021-02-12 16:55:06
JAIBALAJI,2021-06-30 17:09:49
JAIBALAJI,2021-08-14 12:45:55
JAIBALAJI,2021-11-15 14:08:39
JAIBALAJI,2022-02-11 15:45:52
JAIBALAJI,2022-05-27 15:13:52
JAIBALAJI,2023-02-13 16:17:53
JAIBALAJI,2023-05-30 18:25:29
JAIBALAJI,2023-08-14 13:44:21
JAIBALAJI,2023-10-16 14:45:15
JAIBALAJI,2024-01-15 15:16:32
JAIBALAJI,2024-04-25 16:46:42
JAIBALAJI,2024-07-29 14:37:59
JAIBALAJI,2024-11-12 14:26:47
JAIBALAJI,2025-02-11 16:23:48
JAICORPLTD,2021-02-11 17:43:33
JAICORPLTD,2021-06-04 15:16:50
JAICORPLTD,2021-08-13 18:41:32
JAICORPLTD,2021-11-02 17:46:41
JAICORPLTD,2021-11-11 17:01:15
JAICORPLTD,2022-02-11 19:07:12
JAICORPLTD,2022-05-25 16:18:48
JAICORPLTD,2023-02-13 18:02:10
JAICORPLTD,2023-05-25 20:20:38
JAICORPLTD,2023-08-11 19:40:50
JAICORPLTD,2023-11-10 17:41:37
JAICORPLTD,2024-02-08 18:46:35
JAICORPLTD,2024-05-27 19:54:52
JAICORPLTD,2024-08-14 17:22:46
JAICORPLTD,2024-11-11 18:36:51
JAICORPLTD,2025-02-14 19:00:01
JAINAM,2021-11-12 16:42:30
JAINAM,2021-11-12 19:16:26
JAINAM,2022-05-26 12:42:16
JAINAM,2023-05-29 17:38:01
JAINAM,2023-11-10 18:52:20
JAINAM,2024-05-28 16:45:12
JAINAM,2024-10-28 18:16:23
JAIPURKURT,2021-11-14 23:24:12
JAIPURKURT,2022-02-09 19:49:00
JAIPURKURT,2022-05-30 22:39:37
JAIPURKURT,2023-02-14 19:05:08
JAIPURKURT,2023-05-25 23:36:33
JAIPURKURT,2023-08-14 20:45:12
JAIPURKURT,2023-11-14 18:36:07
JAIPURKURT,2024-01-27 19:05:03
JAIPURKURT,2024-05-14 21:25:32
JAIPURKURT,2024-08-10 19:28:51
JAIPURKURT,2024-10-28 17:31:35
JAIPURKURT,2025-02-03 23:56:55
JAKHARIA,2021-06-30 17:03:09
JAKHARIA,2021-11-14 19:47:16
JAKHARIA,2022-05-30 23:19:43
JAKHARIA,2023-05-29 19:54:35
JAKHARIA,2023-11-14 17:46:35
JAKHARIA,2024-05-29 19:22:13
JAKHARIA,2024-11-19 17:41:18
JALAN,2021-06-30 17:17:07
JALAN,2021-11-14 13:30:33
JALAN,2022-05-30 17:35:38
JALAN,2023-05-29 14:03:12
JALAN,2023-11-09 13:55:19
JALAN,2024-05-28 14:12:24
JALAN,2024-11-14 17:09:52
JAMNAAUTO,2021-02-05 14:57:46
JAMNAAUTO,2021-05-31 18:11:24
JAMNAAUTO,2021-08-14 15:50:13
JAMNAAUTO,2021-11-10 16:04:04
JAMNAAUTO,2022-02-08 17:42:49
JAMNAAUTO,2022-05-21 17:39:49
JAMNAAUTO,2023-02-03 15:15:38
JAMNAAUTO,2023-05-29 15:52:20
JAMNAAUTO,2023-08-11 15:43:08
JAMNAAUTO,2023-11-06 15:39:38
JAMNAAUTO,2024-02-07 15:47:34
JAMNAAUTO,2024-05-24 14:55:33
JAMNAAUTO,2024-09-27 19:28:00
JAMNAAUTO,2024-11-14 15:59:21
JAMNAAUTO,2025-02-14 16:37:12
JASH,2021-02-11 14:55:49
JASH,2021-06-23 14:12:48
JASH,2021-08-13 13:28:15
JASH,2021-11-12 15:00:21
JASH,2022-02-11 14:46:02
JASH,2022-05-30 14:46:14
JASH,2023-02-04 15:24:55
JASH,2023-05-23 16:47:02
JASH,2023-08-14 14:50:51
JASH,2023-11-03 16:11:35
JASH,2024-02-02 15:31:58
JASH,2024-05-09 20:51:03
JASH,2024-08-08 15:20:30
JASH,2024-11-13 17:14:28
JASH,2025-02-12 15:18:47
JAYAGROGN,2021-02-06 17:13:58
JAYAGROGN,2021-05-15 19:22:24
JAYAGROGN,2021-07-31 17:31:23
JAYAGROGN,2021-10-30 15:42:10
JAYAGROGN,2022-02-12 18:12:34
JAYAGROGN,2022-05-31 16:32:46
JAYAGROGN,2023-02-11 13:11:26
JAYAGROGN,2023-05-27 15:23:14
JAYAGROGN,2023-07-29 16:02:45
JAYAGROGN,2023-10-28 14:57:38
JAYAGROGN,2024-02-10 16:38:58
JAYAGROGN,2024-05-25 18:09:23
JAYAGROGN,2024-08-14 17:54:25
JAYAGROGN,2024-10-26 13:18:03
JAYAGROGN,2025-02-08 14:59:33
JAYBARMARU,2021-01-27 15:11:36
JAYBARMARU,2021-04-29 19:23:53
JAYBARMARU,2021-07-27 14:57:59
JAYBARMARU,2021-10-26 15:47:19
JAYBARMARU,2022-01-24 14:42:01
JAYBARMARU,2022-04-30 14:18:52
JAYBARMARU,2023-02-07 19:03:56
JAYBARMARU,2023-05-10 19:24:08
JAYBARMARU,2023-08-08 18:17:38
JAYBARMARU,2023-11-04 14:54:57
JAYBARMARU,2024-02-14 18:05:06
JAYBARMARU,2024-05-13 19:32:17
JAYBARMARU,2024-08-03 14:49:55
JAYBARMARU,2024-11-06 15:19:17
JAYBARMARU,2025-01-30 15:36:39
JAYBEE,2024-10-24 16:19:14
JAYNECOIND,2021-02-12 18:49:16
JAYNECOIND,2021-06-30 17:40:09
JAYNECOIND,2021-08-14 18:04:53
JAYNECOIND,2021-11-11 18:09:40
JAYNECOIND,2022-02-12 17:53:27
JAYNECOIND,2022-05-30 17:36:58
JAYNECOIND,2023-02-11 17:26:19
JAYNECOIND,2023-05-23 16:30:27
JAYNECOIND,2023-08-14 16:51:10
JAYNECOIND,2023-11-03 17:38:38
JAYNECOIND,2024-01-25 16:25:27
JAYNECOIND,2024-04-30 17:31:10
JAYNECOIND,2024-08-14 17:39:20
JAYNECOIND,2024-10-26 14:46:50
JAYNECOIND,2025-01-23 14:19:16
JAYSREETEA,2021-02-14 19:07:26
JAYSREETEA,2021-06-30 23:39:22
JAYSREETEA,2021-08-13 20:14:43
JAYSREETEA,2021-11-11 23:02:04
JAYSREETEA,2022-02-14 23:01:03
JAYSREETEA,2022-05-28 19:55:19
JAYSREETEA,2023-02-10 22:31:25
JAYSREETEA,2023-05-24 00:15:51
JAYSREETEA,2023-08-14 15:58:15
JAYSREETEA,2023-11-10 17:18:00
JAYSREETEA,2024-02-09 15:59:22
JAYSREETEA,2024-05-23 23:55:53
JAYSREETEA,2024-08-09 15:19:05
JAYSREETEA,2024-11-14 15:23:44
JAYSREETEA,2025-02-13 14:50:48
JBCHEPHARM,2021-02-10 19:34:29
JBCHEPHARM,2021-06-14 20:28:26
JBCHEPHARM,2021-08-12 19:04:42
JBCHEPHARM,2021-11-12 15:51:32
JBCHEPHARM,2022-02-14 18:42:22
JBCHEPHARM,2022-05-26 15:57:19
JBCHEPHARM,2023-02-08 18:32:59
JBCHEPHARM,2023-05-24 16:32:49
JBCHEPHARM,2023-08-09 15:42:34
JBCHEPHARM,2023-11-07 15:32:06
JBCHEPHARM,2024-02-06 16:02:47
JBCHEPHARM,2024-05-17 18:22:56
JBCHEPHARM,2024-08-08 17:07:49
JBCHEPHARM,2024-11-06 17:27:34
JBCHEPHARM,2025-02-04 18:58:54
JBFIND,2021-01-21 17:10:07
JBFIND,2021-02-12 14:54:15
JBFIND,2021-05-31 15:43:27
JBFIND,2021-08-12 15:25:50
JBFIND,2021-11-01 17:15:23
JBFIND,2022-02-11 15:42:51
JBFIND,2022-05-19 17:46:42
JBFIND,2023-01-09 16:35:06
JBFIND,2023-02-15 15:10:40
JBFIND,2023-05-30 17:12:43
JBFIND,2023-08-14 15:08:17
JBFIND,2023-11-02 14:12:42
JBFIND,2024-05-13 16:15:10
JBFIND,2024-05-30 16:20:39
JBFIND,2024-08-14 16:39:25
JBFIND,2024-11-14 17:29:02
JBFIND,2025-02-10 17:22:45
JBMA,2021-02-09 12:13:47
JBMA,2021-05-18 13:19:31
JBMA,2021-08-11 13:29:30
JBMA,2021-08-11 18:05:35
JBMA,2021-11-11 18:23:41
JBMA,2022-02-08 18:30:10
JBMA,2022-05-02 18:05:47
JBMA,2023-02-11 17:00:03
JBMA,2023-05-10 14:12:32
JBMA,2023-07-31 19:07:34
JBMA,2023-10-28 19:24:28
JBMA,2024-01-30 18:11:12
JBMA,2024-05-02 19:18:54
JBMA,2024-07-31 14:42:47
JBMA,2024-10-28 14:49:20
JBMA,2025-01-29 14:34:39
JETAIRWAYS,2021-02-15 16:21:02
JETAIRWAYS,2021-06-30 19:41:02
JETAIRWAYS,2021-06-30 19:43:49
JETAIRWAYS,2021-06-30 20:58:10
JETAIRWAYS,2021-07-27 23:07:04
JETAIRWAYS,2021-07-27 23:14:45
JETAIRWAYS,2021-07-27 23:17:58
JETAIRWAYS,2021-07-27 23:21:15
JETAIRWAYS,2021-07-27 23:30:01
JETAIRWAYS,2021-07-27 23:47:02
JETAIRWAYS,2021-07-28 12:06:26
JETAIRWAYS,2021-08-10 12:03:55
JETAIRWAYS,2021-11-09 20:21:22
JETAIRWAYS,2022-02-14 18:08:56
JETAIRWAYS,2022-05-27 21:11:26
JETAIRWAYS,2023-02-10 13:49:56
JETAIRWAYS,2023-05-18 17:19:40
JETAIRWAYS,2023-08-08 16:20:49
JETFREIGHT,2021-05-25 14:19:01
JETFREIGHT,2021-05-25 15:42:08
JETFREIGHT,2021-05-25 15:42:08
JETFREIGHT,2021-11-10 14:13:41
JETFREIGHT,2021-11-10 14:18:32
JETFREIGHT,2021-11-10 14:18:32
JETFREIGHT,2022-02-14 15:08:36
JETFREIGHT,2022-02-14 15:15:16
JETFREIGHT,2022-05-16 14:54:59
JETFREIGHT,2023-02-06 14:46:04
JETFREIGHT,2023-05-25 17:53:56
JETFREIGHT,2023-08-11 15:15:19
JETFREIGHT,2023-11-10 13:24:23
JETFREIGHT,2024-02-12 14:55:01
JETFREIGHT,2024-05-29 15:08:57
JETFREIGHT,2024-08-12 16:12:14
JETFREIGHT,2024-11-11 14:35:37
JETFREIGHT,2025-02-13 15:32:49
JETKNIT,2021-06-28 18:00:21
JETKNIT,2021-11-14 13:17:56
JETKNIT,2022-05-30 17:40:48
JETKNIT,2023-05-27 20:15:41
JETKNIT,2023-11-10 17:13:40
JETKNIT,2024-05-29 16:57:55
JETKNIT,2024-11-14 17:31:01
JEYYAM,2024-11-13 10:51:14
JFLLIFE,2023-05-27 14:20:02
JFLLIFE,2023-11-08 22:59:08
JFLLIFE,2024-05-27 13:53:22
JFLLIFE,2024-05-30 10:05:40
JFLLIFE,2024-11-14 15:23:46
JGCHEM,2024-05-08 20:14:02
JGCHEM,2024-08-08 18:19:09
JGCHEM,2024-11-14 14:52:33
JGCHEM,2025-02-04 16:53:31
JHS,2021-02-09 15:17:48
JHS,2021-06-22 15:29:49
JHS,2021-08-10 14:41:55
JHS,2021-11-02 19:47:03
JHS,2022-02-09 15:55:13
JHS,2022-05-27 17:45:07
JHS,2023-02-14 16:05:48
JHS,2023-05-30 17:04:05
JHS,2023-08-14 15:23:12
JHS,2023-11-07 15:24:57
JHS,2024-02-14 17:44:29
JHS,2024-05-18 15:28:41
JHS,2024-08-12 15:32:01
JHS,2024-11-13 15:34:30
JHS,2025-02-11 19:04:22
JIKIND,2021-02-15 16:17:52
JIKIND,2021-06-30 18:29:57
JIKIND,2021-08-14 19:57:55
JIKIND,2021-11-13 19:55:11
JIKIND,2022-02-14 17:45:13
JIKIND,2023-03-30 23:50:34
JIKIND,2023-03-30 23:51:58
JIKIND,2023-03-30 23:53:15
JIKIND,2023-03-30 23:55:11
JIKIND,2023-05-26 23:54:27
JIKIND,2023-07-31 18:26:46
JIKIND,2023-11-09 16:19:47
JIKIND,2024-01-17 14:58:51
JIKIND,2024-05-28 18:30:26
JIKIND,2024-07-12 16:28:57
JINDALPHOT,2021-02-11 14:38:53
JINDALPHOT,2021-05-24 20:01:32
JINDALPHOT,2021-05-31 17:24:51
JINDALPHOT,2021-08-14 17:19:51
JINDALPHOT,2021-11-13 17:53:12
JINDALPHOT,2022-02-14 16:13:13
JINDALPHOT,2022-05-30 20:07:02
JINDALPHOT,2023-02-14 16:40:45
JINDALPHOT,2023-05-22 20:06:56
JINDALPHOT,2023-08-10 16:51:38
JINDALPHOT,2023-11-09 17:11:20
JINDALPHOT,2024-02-14 17:28:21
JINDALPHOT,2024-05-28 18:28:07
JINDALPHOT,2024-08-13 16:24:59
JINDALPHOT,2024-11-14 15:46:57
JINDALPHOT,2025-02-11 17:43:38
JINDALPOLY,2021-02-12 18:05:20
JINDALPOLY,2021-05-28 22:24:26
JINDALPOLY,2021-08-14 13:19:22
JINDALPOLY,2021-11-13 17:52:51
JINDALPOLY,2022-02-14 19:11:12
JINDALPOLY,2022-05-27 14:09:22
JINDALPOLY,2023-02-14 17:24:22
JINDALPOLY,2023-05-30 23:49:15
JINDALPOLY,2023-08-09 22:16:55
JINDALPOLY,2023-11-14 23:01:39
JINDALPOLY,2024-02-14 16:30:57
JINDALPOLY,2024-05-30 22:51:51
JINDALPOLY,2024-08-14 22:06:15
JINDALPOLY,2024-11-14 21:43:56
JINDALPOLY,2025-02-14 19:32:54
JINDALSAW,2021-02-05 19:31:58
JINDALSAW,2021-05-27 21:13:25
JINDALSAW,2021-07-30 20:00:37
JINDALSAW,2021-10-29 15:00:25
JINDALSAW,2022-01-31 14:40:18
JINDALSAW,2022-01-31 17:03:39
JINDALSAW,2022-05-30 16:04:48
JINDALSAW,2023-01-25 16:23:05
JINDALSAW,2023-05-17 17:38:48
JINDALSAW,2023-08-11 15:20:38
JINDALSAW,2023-10-26 14:31:11
JINDALSAW,2024-01-16 14:01:49
JINDALSAW,2024-05-07 20:53:30
JINDALSAW,2024-07-29 17:34:44
JINDALSAW,2024-10-18 17:06:14
JINDALSAW,2025-01-24 13:49:28
JINDALSTEL,2021-01-21 16:59:52
JINDALSTEL,2021-05-12 15:50:04
JINDALSTEL,2021-08-10 14:11:55
JINDALSTEL,2021-11-02 14:13:15
JINDALSTEL,2022-02-08 15:52:25
JINDALSTEL,2022-05-31 10:17:38
JINDALSTEL,2023-01-31 16:41:48
JINDALSTEL,2023-05-16 17:49:13
JINDALSTEL,2023-08-11 15:59:15
JINDALSTEL,2023-10-31 17:06:54
JINDALSTEL,2024-01-31 17:03:52
JINDALSTEL,2024-05-13 17:43:54
JINDALSTEL,2024-07-24 17:55:40
JINDALSTEL,2024-11-06 16:38:45
JINDALSTEL,2025-01-30 17:15:28
JINDCOT,2021-02-13 20:15:39
JINDCOT,2021-07-01 19:04:00
JINDCOT,2021-08-14 17:19:10
JINDCOT,2021-08-17 15:14:02
JINDCOT,2021-11-13 18:55:31
JINDCOT,2022-02-14 20:34:52
JINDCOT,2023-01-06 16:36:08
JINDCOT,2023-01-09 16:16:58
JINDCOT,2023-02-20 10:27:25
JINDCOT,2023-02-22 10:32:18
JINDCOT,2023-06-06 17:24:55
JINDCOT,2023-08-12 17:10:50
JINDCOT,2023-11-03 16:16:30
JINDCOT,2024-02-14 17:23:24
JINDCOT,2024-05-30 18:54:25
JINDCOT,2024-08-14 18:04:33
JINDRILL,2021-02-13 15:55:37
JINDRILL,2021-06-25 20:47:20
JINDRILL,2021-08-13 17:35:23
JINDRILL,2021-10-30 16:36:14
JINDRILL,2022-02-02 14:00:40
JINDRILL,2022-05-27 20:49:59
JINDRILL,2023-01-23 17:24:32
JINDRILL,2023-04-28 19:58:53
JINDRILL,2023-08-01 18:25:55
JINDRILL,2023-11-01 17:10:51
JINDRILL,2024-01-29 19:13:36
JINDRILL,2024-05-21 15:11:43
JINDRILL,2024-07-29 17:46:20
JINDRILL,2024-10-28 17:33:54
JINDRILL,2025-01-27 17:48:15
JINDWORLD,2021-02-09 17:37:34
JINDWORLD,2021-06-22 18:49:20
JINDWORLD,2021-08-13 17:38:38
JINDWORLD,2021-10-29 19:14:15
JINDWORLD,2022-02-10 18:21:08
JINDWORLD,2022-05-28 17:56:18
JINDWORLD,2023-02-13 18:03:14
JINDWORLD,2023-05-30 16:31:21
JINDWORLD,2023-08-07 12:28:42
JINDWORLD,2023-11-08 18:29:17
JINDWORLD,2024-02-13 17:39:40
JINDWORLD,2024-05-27 20:29:37
JINDWORLD,2024-08-13 17:47:34
JINDWORLD,2024-11-13 17:33:49
JINDWORLD,2025-02-12 17:22:13
JIOFIN,2023-10-16 17:51:49
JIOFIN,2024-01-15 18:23:47
JIOFIN,2024-04-19 17:47:50
JIOFIN,2024-07-15 19:03:39
JIOFIN,2024-10-18 17:54:33
JIOFIN,2025-01-17 18:03:01
JISLDVREQS,2021-02-13 17:19:08
JISLDVREQS,2021-06-30 16:46:29
JISLDVREQS,2021-08-10 11:44:04
JISLDVREQS,2021-11-13 12:41:17
JISLDVREQS,2022-02-12 13:57:38
JISLDVREQS,2022-05-31 15:59:23
JISLDVREQS,2023-02-11 12:35:06
JISLDVREQS,2023-05-26 14:08:06
JISLDVREQS,2023-08-08 12:18:55
JISLDVREQS,2023-11-09 16:50:37
JISLDVREQS,2024-02-09 14:39:21
JISLDVREQS,2024-05-18 13:09:57
JISLDVREQS,2024-07-31 12:33:46
JISLDVREQS,2024-10-28 13:53:07
JISLDVREQS,2025-01-30 11:36:25
JISLJALEQS,2021-02-13 17:10:12
JISLJALEQS,2021-06-30 16:44:25
JISLJALEQS,2021-08-10 11:40:55
JISLJALEQS,2021-11-13 12:38:47
JISLJALEQS,2022-02-12 13:57:18
JISLJALEQS,2023-02-11 12:27:43
JISLJALEQS,2023-05-26 14:04:40
JISLJALEQS,2023-08-08 12:14:20
JISLJALEQS,2023-11-09 16:47:25
JISLJALEQS,2024-02-09 14:32:17
JISLJALEQS,2024-05-18 13:05:21
JISLJALEQS,2024-07-31 12:31:42
JISLJALEQS,2024-10-28 13:51:03
JISLJALEQS,2025-01-30 11:33:28
JITFINFRA,2021-02-11 16:49:14
JITFINFRA,2021-06-25 15:04:23
JITFINFRA,2021-08-13 14:33:59
JITFINFRA,2021-11-12 17:15:29
JITFINFRA,2022-02-14 15:37:59
JITFINFRA,2022-05-27 15:06:34
JITFINFRA,2023-02-10 15:07:17
JITFINFRA,2023-05-26 15:16:42
JITFINFRA,2023-08-10 16:35:08
JITFINFRA,2023-11-09 14:41:38
JITFINFRA,2024-02-09 14:55:31
JITFINFRA,2024-05-30 16:31:21
JITFINFRA,2024-08-14 17:13:40
JITFINFRA,2024-11-11 16:11:18
JITFINFRA,2025-01-30 15:53:46
JIWANRAM,2023-11-14 16:23:54
JIWANRAM,2024-05-30 19:14:50
JIWANRAM,2024-11-14 18:39:51
JKCEMENT,2021-02-06 14:40:00
JKCEMENT,2021-02-06 15:44:27
JKCEMENT,2021-06-12 15:41:13
JKCEMENT,2021-08-14 16:22:46
JKCEMENT,2021-11-13 14:57:49
JKCEMENT,2022-02-05 15:17:46
JKCEMENT,2022-05-21 16:52:43
JKCEMENT,2023-02-05 15:27:25
JKCEMENT,2023-05-27 16:43:36
JKCEMENT,2023-08-12 15:47:48
JKCEMENT,2023-11-04 15:02:31
JKCEMENT,2024-01-20 14:20:23
JKCEMENT,2024-05-12 15:22:20
JKCEMENT,2024-07-20 14:00:11
JKCEMENT,2024-10-26 16:34:27
JKCEMENT,2025-01-25 15:59:49
JKIL,2021-02-09 13:39:19
JKIL,2021-05-26 13:24:31
JKIL,2021-08-10 13:40:18
JKIL,2021-11-09 16:47:46
JKIL,2022-02-08 14:57:57
JKIL,2022-05-30 16:08:16
JKIL,2023-02-07 13:45:15
JKIL,2023-05-23 15:02:41
JKIL,2023-08-08 13:16:14
JKIL,2023-10-30 13:26:15
JKIL,2024-01-30 14:01:33
JKIL,2024-05-28 16:22:00
JKIL,2024-08-06 14:52:41
JKIL,2024-10-28 15:55:49
JKIL,2025-02-04 17:27:21
JKLAKSHMI,2021-01-29 17:41:23
JKLAKSHMI,2021-05-20 18:20:14
JKLAKSHMI,2021-07-29 17:41:02
JKLAKSHMI,2021-10-29 17:18:56
JKLAKSHMI,2022-02-02 17:38:57
JKLAKSHMI,2022-05-18 16:40:45
JKLAKSHMI,2023-02-10 17:08:28
JKLAKSHMI,2023-05-19 17:05:22
JKLAKSHMI,2023-07-27 16:51:17
JKLAKSHMI,2023-11-02 16:39:01
JKLAKSHMI,2024-02-08 17:54:31
JKLAKSHMI,2024-05-23 16:21:30
JKLAKSHMI,2024-07-31 17:50:03
JKLAKSHMI,2024-11-06 16:49:44
JKLAKSHMI,2025-02-06 16:43:19
JKPAPER,2021-01-27 18:06:38
JKPAPER,2021-05-24 17:53:16
JKPAPER,2021-07-30 17:24:07
JKPAPER,2021-10-27 14:47:35
JKPAPER,2022-02-08 17:41:00
JKPAPER,2022-05-13 17:46:35
JKPAPER,2023-02-06 17:49:27
JKPAPER,2023-05-16 17:24:43
JKPAPER,2023-07-24 15:54:05
JKPAPER,2023-11-03 16:27:24
JKPAPER,2024-02-07 17:04:50
JKPAPER,2024-05-16 17:32:29
JKPAPER,2024-07-24 15:54:53
JKPAPER,2024-11-04 19:03:27
JKPAPER,2025-01-29 17:39:42
JKTYRE,2021-01-21 16:59:51
JKTYRE,2021-05-19 18:17:14
JKTYRE,2021-08-06 17:12:48
JKTYRE,2021-10-28 17:35:26
JKTYRE,2022-02-03 17:57:48
JKTYRE,2022-05-20 15:14:43
JKTYRE,2023-02-03 17:19:15
JKTYRE,2023-05-17 17:50:47
JKTYRE,2023-08-04 12:48:32
JKTYRE,2023-11-01 16:52:39
JKTYRE,2024-02-06 15:02:03
JKTYRE,2024-05-21 17:12:27
JKTYRE,2024-08-03 12:39:38
JKTYRE,2024-11-05 16:25:12
JKTYRE,2025-02-04 17:12:50
JLHL,2023-10-09 12:26:07
JLHL,2023-11-10 16:29:43
JLHL,2024-02-09 16:59:12
JLHL,2024-05-10 17:22:10
JLHL,2024-08-09 16:04:58
JLHL,2024-11-08 16:15:10
JLHL,2025-02-07 18:03:57
JMA,2021-02-12 17:22:03
JMA,2021-02-12 17:26:58
JMA,2021-06-25 18:54:34
JMA,2021-08-10 17:32:36
JMA,2021-11-10 17:09:14
JMA,2022-02-10 17:23:56
JMA,2022-05-28 18:29:17
JMA,2023-02-13 17:30:23
JMA,2023-05-30 19:08:01
JMA,2023-08-02 18:31:04
JMA,2023-11-09 17:31:55
JMA,2024-02-14 17:49:23
JMA,2024-05-28 20:13:16
JMA,2024-08-13 17:49:37
JMA,2024-11-13 14:31:10
JMA,2025-02-13 15:22:10
JMCPROJECT,2021-02-03 17:22:14
JMCPROJECT,2021-05-10 19:39:00
JMCPROJECT,2021-08-02 16:39:03
JMCPROJECT,2021-10-29 16:30:08
JMCPROJECT,2022-02-10 18:08:43
JMCPROJECT,2022-05-12 18:43:59
JMFINANCIL,2021-01-23 14:28:21
JMFINANCIL,2021-05-05 17:41:55
JMFINANCIL,2021-07-28 20:38:48
JMFINANCIL,2021-10-28 17:10:14
JMFINANCIL,2022-02-07 16:57:20
JMFINANCIL,2022-05-24 19:09:22
JMFINANCIL,2023-02-10 17:27:17
JMFINANCIL,2023-05-09 17:21:47
JMFINANCIL,2023-08-03 16:11:49
JMFINANCIL,2023-11-03 17:52:29
JMFINANCIL,2024-02-12 17:51:20
JMFINANCIL,2024-05-24 21:05:48
JMFINANCIL,2024-08-06 15:53:52
JMFINANCIL,2024-10-25 13:52:45
JMFINANCIL,2025-01-28 20:00:11
JMTAUTOLTD,2021-02-12 17:19:50
JMTAUTOLTD,2022-02-04 19:44:53
JMTAUTOLTD,2023-09-26 22:21:08
JMTAUTOLTD,2023-09-26 22:26:51
JMTAUTOLTD,2023-09-26 22:28:54
JMTAUTOLTD,2023-09-26 22:31:22
JMTAUTOLTD,2023-10-28 16:27:35
JNKINDIA,2024-05-30 19:07:43
JNKINDIA,2024-08-13 18:26:26
JNKINDIA,2024-11-14 11:53:45
JNKINDIA,2025-02-14 14:20:49
JOCIL,2021-02-11 14:20:20
JOCIL,2021-06-10 14:27:54
JOCIL,2021-08-04 13:16:07
JOCIL,2021-11-08 14:23:02
JOCIL,2022-02-08 14:09:17
JOCIL,2022-05-26 14:37:03
JOCIL,2023-02-08 12:20:00
JOCIL,2023-05-25 13:12:02
JOCIL,2023-08-03 13:49:56
JOCIL,2023-11-04 12:36:52
JOCIL,2024-02-08 13:06:22
JOCIL,2024-05-23 14:20:58
JOCIL,2024-08-05 13:02:11
JOCIL,2024-11-07 12:21:29
JOCIL,2025-02-05 12:32:30
JPASSOCIAT,2021-01-29 18:30:54
JPASSOCIAT,2021-06-21 19:41:06
JPASSOCIAT,2021-08-07 19:28:17
JPASSOCIAT,2021-11-12 20:53:22
JPASSOCIAT,2022-02-12 21:00:45
JPASSOCIAT,2022-05-29 21:14:33
JPASSOCIAT,2023-02-14 15:55:28
JPASSOCIAT,2023-05-27 17:24:33
JPASSOCIAT,2023-08-05 14:07:46
JPASSOCIAT,2023-11-09 16:53:37
JPASSOCIAT,2024-01-30 18:17:47
JPASSOCIAT,2024-05-11 21:35:38
JPASSOCIAT,2024-08-14 18:41:14
JPASSOCIAT,2024-11-14 22:02:51
JPASSOCIAT,2025-02-14 20:14:28
JPINFRATEC,2021-02-11 16:29:50
JPINFRATEC,2021-06-22 16:47:20
JPINFRATEC,2021-08-12 18:32:10
JPINFRATEC,2021-08-13 11:08:21
JPINFRATEC,2021-11-02 18:28:53
JPINFRATEC,2022-02-14 18:17:25
JPINFRATEC,2022-05-25 17:52:55
JPINFRATEC,2023-02-13 16:46:28
JPINFRATEC,2024-09-26 18:18:43
JPINFRATEC,2024-10-11 18:09:35
JPINFRATEC,2024-11-14 21:56:23
JPINFRATEC,2024-11-14 21:59:46
JPINFRATEC,2024-11-14 22:06:11
JPINFRATEC,2024-11-14 22:08:09
JPINFRATEC,2024-11-14 22:09:28
JPINFRATEC,2024-11-14 22:10:27
JPINFRATEC,2025-02-11 19:04:52
JPOLYINVST,2021-02-11 17:53:23
JPOLYINVST,2021-06-02 17:53:59
JPOLYINVST,2021-08-14 16:26:17
JPOLYINVST,2021-11-13 20:27:24
JPOLYINVST,2022-02-14 16:40:47
JPOLYINVST,2022-05-30 20:39:29
JPOLYINVST,2023-02-14 15:54:58
JPOLYINVST,2023-05-30 22:53:26
JPOLYINVST,2023-06-01 11:51:09
JPOLYINVST,2023-08-10 19:18:13
JPOLYINVST,2023-11-10 15:23:14
JPOLYINVST,2024-02-14 14:15:49
JPOLYINVST,2024-05-28 21:42:43
JPOLYINVST,2024-08-13 20:46:19
JPOLYINVST,2024-11-14 17:33:44
JPOLYINVST,2025-02-11 18:29:41
JPPOWER,2021-01-28 17:24:58
JPPOWER,2021-06-14 19:00:06
JPPOWER,2021-08-06 18:05:02
JPPOWER,2021-11-13 17:54:33
JPPOWER,2022-02-12 12:10:11
JPPOWER,2022-05-27 18:38:11
JPPOWER,2023-02-14 11:59:48
JPPOWER,2023-05-09 19:16:02
JPPOWER,2023-07-28 17:56:48
JPPOWER,2023-11-10 15:35:17
JPPOWER,2024-01-29 15:40:13
JPPOWER,2024-04-27 19:27:58
JPPOWER,2024-07-27 15:58:33
JPPOWER,2024-10-26 16:16:55
JPPOWER,2025-02-01 15:20:15
JSFB,2024-02-22 16:44:10
JSFB,2024-04-29 19:58:12
JSFB,2024-07-22 15:37:26
JSFB,2024-10-21 16:04:20
JSFB,2025-01-21 15:43:00
JSL,2021-02-04 15:59:23
JSL,2021-05-14 13:34:13
JSL,2021-07-26 17:37:57
JSL,2021-10-26 13:58:05
JSL,2022-02-07 15:36:18
JSL,2022-05-02 15:55:32
JSL,2023-01-23 16:21:25
JSL,2023-05-17 15:51:08
JSL,2023-07-26 16:28:41
JSL,2023-10-19 15:35:37
JSL,2024-01-18 14:50:09
JSL,2024-05-15 17:29:25
JSL,2024-07-30 16:41:46
JSL,2024-10-17 15:21:18
JSL,2025-01-29 16:14:48
JSLHISAR,2021-02-08 17:24:18
JSLHISAR,2021-05-18 16:29:48
JSLHISAR,2021-07-29 18:59:37
JSLHISAR,2021-10-28 13:24:12
JSLHISAR,2022-02-09 15:27:03
JSLHISAR,2022-05-05 15:23:31
JSLHISAR,2023-01-23 16:21:02
JSLL,2023-10-30 16:46:59
JSLL,2024-05-16 16:37:56
JSLL,2024-06-15 15:47:33
JSLL,2024-11-11 13:37:02
JSWDULUX,2021-02-09 16:11:53
JSWDULUX,2021-05-22 16:54:52
JSWDULUX,2021-08-13 12:25:10
JSWDULUX,2021-11-12 13:22:53
JSWDULUX,2022-02-11 13:13:48
JSWDULUX,2022-05-27 14:46:12
JSWDULUX,2023-02-09 17:26:15
JSWDULUX,2023-05-23 15:13:47
JSWDULUX,2023-08-03 12:23:48
JSWDULUX,2023-11-02 13:08:03
JSWDULUX,2024-02-06 13:36:28
JSWDULUX,2024-05-16 16:05:40
JSWDULUX,2024-08-01 11:52:06
JSWDULUX,2024-11-07 13:18:24
JSWDULUX,2025-02-07 12:35:49
JSWENERGY,2021-01-29 14:24:27
JSWENERGY,2021-07-30 13:51:30
JSWENERGY,2021-10-29 16:15:07
JSWENERGY,2022-01-19 14:41:01
JSWENERGY,2022-05-03 17:04:11
JSWENERGY,2023-01-20 18:27:07
JSWENERGY,2023-05-23 18:30:01
JSWENERGY,2023-07-14 18:07:27
JSWENERGY,2023-10-20 18:46:06
JSWENERGY,2024-01-23 17:46:49
JSWENERGY,2024-05-07 17:59:21
JSWENERGY,2024-07-19 18:33:14
JSWENERGY,2024-10-24 18:31:28
JSWENERGY,2025-01-28 19:48:43
JSWHL,2021-02-11 12:57:10
JSWHL,2021-05-24 14:50:48
JSWHL,2021-08-07 13:17:38
JSWHL,2021-10-28 12:51:37
JSWHL,2022-01-29 13:22:13
JSWHL,2022-05-30 14:11:30
JSWHL,2023-01-31 14:04:31
JSWHL,2023-05-25 15:30:22
JSWHL,2023-08-04 15:04:45
JSWHL,2023-10-31 13:15:12
JSWHL,2024-01-24 14:20:10
JSWHL,2024-05-28 16:26:45
JSWHL,2024-07-24 14:08:36
JSWHL,2024-10-25 14:21:13
JSWHL,2025-02-04 14:05:20
JSWINFRA,2023-11-03 19:51:32
JSWINFRA,2024-02-02 15:08:38
JSWINFRA,2024-05-03 14:50:14
JSWINFRA,2024-07-18 16:29:07
JSWINFRA,2024-10-28 16:28:32
JSWINFRA,2025-01-28 15:10:41
JSWISPL,2021-01-19 20:39:40
JSWISPL,2021-05-12 20:16:22
JSWISPL,2021-07-20 20:26:50
JSWISPL,2021-10-19 19:51:56
JSWISPL,2022-01-19 20:39:44
JSWISPL,2022-05-11 20:26:46
JSWISPL,2023-01-16 19:10:30
JSWISPL,2023-05-17 19:50:34
JSWISPL,2023-07-18 21:53:40
JSWSTEEL,2021-01-22 15:33:27
JSWSTEEL,2021-05-21 15:32:57
JSWSTEEL,2021-07-23 15:52:09
JSWSTEEL,2021-10-21 15:32:26
JSWSTEEL,2022-01-21 15:38:56
JSWSTEEL,2022-05-27 16:34:14
JSWSTEEL,2023-01-20 15:31:54
JSWSTEEL,2023-05-19 15:51:22
JSWSTEEL,2023-07-21 11:38:20
JSWSTEEL,2023-10-20 15:21:22
JSWSTEEL,2024-01-25 15:14:02
JSWSTEEL,2024-05-17 15:41:13
JSWSTEEL,2024-07-19 15:57:54
JSWSTEEL,2024-10-25 14:00:04
JSWSTEEL,2025-01-24 16:07:35
JTEKTINDIA,2021-02-11 12:58:19
JTEKTINDIA,2021-05-26 15:10:00
JTEKTINDIA,2021-08-12 15:55:09
JTEKTINDIA,2021-11-11 13:48:29
JTEKTINDIA,2022-02-10 13:45:19
JTEKTINDIA,2022-05-20 14:15:46
JTEKTINDIA,2023-02-09 13:22:22
JTEKTINDIA,2023-05-22 14:41:10
JTEKTINDIA,2023-08-10 13:05:09
JTEKTINDIA,2023-11-02 12:47:58
JTEKTINDIA,2024-02-14 13:20:47
JTEKTINDIA,2024-05-30 20:23:14
JTEKTINDIA,2024-08-01 13:00:46
JTEKTINDIA,2024-11-14 12:55:08
JTEKTINDIA,2025-01-30 13:05:54
JTLIND,2023-07-29 13:24:40
JTLIND,2023-10-12 10:43:35
JTLIND,2024-01-12 13:25:49
JTLIND,2024-05-10 17:03:35
JTLIND,2024-07-10 18:08:21
JTLIND,2024-10-30 15:26:34
JTLIND,2025-01-28 14:14:21
JUBLCPL,2025-02-14 16:51:29
JUBLFOOD,2021-02-03 14:30:56
JUBLFOOD,2021-06-15 14:39:09
JUBLFOOD,2021-07-21 13:59:44
JUBLFOOD,2021-10-20 13:24:29
JUBLFOOD,2022-02-02 14:11:50
JUBLFOOD,2022-05-30 14:19:13
JUBLFOOD,2023-02-01 17:11:35
JUBLFOOD,2023-05-17 12:48:31
JUBLFOOD,2023-07-25 14:18:07
JUBLFOOD,2023-10-25 16:07:26
JUBLFOOD,2024-01-31 15:05:52
JUBLFOOD,2024-05-22 15:43:43
JUBLFOOD,2024-08-09 16:07:36
JUBLFOOD,2024-11-11 15:38:44
JUBLFOOD,2025-02-12 15:11:31
JUBLINDS,2021-02-04 15:23:33
JUBLINDS,2021-06-18 17:41:58
JUBLINDS,2021-08-05 15:58:55
JUBLINDS,2021-10-21 15:48:47
JUBLINDS,2022-02-03 15:52:22
JUBLINDS,2022-05-27 17:28:38
JUBLINDS,2023-02-02 16:04:52
JUBLINDS,2023-05-25 17:48:56
JUBLINDS,2023-08-07 17:10:04
JUBLINDS,2023-11-06 15:21:43
JUBLINDS,2024-02-09 16:31:50
JUBLINDS,2024-05-27 17:49:23
JUBLINDS,2024-08-12 16:57:45
JUBLINGREA,2021-06-07 16:10:02
JUBLINGREA,2021-07-20 14:35:56
JUBLINGREA,2021-07-21 12:10:21
JUBLINGREA,2021-10-19 14:37:05
JUBLINGREA,2022-02-01 14:58:49
JUBLINGREA,2022-05-17 16:05:02
JUBLINGREA,2023-01-31 13:20:15
JUBLINGREA,2023-05-16 14:12:39
JUBLINGREA,2023-07-26 14:30:44
JUBLINGREA,2023-11-01 13:14:48
JUBLINGREA,2024-01-30 15:01:50
JUBLINGREA,2024-05-14 14:45:08
JUBLINGREA,2024-07-16 15:27:43
JUBLINGREA,2024-10-22 14:08:27
JUBLINGREA,2025-01-28 13:54:24
JUBLPHARMA,2021-02-05 14:59:39
JUBLPHARMA,2021-06-04 16:33:04
JUBLPHARMA,2021-07-23 18:20:27
JUBLPHARMA,2021-10-22 14:56:36
JUBLPHARMA,2022-02-04 15:32:11
JUBLPHARMA,2022-05-27 16:46:22
JUBLPHARMA,2023-02-03 13:00:46
JUBLPHARMA,2023-05-29 15:46:11
JUBLPHARMA,2023-07-19 14:05:56
JUBLPHARMA,2023-10-27 14:22:44
JUBLPHARMA,2024-02-02 14:26:01
JUBLPHARMA,2024-05-29 14:53:07
JUBLPHARMA,2024-07-19 14:11:11
JUBLPHARMA,2024-10-25 12:24:00
JUBLPHARMA,2025-01-31 13:03:39
JUNIPER,2024-03-18 14:20:44
JUNIPER,2024-05-27 14:54:26
JUNIPER,2024-08-12 14:38:39
JUNIPER,2024-11-11 12:01:55
JUNIPER,2025-02-11 13:16:51
JUSTDIAL,2021-01-29 14:01:32
JUSTDIAL,2021-05-14 19:24:39
JUSTDIAL,2021-07-16 19:12:37
JUSTDIAL,2021-10-20 22:08:56
JUSTDIAL,2022-01-18 19:57:46
JUSTDIAL,2022-04-29 22:42:02
JUSTDIAL,2023-01-13 21:12:40
JUSTDIAL,2023-04-17 23:10:27
JUSTDIAL,2023-07-14 20:01:15
JUSTDIAL,2023-10-20 20:38:03
JUSTDIAL,2024-01-12 19:49:13
JUSTDIAL,2024-04-17 20:49:59
JUSTDIAL,2024-07-16 20:51:03
JUSTDIAL,2024-10-11 13:34:29
JUSTDIAL,2025-01-10 19:57:09
JVLAGRO,2021-08-31 12:36:51
JVLAGRO,2021-08-31 12:39:08
JVLAGRO,2021-08-31 12:41:35
JVLAGRO,2021-08-31 12:45:44
JWL,2021-02-13 18:50:32
JWL,2021-06-12 19:09:25
JWL,2021-08-14 18:26:33
JWL,2021-11-12 17:48:04
JWL,2022-02-12 18:04:44
JWL,2022-05-31 00:00:20
JWL,2023-02-14 17:57:57
JWL,2023-05-25 18:48:19
JWL,2023-08-07 18:56:38
JWL,2023-10-29 18:47:17
JWL,2024-02-01 18:58:19
JWL,2024-05-08 00:06:57
JWL,2024-07-25 15:45:21
JWL,2024-11-08 17:55:50
JWL,2025-01-29 15:07:29
JYOTHYLAB,2021-01-27 11:40:54
JYOTHYLAB,2021-05-18 14:50:56
JYOTHYLAB,2021-07-29 13:07:27
JYOTHYLAB,2021-11-02 13:26:45
JYOTHYLAB,2022-01-21 12:48:26
JYOTHYLAB,2022-05-24 14:26:49
JYOTHYLAB,2023-01-25 13:25:02
JYOTHYLAB,2023-05-03 13:57:20
JYOTHYLAB,2023-07-25 10:59:39
JYOTHYLAB,2023-11-07 12:55:55
JYOTHYLAB,2024-01-31 12:52:02
JYOTHYLAB,2024-05-15 13:30:32
JYOTHYLAB,2024-07-25 10:41:12
JYOTHYLAB,2024-11-12 12:28:34
JYOTHYLAB,2025-01-31 13:33:32
JYOTICNC,2024-02-14 14:32:27
JYOTICNC,2024-05-18 16:31:52
JYOTICNC,2024-08-10 13:46:27
JYOTICNC,2024-11-14 13:55:38
JYOTICNC,2025-02-08 14:06:03
JYOTISTRUC,2021-03-17 17:12:42
JYOTISTRUC,2021-03-17 17:15:12
JYOTISTRUC,2021-03-17 17:17:10
JYOTISTRUC,2021-03-17 17:21:45
JYOTISTRUC,2021-04-14 21:27:47
JYOTISTRUC,2021-04-14 21:29:31
JYOTISTRUC,2021-04-14 21:30:39
JYOTISTRUC,2021-04-14 21:31:55
JYOTISTRUC,2021-08-06 21:18:59
JYOTISTRUC,2021-08-06 21:21:15
JYOTISTRUC,2021-08-06 21:22:41
JYOTISTRUC,2021-08-06 21:24:07
JYOTISTRUC,2021-08-06 21:27:16
JYOTISTRUC,2021-08-06 21:28:48
JYOTISTRUC,2021-08-06 21:29:57
JYOTISTRUC,2021-08-06 21:31:03
JYOTISTRUC,2021-11-10 21:20:32
JYOTISTRUC,2021-11-10 21:22:31
JYOTISTRUC,2022-01-18 22:50:09
JYOTISTRUC,2022-01-18 22:51:56
JYOTISTRUC,2022-03-25 20:02:56
JYOTISTRUC,2022-03-25 20:04:44
JYOTISTRUC,2022-05-30 22:17:40
JYOTISTRUC,2022-05-30 22:20:34
JYOTISTRUC,2023-02-13 18:28:49
JYOTISTRUC,2023-02-13 18:30:05
JYOTISTRUC,2023-05-29 22:16:49
JYOTISTRUC,2023-05-29 22:19:03
JYOTISTRUC,2023-08-11 13:42:24
JYOTISTRUC,2023-08-11 13:43:40
JYOTISTRUC,2023-11-07 22:37:03
JYOTISTRUC,2023-11-07 22:37:55
JYOTISTRUC,2024-02-13 16:29:58
JYOTISTRUC,2024-02-13 16:30:54
JYOTISTRUC,2024-05-29 15:30:47
JYOTISTRUC,2024-05-29 15:31:37
JYOTISTRUC,2024-08-09 19:12:26
JYOTISTRUC,2024-11-06 19:44:00
JYOTISTRUC,2025-02-03 14:41:38
K2INFRA,2024-05-27 19:48:52
K2INFRA,2024-11-14 19:05:44
KABRAEXTRU,2021-01-21 14:40:09
KABRAEXTRU,2021-05-21 18:04:19
KABRAEXTRU,2021-05-24 17:10:16
KABRAEXTRU,2021-07-26 18:33:39
KABRAEXTRU,2021-10-21 12:50:53
KABRAEXTRU,2022-01-22 09:56:00
KABRAEXTRU,2022-05-10 18:08:20
KABRAEXTRU,2023-01-20 14:13:18
KABRAEXTRU,2023-05-10 18:51:21
KABRAEXTRU,2023-07-21 14:13:24
KABRAEXTRU,2023-10-26 15:37:42
KABRAEXTRU,2024-01-25 15:57:02
KABRAEXTRU,2024-05-03 19:12:27
KABRAEXTRU,2024-07-19 13:39:00
KABRAEXTRU,2024-10-23 15:09:19
KABRAEXTRU,2025-02-03 17:05:14
KAJARIACER,2021-01-21 13:41:55
KAJARIACER,2021-06-14 14:15:43
KAJARIACER,2021-08-03 13:59:13
KAJARIACER,2021-10-22 13:57:33
KAJARIACER,2022-01-21 14:10:56
KAJARIACER,2022-05-17 14:07:53
KAJARIACER,2023-01-28 15:17:24
KAJARIACER,2023-05-16 13:49:02
KAJARIACER,2023-07-26 14:09:31
KAJARIACER,2023-10-20 14:07:48
KAJARIACER,2024-01-31 13:56:20
KAJARIACER,2024-05-07 14:46:19
KAJARIACER,2024-07-23 14:18:52
KAJARIACER,2024-10-22 14:09:38
KAJARIACER,2025-02-04 14:00:50
KAKATCEM,2021-01-28 14:50:20
KAKATCEM,2021-06-16 14:36:10
KAKATCEM,2021-06-28 11:40:37
KAKATCEM,2021-08-03 13:07:15
KAKATCEM,2021-08-03 14:13:34
KAKATCEM,2021-11-11 13:16:37
KAKATCEM,2021-11-11 15:49:00
KAKATCEM,2022-02-03 13:22:55
KAKATCEM,2022-02-03 14:35:34
KAKATCEM,2022-05-25 12:49:26
KAKATCEM,2023-02-10 12:35:14
KAKATCEM,2023-05-22 14:16:58
KAKATCEM,2023-08-04 13:36:10
KAKATCEM,2023-11-02 13:50:36
KAKATCEM,2024-02-13 13:20:47
KAKATCEM,2024-05-23 14:47:40
KAKATCEM,2024-08-14 13:24:27
KAKATCEM,2024-11-08 13:20:32
KAKATCEM,2025-02-07 13:30:37
KALAMANDIR,2023-10-13 13:26:20
KALAMANDIR,2023-11-08 14:40:44
KALAMANDIR,2024-02-10 15:42:29
KALAMANDIR,2024-05-24 19:28:37
KALAMANDIR,2024-08-14 16:48:51
KALAMANDIR,2024-11-04 14:46:46
KALAMANDIR,2025-01-28 14:56:39
KALANA,2024-11-14 15:28:09
KALYANI,2021-02-14 17:24:36
KALYANI,2021-06-29 17:38:59
KALYANI,2021-08-14 16:19:22
KALYANI,2021-11-12 16:18:16
KALYANI,2022-02-14 19:22:26
KALYANI,2022-05-30 20:12:10
KALYANI,2023-02-10 09:44:24
KALYANI,2023-05-30 19:19:21
KALYANI,2023-08-10 17:10:29
KALYANI,2023-11-08 16:49:00
KALYANI,2024-02-13 17:56:26
KALYANI,2024-05-29 19:26:43
KALYANI,2024-08-12 18:08:14
KALYANI,2024-11-13 15:36:40
KALYANI,2025-02-10 16:21:18
KALYANIFRG,2021-02-11 17:28:25
KALYANIFRG,2021-06-10 18:47:58
KALYANIFRG,2021-06-18 16:15:48
KALYANIFRG,2021-08-13 17:25:11
KALYANIFRG,2021-10-28 17:57:50
KALYANIFRG,2022-02-02 18:18:10
KALYANIFRG,2022-05-27 19:16:54
KALYANIFRG,2023-02-13 14:14:27
KALYANIFRG,2023-05-30 20:19:22
KALYANIFRG,2023-08-11 19:00:11
KALYANIFRG,2023-11-11 18:51:09
KALYANIFRG,2024-02-13 17:49:45
KALYANIFRG,2024-05-30 19:51:49
KALYANIFRG,2024-08-09 19:53:43
KALYANIFRG,2024-11-12 16:41:21
KALYANIFRG,2025-02-11 16:03:45
KALYANKJIL,2021-05-27 13:07:14
KALYANKJIL,2021-08-10 11:51:34
KALYANKJIL,2021-11-10 12:14:08
KALYANKJIL,2022-02-03 11:56:26
KALYANKJIL,2022-05-11 12:06:33
KALYANKJIL,2023-02-07 12:40:09
KALYANKJIL,2023-05-15 12:38:50
KALYANKJIL,2023-08-09 12:27:44
KALYANKJIL,2023-11-14 13:04:23
KALYANKJIL,2024-01-31 12:17:40
KALYANKJIL,2024-05-10 15:47:19
KALYANKJIL,2024-08-01 15:53:29
KALYANKJIL,2024-11-13 13:39:53
KALYANKJIL,2025-01-30 17:31:32
KAMATHOTEL,2021-02-08 18:20:50
KAMATHOTEL,2021-06-29 15:36:42
KAMATHOTEL,2021-07-01 11:21:03
KAMATHOTEL,2021-08-14 16:29:29
KAMATHOTEL,2021-11-12 14:57:07
KAMATHOTEL,2022-02-07 14:29:40
KAMATHOTEL,2022-02-07 14:32:26
KAMATHOTEL,2022-05-19 14:57:12
KAMATHOTEL,2023-02-14 15:14:33
KAMATHOTEL,2023-05-27 15:59:39
KAMATHOTEL,2023-08-11 14:38:21
KAMATHOTEL,2023-10-21 13:30:13
KAMATHOTEL,2024-01-31 14:13:44
KAMATHOTEL,2024-05-07 15:01:25
KAMATHOTEL,2024-08-12 15:18:08
KAMATHOTEL,2024-10-25 13:36:23
KAMATHOTEL,2025-02-03 13:50:22
KAMDHENU,2021-02-03 14:00:10
KAMDHENU,2021-02-03 14:06:31
KAMDHENU,2021-06-21 14:26:20
KAMDHENU,2021-08-09 13:44:16
KAMDHENU,2021-11-10 14:39:57
KAMDHENU,2022-02-02 14:57:19
KAMDHENU,2022-05-30 20:38:04
KAMDHENU,2023-02-02 17:42:28
KAMDHENU,2023-05-18 18:05:37
KAMDHENU,2023-07-31 15:14:42
KAMDHENU,2023-11-08 14:25:39
KAMDHENU,2024-01-29 15:27:31
KAMDHENU,2024-05-06 15:52:06
KAMDHENU,2024-08-09 15:18:44
KAMDHENU,2024-11-11 17:58:18
KAMDHENU,2025-02-12 15:59:46
KAMOPAINTS,2023-01-30 14:58:38
KAMOPAINTS,2023-05-18 15:00:11
KAMOPAINTS,2023-08-02 14:11:30
KAMOPAINTS,2023-11-07 14:12:15
KAMOPAINTS,2024-02-03 12:40:53
KAMOPAINTS,2024-05-07 18:42:43
KAMOPAINTS,2024-08-10 14:18:46
KAMOPAINTS,2024-11-11 15:11:57
KAMOPAINTS,2025-02-13 16:33:59
KANANIIND,2021-02-13 15:24:43
KANANIIND,2021-06-30 16:20:46
KANANIIND,2021-08-14 17:02:59
KANANIIND,2021-10-30 15:35:41
KANANIIND,2022-02-12 16:26:33
KANANIIND,2022-05-04 17:20:24
KANANIIND,2023-01-28 15:36:10
KANANIIND,2023-05-27 16:34:30
KANANIIND,2023-08-08 16:37:12
KANANIIND,2023-11-10 16:05:35
KANANIIND,2024-02-07 15:57:02
KANANIIND,2024-05-30 17:07:27
KANANIIND,2024-08-12 16:24:06
KANANIIND,2024-10-28 15:27:56
KANANIIND,2025-02-11 15:49:10
KANDARP,2023-05-30 14:26:01
KANDARP,2023-11-14 16:29:15
KANDARP,2024-05-30 15:33:41
KANDARP,2024-11-13 17:07:25
KANORICHEM,2021-02-12 13:36:36
KANORICHEM,2021-05-28 15:07:02
KANORICHEM,2021-08-11 17:39:51
KANORICHEM,2021-11-11 16:31:31
KANORICHEM,2022-02-09 17:35:39
KANORICHEM,2022-05-26 18:12:32
KANORICHEM,2023-02-10 13:51:19
KANORICHEM,2023-05-26 14:34:35
KANORICHEM,2023-08-08 14:17:10
KANORICHEM,2023-11-08 15:12:29
KANORICHEM,2024-02-14 13:59:17
KANORICHEM,2024-05-28 15:16:03
KANORICHEM,2024-08-05 14:27:10
KANORICHEM,2024-11-13 14:06:50
KANORICHEM,2025-02-13 16:12:42
KANPRPLA,2021-01-19 16:00:39
KANPRPLA,2021-02-10 13:59:25
KANPRPLA,2021-02-10 15:16:12
KANPRPLA,2021-05-24 15:31:37
KANPRPLA,2021-05-24 18:30:11
KANPRPLA,2021-07-28 15:27:05
KANPRPLA,2021-11-12 15:52:33
KANPRPLA,2022-02-10 14:50:57
KANPRPLA,2022-05-23 16:24:48
KANPRPLA,2023-02-11 17:12:35
KANPRPLA,2023-05-26 19:30:28
KANPRPLA,2023-08-04 16:51:15
KANPRPLA,2023-11-06 18:20:50
KANPRPLA,2024-02-08 18:13:59
KANPRPLA,2024-05-28 19:03:25
KANPRPLA,2024-08-09 16:50:44
KANPRPLA,2024-11-11 16:04:55
KANPRPLA,2025-02-05 15:24:20
KANSAINER,2021-02-01 12:58:04
KANSAINER,2021-05-07 16:25:25
KANSAINER,2021-07-30 13:58:05
KANSAINER,2021-08-03 12:57:04
KANSAINER,2021-10-25 15:49:26
KANSAINER,2022-02-01 14:25:21
KANSAINER,2022-05-10 16:44:44
KANSAINER,2023-02-03 14:52:33
KANSAINER,2023-05-08 18:52:01
KANSAINER,2023-08-03 14:41:12
KANSAINER,2023-11-01 19:00:16
KANSAINER,2024-02-05 14:39:30
KANSAINER,2024-05-04 17:05:33
KANSAINER,2024-07-29 14:48:43
KANSAINER,2024-11-06 17:28:17
KANSAINER,2025-02-05 18:00:42
KAPSTON,2021-02-12 18:46:43
KAPSTON,2021-06-12 18:32:37
KAPSTON,2021-08-09 19:38:23
KAPSTON,2021-11-08 12:22:36
KAPSTON,2021-11-08 12:26:23
KAPSTON,2022-02-14 13:56:02
KAPSTON,2022-02-14 18:41:46
KAPSTON,2022-05-20 14:58:14
KAPSTON,2023-02-09 17:36:19
KAPSTON,2023-05-20 12:58:49
KAPSTON,2023-07-31 13:48:34
KAPSTON,2023-10-25 17:55:40
KAPSTON,2024-01-24 17:54:07
KAPSTON,2024-05-09 18:06:38
KAPSTON,2024-08-10 14:28:29
KAPSTON,2024-11-08 18:07:36
KAPSTON,2025-02-08 18:23:18
KARMAENG,2021-02-12 15:52:03
KARMAENG,2021-06-29 18:25:52
KARMAENG,2021-08-12 16:52:46
KARMAENG,2021-11-12 15:44:50
KARMAENG,2022-02-11 15:19:25
KARMAENG,2022-05-27 17:19:17
KARMAENG,2023-02-09 14:37:22
KARMAENG,2023-05-25 16:16:52
KARMAENG,2023-05-26 14:20:25
KARMAENG,2023-08-09 14:23:08
KARMAENG,2023-11-09 14:51:05
KARMAENG,2024-02-08 15:55:00
KARMAENG,2024-05-28 14:34:24
KARMAENG,2024-05-29 12:58:06
KARMAENG,2024-08-12 16:07:10
KARMAENG,2024-11-12 15:47:49
KARMAENG,2025-02-13 16:59:40
KARNIKA,2023-11-13 15:23:04
KARNIKA,2024-05-27 15:24:26
KARNIKA,2024-11-14 16:38:15
KARURVYSYA,2021-02-11 19:21:41
KARURVYSYA,2021-05-28 15:04:50
KARURVYSYA,2021-08-04 14:35:35
KARURVYSYA,2021-11-08 12:54:43
KARURVYSYA,2022-01-31 14:32:05
KARURVYSYA,2022-05-21 12:45:43
KARURVYSYA,2023-01-23 17:18:13
KARURVYSYA,2023-05-15 13:40:56
KARURVYSYA,2023-07-17 13:13:06
KARURVYSYA,2023-10-16 13:21:32
KARURVYSYA,2024-01-22 12:51:14
KARURVYSYA,2024-05-13 13:15:52
KARURVYSYA,2024-07-18 13:23:38
KARURVYSYA,2024-10-17 13:46:57
KARURVYSYA,2025-01-20 13:47:16
KATARIA,2024-11-14 19:36:22
KAUSHALYA,2021-02-13 14:35:13
KAUSHALYA,2021-06-30 16:50:10
KAUSHALYA,2021-08-13 15:33:30
KAUSHALYA,2021-11-13 16:43:07
KAUSHALYA,2022-02-14 16:59:55
KAUSHALYA,2022-05-30 15:37:57
KAUSHALYA,2023-02-14 16:03:22
KAUSHALYA,2023-05-30 17:51:16
KAUSHALYA,2023-08-14 16:22:23
KAUSHALYA,2023-11-10 16:15:39
KAUSHALYA,2024-02-13 17:32:27
KAUSHALYA,2024-05-30 21:40:08
KAUSHALYA,2024-08-14 18:35:56
KAUSHALYA,2024-11-13 20:02:19
KAUSHALYA,2025-02-13 16:53:57
KAVDEFENCE,2021-02-13 18:33:06
KAVDEFENCE,2021-02-13 23:25:06
KAVDEFENCE,2021-06-30 22:49:43
KAVDEFENCE,2021-08-11 22:58:32
KAVDEFENCE,2021-10-27 16:39:06
KAVDEFENCE,2022-02-11 18:21:22
KAVDEFENCE,2022-05-31 21:03:11
KAVDEFENCE,2023-02-13 17:58:50
KAVDEFENCE,2023-06-01 00:08:11
KAVDEFENCE,2023-08-14 18:59:16
KAVDEFENCE,2023-11-14 20:41:19
KAVDEFENCE,2024-02-14 18:53:31
KAVDEFENCE,2024-05-30 23:17:57
KAVDEFENCE,2024-08-14 19:45:15
KAVDEFENCE,2024-11-14 18:11:34
KAVDEFENCE,2025-02-05 18:19:32
KAYA,2021-01-29 14:56:13
KAYA,2021-05-19 16:08:31
KAYA,2021-08-03 14:27:28
KAYA,2021-10-29 16:27:16
KAYA,2022-02-10 13:30:25
KAYA,2022-05-30 11:14:27
KAYA,2023-02-01 15:18:08
KAYA,2023-05-24 18:47:29
KAYA,2023-07-27 16:13:23
KAYA,2023-10-31 16:14:31
KAYA,2024-01-30 16:10:02
KAYA,2024-05-27 16:42:23
KAYA,2024-08-06 16:08:19
KAYA,2024-10-28 15:35:39
KAYA,2025-01-28 17:05:11
KAYNES,2023-01-31 15:52:23
KAYNES,2023-05-16 21:54:21
KAYNES,2023-07-31 17:07:17
KAYNES,2023-10-31 17:03:18
KAYNES,2024-01-30 18:41:56
KAYNES,2024-05-16 17:25:54
KAYNES,2024-07-26 19:25:08
KAYNES,2024-10-29 17:16:50
KAYNES,2025-01-27 18:34:50
KCEIL,2024-01-25 17:38:59
KCEIL,2024-01-25 19:49:57
KCEIL,2024-05-23 21:43:38
KCEIL,2024-11-13 19:18:21
KCK,2023-05-30 20:14:21
KCK,2023-11-14 20:25:13
KCK,2024-05-30 23:43:13
KCK,2024-11-14 18:33:58
KCP,2021-02-05 14:01:16
KCP,2021-06-25 14:27:37
KCP,2021-08-13 13:01:44
KCP,2021-11-11 12:10:17
KCP,2022-02-10 16:00:20
KCP,2022-05-18 14:05:00
KCP,2023-02-10 13:53:26
KCP,2023-05-24 14:57:32
KCP,2023-08-10 13:31:35
KCP,2023-11-10 14:09:05
KCP,2024-02-09 14:16:52
KCP,2024-05-20 16:18:10
KCP,2024-08-01 14:51:13
KCP,2024-11-08 12:10:33
KCP,2025-02-12 12:16:20
KCPSUGIND,2021-02-10 17:03:00
KCPSUGIND,2021-02-10 17:04:58
KCPSUGIND,2021-06-29 11:39:30
KCPSUGIND,2021-08-11 16:19:08
KCPSUGIND,2021-11-10 16:15:30
KCPSUGIND,2022-02-10 17:39:01
KCPSUGIND,2022-05-27 18:41:28
KCPSUGIND,2023-02-09 16:06:56
KCPSUGIND,2023-05-29 18:15:48
KCPSUGIND,2023-07-19 15:59:02
KCPSUGIND,2023-11-08 16:47:27
KCPSUGIND,2024-02-09 16:26:10
KCPSUGIND,2024-05-29 17:05:51
KCPSUGIND,2024-07-10 16:35:09
KCPSUGIND,2024-10-29 15:41:40
KCPSUGIND,2025-02-10 16:10:10
KDDL,2021-02-12 16:40:00
KDDL,2021-06-14 19:35:15
KDDL,2021-06-14 19:36:55
KDDL,2021-08-13 18:21:25
KDDL,2021-11-12 23:07:46
KDDL,2022-01-29 20:00:06
KDDL,2022-05-31 12:38:25
KDDL,2023-02-11 14:35:34
KDDL,2023-05-26 20:51:15
KDDL,2023-08-12 15:33:01
KDDL,2023-11-14 19:09:31
KDDL,2024-02-14 19:34:22
KDDL,2024-05-14 20:57:01
KDDL,2024-08-14 20:06:09
KDDL,2024-11-11 17:24:42
KDDL,2025-02-14 18:09:58
KDL,2023-07-22 16:46:49
KDL,2023-10-23 14:40:04
KDL,2024-01-22 12:44:17
KDL,2024-05-07 13:20:49
KDL,2024-08-14 15:08:37
KDL,2024-11-13 16:21:46
KDL,2025-02-01 17:42:46
KEC,2021-01-28 19:45:17
KEC,2021-05-11 20:34:22
KEC,2021-07-30 20:00:04
KEC,2021-10-27 19:58:34
KEC,2022-01-31 20:13:51
KEC,2022-05-03 20:00:53
KEC,2023-01-31 19:58:52
KEC,2023-05-03 21:06:17
KEC,2023-08-03 18:22:24
KEC,2023-11-01 19:59:09
KEC,2024-01-30 19:37:04
KEC,2024-05-07 20:08:53
KEC,2024-07-26 20:54:49
KEC,2024-11-04 20:52:28
KEC,2025-02-03 19:56:36
KECL,2021-02-10 13:07:11
KECL,2021-06-29 13:08:31
KECL,2021-08-11 16:12:26
KECL,2021-11-10 13:05:54
KECL,2022-02-09 11:54:21
KECL,2022-05-28 17:00:34
KECL,2023-01-25 13:02:14
KECL,2023-05-30 16:11:40
KECL,2023-08-14 13:54:18
KECL,2023-11-10 12:35:13
KECL,2024-02-12 12:50:05
KECL,2024-05-23 12:49:14
KECL,2024-08-06 12:57:50
KECL,2024-11-05 13:02:42
KECL,2025-02-12 13:18:11
KEEPLEARN,2021-02-12 18:20:57
KEEPLEARN,2021-06-16 18:32:13
KEEPLEARN,2021-08-14 17:00:01
KEEPLEARN,2021-11-12 20:21:11
KEEPLEARN,2022-02-14 19:36:43
KEEPLEARN,2022-05-30 20:51:34
KEEPLEARN,2023-02-14 13:32:22
KEEPLEARN,2023-05-30 17:55:33
KEEPLEARN,2023-08-12 13:18:40
KEEPLEARN,2023-11-10 19:44:14
KEEPLEARN,2024-02-14 16:33:07
KEEPLEARN,2024-05-30 22:17:30
KEEPLEARN,2024-08-14 13:58:32
KEEPLEARN,2024-11-14 22:43:53
KEEPLEARN,2025-02-12 20:00:10
KEI,2021-01-28 17:23:53
KEI,2021-05-29 19:45:11
KEI,2021-07-31 17:01:35
KEI,2021-10-28 16:04:34
KEI,2022-01-27 17:00:04
KEI,2022-05-10 12:25:18
KEI,2023-01-23 17:40:34
KEI,2023-05-02 19:07:48
KEI,2023-07-31 18:04:55
KEI,2023-10-31 18:09:35
KEI,2024-01-23 18:16:13
KEI,2024-05-02 17:53:52
KEI,2024-07-29 16:56:49
KEI,2024-10-15 17:56:47
KEI,2025-01-21 16:54:26
KELLTONTEC,2021-02-12 18:13:11
KELLTONTEC,2021-06-14 12:01:30
KELLTONTEC,2021-08-14 18:44:08
KELLTONTEC,2021-11-12 18:42:51
KELLTONTEC,2022-02-08 17:44:40
KELLTONTEC,2022-05-31 13:22:15
KELLTONTEC,2023-02-14 18:13:25
KELLTONTEC,2023-05-30 17:28:13
KELLTONTEC,2023-08-14 17:54:41
KELLTONTEC,2023-11-10 18:26:23
KELLTONTEC,2024-02-13 18:57:47
KELLTONTEC,2024-05-30 18:08:48
KELLTONTEC,2024-07-15 17:58:08
KELLTONTEC,2024-11-12 17:56:06
KELLTONTEC,2025-02-13 19:54:02
KERNEX,2021-02-13 15:21:13
KERNEX,2021-06-19 15:37:23
KERNEX,2021-08-01 12:24:38
KERNEX,2021-11-13 20:33:39
KERNEX,2022-02-12 14:28:23
KERNEX,2022-05-29 11:10:00
KERNEX,2023-05-28 19:06:45
KERNEX,2023-08-13 12:05:11
KERNEX,2023-11-14 18:43:53
KERNEX,2024-02-14 12:54:47
KERNEX,2024-05-30 13:45:43
KERNEX,2024-07-13 23:54:05
KERNEX,2024-07-31 21:21:12
KERNEX,2024-11-14 16:28:41
KERNEX,2025-02-13 11:15:41
KESORAMIND,2021-02-10 22:58:00
KESORAMIND,2021-02-20 14:47:14
KESORAMIND,2021-05-14 23:17:11
KESORAMIND,2021-05-14 23:18:33
KESORAMIND,2021-08-12 14:01:53
KESORAMIND,2021-11-09 13:42:30
KESORAMIND,2022-02-10 13:45:55
KESORAMIND,2022-04-11 14:43:48
KESORAMIND,2023-01-16 15:25:26
KESORAMIND,2023-04-28 16:32:06
KESORAMIND,2023-07-14 15:36:14
KESORAMIND,2023-10-12 15:38:06
KESORAMIND,2024-01-15 15:51:30
KESORAMIND,2024-04-22 16:11:48
KESORAMIND,2024-07-10 16:28:15
KESORAMIND,2024-10-18 18:00:13
KESORAMIND,2025-01-16 14:54:57
KEYFINSERV,2021-02-12 15:21:28
KEYFINSERV,2021-06-15 15:00:23
KEYFINSERV,2021-08-13 16:38:15
KEYFINSERV,2021-11-12 15:29:11
KEYFINSERV,2022-02-11 17:04:19
KEYFINSERV,2022-05-27 16:15:44
KEYFINSERV,2023-02-13 14:50:24
KEYFINSERV,2023-05-27 01:54:28
KEYFINSERV,2023-11-11 13:31:45
KEYFINSERV,2024-02-09 16:33:35
KEYFINSERV,2024-05-30 15:55:12
KEYFINSERV,2024-08-12 16:26:54
KEYFINSERV,2024-11-14 14:31:30
KEYFINSERV,2025-02-14 18:41:19
KFINTECH,2023-02-10 18:51:05
KFINTECH,2023-05-05 13:36:35
KFINTECH,2023-07-28 17:35:07
KFINTECH,2023-10-20 17:31:10
KFINTECH,2024-01-25 17:28:39
KFINTECH,2024-04-29 18:41:30
KFINTECH,2024-07-26 16:53:39
KFINTECH,2024-10-28 17:13:05
KFINTECH,2025-01-23 16:52:33
KHADIM,2021-02-10 16:50:27
KHADIM,2021-06-17 17:36:34
KHADIM,2021-08-11 17:05:38
KHADIM,2021-11-10 16:26:51
KHADIM,2021-11-10 16:43:31
KHADIM,2022-02-14 16:22:58
KHADIM,2022-05-25 17:17:20
KHADIM,2023-02-13 15:19:21
KHADIM,2023-05-23 15:31:35
KHADIM,2023-08-10 15:55:04
KHADIM,2023-11-10 15:34:15
KHADIM,2024-02-12 14:43:34
KHADIM,2024-05-24 15:36:48
KHADIM,2024-08-08 16:01:30
KHADIM,2024-11-08 16:08:29
KHADIM,2025-02-11 14:47:01
KHAICHEM,2021-02-02 14:16:46
KHAICHEM,2021-05-12 17:04:57
KHAICHEM,2021-05-12 20:19:18
KHAICHEM,2021-08-12 13:35:31
KHAICHEM,2021-11-02 14:32:40
KHAICHEM,2022-01-20 13:28:30
KHAICHEM,2022-04-22 19:09:56
KHAICHEM,2023-01-23 16:19:59
KHAICHEM,2023-04-29 20:13:03
KHAICHEM,2023-08-11 13:25:46
KHAICHEM,2023-11-08 12:58:06
KHAICHEM,2024-02-12 14:37:49
KHAICHEM,2024-05-23 14:35:51
KHAICHEM,2024-08-12 14:48:11
KHAICHEM,2024-11-14 18:45:27
KHAICHEM,2025-01-16 14:50:24
KHAITANLTD,2021-02-08 17:34:15
KHAITANLTD,2021-06-30 18:56:44
KHAITANLTD,2021-07-03 15:30:33
KHAITANLTD,2021-08-13 18:41:29
KHAITANLTD,2021-11-13 19:35:55
KHAITANLTD,2022-02-10 17:47:24
KHAITANLTD,2022-05-30 21:06:06
KHAITANLTD,2023-02-14 20:11:28
KHAITANLTD,2023-03-13 14:51:02
KHAITANLTD,2023-05-30 20:16:12
KHAITANLTD,2023-08-11 17:12:09
KHAITANLTD,2023-11-09 18:06:26
KHAITANLTD,2024-02-12 18:27:23
KHAITANLTD,2024-05-29 20:29:17
KHAITANLTD,2024-08-10 15:38:33
KHAITANLTD,2024-10-28 19:06:50
KHAITANLTD,2025-02-04 17:13:53
KHANDSE,2021-02-12 14:07:20
KHANDSE,2021-06-29 15:53:02
KHANDSE,2021-07-27 14:00:18
KHANDSE,2021-11-12 15:26:55
KHANDSE,2022-02-12 12:49:48
KHANDSE,2022-05-24 15:10:27
KHANDSE,2023-02-13 15:33:04
KHANDSE,2023-05-30 18:17:22
KHANDSE,2023-08-14 17:11:54
KHANDSE,2023-11-13 14:08:09
KHANDSE,2024-02-14 14:26:29
KHANDSE,2024-05-18 14:13:00
KHANDSE,2024-08-12 13:40:52
KHANDSE,2024-10-30 13:35:52
KHANDSE,2025-02-10 13:19:16
KHFM,2021-01-05 17:15:58
KHFM,2021-10-07 16:01:09
KHFM,2021-11-13 17:38:01
KHFM,2022-06-15 17:47:40
KHFM,2023-06-01 11:54:29
KHFM,2023-11-09 17:03:26
KHFM,2024-05-30 18:43:33
KHFM,2024-11-11 16:50:29
KICL,2021-02-09 10:49:17
KICL,2021-05-18 14:51:11
KICL,2021-08-10 10:50:37
KICL,2021-11-01 14:37:19
KICL,2022-02-11 11:06:59
KICL,2022-02-14 18:05:59
KICL,2022-05-12 14:36:50
KICL,2022-05-30 16:02:15
KICL,2023-02-13 11:05:07
KICL,2023-04-28 13:30:17
KICL,2023-06-02 10:27:05
KICL,2023-08-11 11:09:47
KICL,2023-11-08 11:12:41
KICL,2024-02-13 11:06:38
KICL,2024-05-30 15:10:49
KICL,2024-08-06 14:57:27
KICL,2024-11-13 12:28:01
KICL,2025-02-06 13:13:42
KILITCH,2021-02-11 21:35:46
KILITCH,2021-06-22 18:09:25
KILITCH,2021-08-13 17:11:17
KILITCH,2021-11-12 19:51:32
KILITCH,2022-02-14 19:00:45
KILITCH,2022-05-26 18:52:25
KILITCH,2023-02-14 18:04:18
KILITCH,2023-05-29 18:05:47
KILITCH,2023-08-11 13:57:16
KILITCH,2023-11-09 18:47:57
KILITCH,2024-02-08 17:54:33
KILITCH,2024-05-27 19:17:27
KILITCH,2024-08-08 18:20:33
KILITCH,2024-11-12 18:27:12
KILITCH,2025-02-11 18:25:54
KIMS,2021-07-02 17:59:55
KIMS,2021-07-03 16:14:54
KIMS,2021-08-10 18:23:05
KIMS,2021-11-10 19:04:50
KIMS,2022-02-10 14:37:46
KIMS,2022-05-19 17:31:13
KIMS,2023-02-09 18:23:37
KIMS,2023-05-18 18:20:51
KIMS,2023-08-07 17:40:45
KIMS,2023-11-07 17:16:38
KIMS,2024-02-03 17:27:57
KIMS,2024-05-16 17:45:26
KIMS,2024-08-07 16:59:53
KIMS,2024-11-09 15:58:43
KIMS,2025-02-06 16:54:06
KINGFA,2021-02-10 13:34:09
KINGFA,2021-06-17 16:26:15
KINGFA,2021-08-12 15:44:42
KINGFA,2021-10-29 14:14:27
KINGFA,2022-02-10 15:50:08
KINGFA,2022-05-25 17:15:19
KINGFA,2023-02-14 15:59:21
KINGFA,2023-05-24 17:29:31
KINGFA,2023-08-05 15:39:07
KINGFA,2023-11-07 15:47:09
KINGFA,2024-02-06 16:05:02
KINGFA,2024-05-28 16:31:47
KINGFA,2024-08-07 16:52:06
KINGFA,2024-10-29 16:07:53
KINGFA,2025-02-11 17:28:52
KIOCL,2021-02-09 18:22:32
KIOCL,2021-05-27 14:58:16
KIOCL,2021-08-05 20:14:54
KIOCL,2021-11-12 15:58:02
KIOCL,2022-02-04 19:48:16
KIOCL,2022-05-24 17:46:33
KIOCL,2023-02-08 13:13:37
KIOCL,2023-05-30 18:13:27
KIOCL,2023-08-09 16:46:39
KIOCL,2023-11-08 18:39:55
KIOCL,2024-02-13 12:17:55
KIOCL,2024-05-29 14:23:59
KIOCL,2024-08-14 16:08:12
KIOCL,2024-10-30 17:26:50
KIOCL,2025-02-13 14:26:08
KIRIINDUS,2021-02-11 16:23:23
KIRIINDUS,2021-02-11 16:26:13
KIRIINDUS,2021-06-28 16:34:05
KIRIINDUS,2021-08-10 16:47:29
KIRIINDUS,2021-11-12 13:39:22
KIRIINDUS,2022-02-10 17:02:20
KIRIINDUS,2022-05-30 17:37:07
KIRIINDUS,2023-02-11 16:12:08
KIRIINDUS,2023-05-30 16:40:00
KIRIINDUS,2023-08-11 13:15:13
KIRIINDUS,2023-11-08 12:52:32
KIRIINDUS,2024-02-12 13:04:19
KIRIINDUS,2024-05-30 13:35:24
KIRIINDUS,2024-08-12 13:42:07
KIRIINDUS,2024-11-13 12:42:45
KIRIINDUS,2025-02-13 13:07:41
KIRLOSBROS,2021-02-11 20:24:18
KIRLOSBROS,2021-05-25 19:07:37
KIRLOSBROS,2021-08-03 19:21:16
KIRLOSBROS,2021-10-29 17:48:54
KIRLOSBROS,2022-02-10 14:07:26
KIRLOSBROS,2022-05-24 14:45:12
KIRLOSBROS,2023-02-10 14:26:32
KIRLOSBROS,2023-05-11 13:20:05
KIRLOSBROS,2023-05-11 13:25:41
KIRLOSBROS,2023-08-01 13:03:11
KIRLOSBROS,2023-11-07 14:32:31
KIRLOSBROS,2024-02-14 13:50:06
KIRLOSBROS,2024-05-14 15:14:42
KIRLOSBROS,2024-05-14 15:18:55
KIRLOSBROS,2024-08-02 13:16:50
KIRLOSBROS,2024-10-29 13:15:02
KIRLOSBROS,2025-02-12 14:31:35
KIRLOSENG,2021-02-05 14:13:28
KIRLOSENG,2021-05-13 14:58:26
KIRLOSENG,2021-08-11 15:44:24
KIRLOSENG,2021-10-28 15:26:01
KIRLOSENG,2022-02-09 15:26:24
KIRLOSENG,2022-05-19 17:06:22
KIRLOSENG,2023-02-10 14:29:20
KIRLOSENG,2023-05-19 13:50:16
KIRLOSENG,2023-08-10 17:14:29
KIRLOSENG,2023-11-02 16:56:31
KIRLOSENG,2024-02-12 16:37:43
KIRLOSENG,2024-05-08 16:50:46
KIRLOSENG,2024-08-07 18:32:09
KIRLOSENG,2024-11-12 16:08:46
KIRLOSENG,2025-02-11 16:35:04
KIRLOSIND,2021-02-05 17:44:49
KIRLOSIND,2021-05-15 13:42:52
KIRLOSIND,2021-08-09 12:58:10
KIRLOSIND,2021-10-30 12:34:47
KIRLOSIND,2022-02-03 12:26:37
KIRLOSIND,2022-05-26 13:45:14
KIRLOSIND,2023-02-11 13:06:57
KIRLOSIND,2023-05-23 14:11:20
KIRLOSIND,2023-08-12 13:01:15
KIRLOSIND,2023-11-09 11:56:00
KIRLOSIND,2024-02-09 12:39:44
KIRLOSIND,2024-05-27 14:17:57
KIRLOSIND,2024-08-14 13:18:18
KIRLOSIND,2024-11-14 12:07:31
KIRLOSIND,2025-02-10 13:08:21
KIRLPNU,2023-04-27 13:14:31
KIRLPNU,2023-07-20 13:47:06
KIRLPNU,2023-10-19 15:54:32
KIRLPNU,2024-01-24 12:49:59
KIRLPNU,2024-04-25 13:28:55
KIRLPNU,2024-07-20 13:16:07
KIRLPNU,2024-10-25 14:01:44
KIRLPNU,2025-01-28 14:09:52
KITEX,2021-02-10 14:53:34
KITEX,2021-06-29 16:00:25
KITEX,2021-06-29 16:19:00
KITEX,2021-08-11 14:47:40
KITEX,2021-11-09 13:41:49
KITEX,2022-01-28 11:48:18
KITEX,2022-05-20 10:59:29
KITEX,2023-02-14 16:51:10
KITEX,2023-05-30 16:28:42
KITEX,2023-08-11 12:55:41
KITEX,2023-11-06 16:54:41
KITEX,2024-01-31 14:22:11
KITEX,2024-05-20 17:09:20
KITEX,2024-08-14 13:55:26
KITEX,2024-10-30 15:14:37
KITEX,2025-02-14 18:20:32
KKCL,2021-01-22 18:18:31
KKCL,2021-05-26 18:19:21
KKCL,2021-07-29 18:07:31
KKCL,2021-10-28 18:13:40
KKCL,2022-01-27 17:17:31
KKCL,2022-05-11 18:13:19
KKCL,2023-01-21 17:57:55
KKCL,2023-04-27 18:10:17
KKCL,2023-08-02 17:36:34
KKCL,2023-10-23 17:47:51
KKCL,2024-01-20 18:21:29
KKCL,2024-05-30 18:36:11
KKCL,2024-08-13 19:07:13
KKCL,2024-08-19 16:37:45
KKCL,2024-10-25 18:22:41
KKCL,2025-02-09 14:58:17
KKVAPOW,2021-06-29 13:51:42
KKVAPOW,2021-11-12 12:54:06
KKVAPOW,2022-05-26 13:14:29
KKVAPOW,2023-05-27 12:35:28
KKVAPOW,2023-11-14 12:54:59
KKVAPOW,2023-11-15 11:58:55
KKVAPOW,2024-05-29 15:50:26
KKVAPOW,2024-11-14 17:26:11
KLL,2024-05-30 17:16:36
KLL,2024-11-08 16:11:45
KMEW,2024-11-19 15:29:52
KMEW,2025-02-11 16:53:21
KMSUGAR,2021-02-11 15:40:56
KMSUGAR,2021-06-08 16:06:42
KMSUGAR,2021-06-09 18:04:55
KMSUGAR,2021-08-10 18:36:02
KMSUGAR,2021-11-10 16:11:03
KMSUGAR,2022-02-12 16:45:33
KMSUGAR,2022-05-27 17:14:36
KMSUGAR,2023-02-13 15:13:56
KMSUGAR,2023-05-30 16:47:20
KMSUGAR,2023-08-05 16:28:15
KMSUGAR,2023-11-08 14:40:12
KMSUGAR,2024-02-05 16:54:39
KMSUGAR,2024-05-21 18:39:18
KMSUGAR,2024-08-08 15:12:22
KMSUGAR,2024-11-11 16:12:53
KMSUGAR,2025-02-05 16:41:32
KNAGRI,2022-05-24 13:03:00
KNAGRI,2023-05-30 16:56:31
KNAGRI,2023-11-08 17:12:29
KNAGRI,2024-05-30 17:20:14
KNAGRI,2024-09-17 18:45:05
KNAGRI,2024-10-23 12:33:22
KNRCON,2021-02-11 14:44:58
KNRCON,2021-05-20 15:58:45
KNRCON,2021-08-12 15:38:22
KNRCON,2021-11-12 14:07:16
KNRCON,2022-02-14 14:11:19
KNRCON,2022-05-31 17:45:07
KNRCON,2023-02-09 17:35:37
KNRCON,2023-05-29 19:08:54
KNRCON,2023-08-14 19:23:55
KNRCON,2023-11-14 15:11:56
KNRCON,2024-02-08 15:07:53
KNRCON,2024-05-29 17:30:24
KNRCON,2024-08-14 19:28:58
KNRCON,2024-11-12 17:11:45
KNRCON,2025-02-13 17:19:31
KODYTECH,2023-11-09 17:38:14
KODYTECH,2024-05-06 20:45:19
KODYTECH,2024-10-24 13:46:15
KOHINOOR,2021-02-12 17:51:21
KOHINOOR,2021-07-20 18:54:35
KOHINOOR,2021-08-12 18:33:52
KOHINOOR,2021-11-12 17:31:48
KOHINOOR,2022-02-14 16:57:17
KOHINOOR,2022-05-30 17:15:42
KOHINOOR,2022-07-08 16:29:08
KOHINOOR,2023-02-06 16:44:45
KOHINOOR,2023-05-29 19:38:36
KOHINOOR,2023-08-14 16:37:38
KOHINOOR,2023-11-14 16:21:01
KOHINOOR,2024-02-14 17:51:41
KOHINOOR,2024-05-29 18:46:34
KOHINOOR,2024-08-13 18:15:58
KOHINOOR,2024-11-14 18:43:38
KOHINOOR,2025-02-14 17:36:09
KOKUYOCMLN,2021-01-29 16:25:38
KOKUYOCMLN,2021-06-18 13:46:57
KOKUYOCMLN,2021-08-10 14:45:56
KOKUYOCMLN,2021-10-28 14:02:11
KOKUYOCMLN,2022-01-28 15:37:19
KOKUYOCMLN,2022-05-06 15:38:21
KOKUYOCMLN,2023-01-31 15:22:48
KOKUYOCMLN,2023-05-12 16:40:28
KOKUYOCMLN,2023-07-28 16:37:14
KOKUYOCMLN,2023-10-31 14:50:35
KOKUYOCMLN,2024-02-08 15:48:17
KOKUYOCMLN,2024-05-15 17:18:54
KOKUYOCMLN,2024-08-06 17:20:22
KOKUYOCMLN,2024-11-14 17:08:55
KOKUYOCMLN,2025-02-12 18:38:05
KOLTEPATIL,2021-02-05 12:40:03
KOLTEPATIL,2021-02-05 13:51:30
KOLTEPATIL,2021-05-31 13:37:25
KOLTEPATIL,2021-05-31 14:31:07
KOLTEPATIL,2021-08-11 12:54:50
KOLTEPATIL,2021-08-11 13:35:38
KOLTEPATIL,2021-10-29 13:38:15
KOLTEPATIL,2021-10-29 15:16:05
KOLTEPATIL,2022-02-08 15:28:08
KOLTEPATIL,2022-02-08 17:02:54
KOLTEPATIL,2022-05-25 15:02:43
KOLTEPATIL,2023-02-06 13:33:36
KOLTEPATIL,2023-05-25 13:17:09
KOLTEPATIL,2023-08-04 14:42:41
KOLTEPATIL,2023-11-06 13:01:26
KOLTEPATIL,2024-01-24 13:20:50
KOLTEPATIL,2024-05-24 15:44:02
KOLTEPATIL,2024-08-09 12:59:52
KOLTEPATIL,2024-11-12 13:43:26
KOLTEPATIL,2025-02-11 17:49:25
KONSTELEC,2024-05-10 18:59:22
KONSTELEC,2024-11-12 19:15:00
KONTOR,2023-12-27 17:09:11
KONTOR,2024-05-27 17:04:31
KONTOR,2024-11-12 19:56:23
KOPRAN,2021-01-22 13:35:14
KOPRAN,2021-05-27 13:43:35
KOPRAN,2021-08-06 12:45:43
KOPRAN,2021-10-27 14:03:42
KOPRAN,2022-02-03 13:42:28
KOPRAN,2022-05-30 11:02:30
KOPRAN,2023-02-10 14:02:30
KOPRAN,2023-05-25 15:10:10
KOPRAN,2023-08-10 12:46:39
KOPRAN,2023-11-07 13:23:58
KOPRAN,2024-02-07 13:36:07
KOPRAN,2024-05-16 13:17:54
KOPRAN,2024-08-08 12:29:00
KOPRAN,2024-11-13 12:48:00
KOPRAN,2025-02-11 15:22:37
KORE,2023-05-25 21:56:18
KORE,2023-11-09 23:55:53
KORE,2024-05-29 21:55:57
KORE,2024-11-12 23:00:26
KOTAKBANK,2021-01-25 13:49:02
KOTAKBANK,2021-01-25 17:09:01
KOTAKBANK,2021-05-03 13:16:28
KOTAKBANK,2021-07-26 13:40:24
KOTAKBANK,2021-10-26 12:53:45
KOTAKBANK,2022-01-28 12:43:31
KOTAKBANK,2022-05-04 13:16:27
KOTAKBANK,2023-01-21 13:08:21
KOTAKBANK,2023-04-29 14:25:00
KOTAKBANK,2023-07-22 12:40:02
KOTAKBANK,2023-10-21 12:08:54
KOTAKBANK,2024-01-20 12:28:21
KOTAKBANK,2024-05-04 12:27:30
KOTAKBANK,2024-07-20 13:27:46
KOTAKBANK,2024-10-19 12:13:14
KOTAKBANK,2025-01-18 13:06:29
KOTARISUG,2021-01-28 13:50:01
KOTARISUG,2021-05-25 14:38:22
KOTARISUG,2021-07-30 14:07:36
KOTARISUG,2021-11-09 13:14:16
KOTARISUG,2022-01-28 12:22:56
KOTARISUG,2022-05-24 13:32:55
KOTARISUG,2023-02-08 13:09:30
KOTARISUG,2023-05-30 17:15:49
KOTARISUG,2023-08-10 17:30:19
KOTARISUG,2023-11-08 14:46:33
KOTARISUG,2024-02-12 14:07:57
KOTARISUG,2024-05-17 14:35:01
KOTARISUG,2024-08-02 13:37:32
KOTARISUG,2024-11-05 14:24:32
KOTARISUG,2025-02-12 13:37:21
KOTHARIPET,2021-01-27 15:21:40
KOTHARIPET,2021-05-24 16:44:10
KOTHARIPET,2021-07-29 17:46:50
KOTHARIPET,2021-11-08 17:40:00
KOTHARIPET,2022-01-27 14:23:52
KOTHARIPET,2022-05-25 13:37:10
KOTHARIPET,2023-02-07 14:19:42
KOTHARIPET,2023-05-26 17:39:17
KOTHARIPET,2023-08-09 12:39:55
KOTHARIPET,2023-11-09 18:34:03
KOTHARIPET,2024-02-09 14:47:24
KOTHARIPET,2024-05-16 14:45:33
KOTHARIPET,2024-08-01 13:30:33
KOTHARIPET,2024-11-04 14:35:17
KOTHARIPET,2025-02-10 14:26:01
KOTHARIPRO,2021-02-11 15:15:58
KOTHARIPRO,2021-06-29 17:06:45
KOTHARIPRO,2021-08-12 16:38:39
KOTHARIPRO,2021-11-13 18:01:57
KOTHARIPRO,2022-02-14 18:16:19
KOTHARIPRO,2022-05-31 12:41:27
KOTHARIPRO,2023-02-14 18:02:29
KOTHARIPRO,2023-05-24 18:39:00
KOTHARIPRO,2023-08-14 18:53:59
KOTHARIPRO,2023-11-10 17:02:53
KOTHARIPRO,2024-02-12 17:59:25
KOTHARIPRO,2024-05-27 18:46:15
KOTHARIPRO,2024-08-13 18:37:35
KOTHARIPRO,2024-11-13 18:55:04
KOTHARIPRO,2025-02-14 17:47:31
KOTYARK,2021-12-21 15:58:37
KOTYARK,2021-12-21 16:03:59
KOTYARK,2021-12-21 16:03:59
KOTYARK,2022-02-11 14:40:24
KOTYARK,2022-02-11 14:40:24
KOTYARK,2022-05-11 17:09:17
KOTYARK,2023-02-08 13:31:57
KOTYARK,2023-05-15 19:41:54
KOTYARK,2023-10-30 13:48:04
KOTYARK,2024-05-17 19:16:34
KOTYARK,2024-10-29 16:18:08
KPEL,2025-02-06 11:51:09
KPIGREEN,2021-08-14 22:09:16
KPIGREEN,2021-11-02 14:29:28
KPIGREEN,2022-01-17 15:25:13
KPIGREEN,2022-05-04 01:28:20
KPIGREEN,2023-01-31 13:31:53
KPIGREEN,2023-05-26 13:00:22
KPIGREEN,2023-08-11 11:26:31
KPIGREEN,2023-10-09 20:57:05
KPIGREEN,2024-02-14 14:52:15
KPIGREEN,2024-04-25 17:20:33
KPIGREEN,2024-08-08 10:34:14
KPIGREEN,2024-11-06 13:04:24
KPIGREEN,2025-02-06 10:50:00
KPIL,2021-02-13 20:51:36
KPIL,2021-05-11 16:33:27
KPIL,2021-08-03 15:51:56
KPIL,2021-10-30 15:20:07
KPIL,2022-02-11 16:39:21
KPIL,2022-05-14 19:52:02
KPIL,2023-02-09 15:15:47
KPIL,2023-05-08 17:58:41
KPIL,2023-08-11 13:38:11
KPIL,2023-11-02 16:11:35
KPIL,2024-02-07 16:13:45
KPIL,2024-05-08 17:36:26
KPIL,2024-07-29 16:33:57
KPIL,2024-10-28 17:53:13
KPIL,2025-02-13 17:06:42
KPITTECH,2021-01-28 16:07:16
KPITTECH,2021-04-28 16:45:05
KPITTECH,2021-07-26 16:22:40
KPITTECH,2021-11-01 16:07:02
KPITTECH,2022-02-01 11:33:24
KPITTECH,2022-04-27 11:57:43
KPITTECH,2023-01-31 18:56:44
KPITTECH,2023-04-26 13:37:28
KPITTECH,2023-07-25 11:49:02
KPITTECH,2023-10-30 12:21:23
KPITTECH,2024-01-30 12:00:16
KPITTECH,2024-04-29 13:17:32
KPITTECH,2024-07-24 13:01:27
KPITTECH,2024-10-23 12:33:08
KPITTECH,2025-01-29 12:35:30
KPRMILL,2021-02-03 15:04:09
KPRMILL,2021-04-28 14:32:09
KPRMILL,2021-07-27 15:15:05
KPRMILL,2021-10-27 14:32:10
KPRMILL,2022-02-07 14:31:24
KPRMILL,2022-04-27 15:24:06
KPRMILL,2023-02-06 13:40:44
KPRMILL,2023-05-03 14:00:13
KPRMILL,2023-08-01 13:02:39
KPRMILL,2023-11-06 14:00:43
KPRMILL,2024-02-05 12:57:35
KPRMILL,2024-05-02 13:55:03
KPRMILL,2024-07-31 13:51:53
KPRMILL,2024-11-05 13:20:00
KPRMILL,2025-02-03 13:39:43
KRBL,2021-02-09 15:36:36
KRBL,2021-06-29 17:58:19
KRBL,2021-08-13 14:25:25
KRBL,2021-11-08 15:58:37
KRBL,2022-02-12 15:19:24
KRBL,2022-05-27 21:37:57
KRBL,2023-02-03 15:36:16
KRBL,2023-05-30 19:07:05
KRBL,2023-08-10 15:16:13
KRBL,2023-11-09 13:39:34
KRBL,2024-02-13 14:22:48
KRBL,2024-05-20 18:40:26
KRBL,2024-07-31 15:52:42
KRBL,2024-11-13 15:23:11
KRBL,2025-02-06 16:21:38
KREBSBIO,2021-01-30 16:22:54
KREBSBIO,2021-05-27 14:17:20
KREBSBIO,2021-07-30 15:37:20
KREBSBIO,2021-08-03 16:26:06
KREBSBIO,2021-11-09 14:04:47
KREBSBIO,2022-02-12 16:00:36
KREBSBIO,2022-05-23 15:18:48
KREBSBIO,2023-02-03 15:51:58
KREBSBIO,2023-05-24 16:13:35
KREBSBIO,2023-08-09 16:21:47
KREBSBIO,2023-11-08 14:43:34
KREBSBIO,2024-02-12 13:35:01
KREBSBIO,2024-05-21 15:44:57
KREBSBIO,2024-08-07 13:41:56
KREBSBIO,2024-11-11 13:42:30
KREBSBIO,2025-02-04 14:02:23
KRIDHANINF,2021-02-12 12:13:25
KRIDHANINF,2021-06-30 20:12:32
KRIDHANINF,2021-08-13 18:38:34
KRIDHANINF,2021-11-13 22:14:32
KRIDHANINF,2022-02-14 21:27:33
KRIDHANINF,2022-05-31 16:18:43
KRIDHANINF,2023-02-15 13:11:52
KRIDHANINF,2023-05-31 15:56:01
KRIDHANINF,2023-08-14 19:18:16
KRIDHANINF,2023-11-11 18:07:13
KRIDHANINF,2024-02-13 16:43:37
KRIDHANINF,2024-05-29 17:55:43
KRIDHANINF,2024-08-14 18:09:55
KRIDHANINF,2024-11-14 18:48:12
KRIDHANINF,2025-02-13 17:52:57
KRISHANA,2021-02-02 16:36:03
KRISHANA,2021-06-10 16:39:17
KRISHANA,2021-07-22 15:30:01
KRISHANA,2021-10-29 16:35:08
KRISHANA,2022-02-02 16:11:10
KRISHANA,2022-05-24 16:31:35
KRISHANA,2023-01-27 16:05:29
KRISHANA,2023-04-21 19:43:18
KRISHANA,2023-08-10 16:08:47
KRISHANA,2023-11-10 12:07:49
KRISHANA,2024-02-12 16:23:11
KRISHANA,2024-05-13 11:31:16
KRISHANA,2024-07-29 13:45:15
KRISHANA,2024-10-15 17:52:24
KRISHANA,2025-01-15 16:42:13
KRISHCA,2023-11-03 15:17:53
KRISHCA,2024-01-31 15:06:09
KRISHCA,2024-04-30 15:14:11
KRISHCA,2024-05-27 21:03:15
KRISHCA,2024-11-12 18:35:58
KRISHIVAL,2022-05-23 19:19:32
KRISHIVAL,2023-05-25 16:47:06
KRISHIVAL,2023-11-08 17:25:41
KRISHIVAL,2024-05-24 16:22:09
KRISHIVAL,2024-11-14 18:04:52
KRISHNADEF,2022-05-27 13:30:34
KRISHNADEF,2023-05-22 10:45:12
KRISHNADEF,2023-11-08 15:56:57
KRISHNADEF,2024-05-25 18:46:27
KRISHNADEF,2024-11-11 18:42:18
KRITI,2022-01-27 17:00:19
KRITI,2022-01-27 17:09:15
KRITI,2022-05-30 19:58:15
KRITI,2023-02-03 15:10:04
KRITI,2023-05-25 15:19:03
KRITI,2023-07-22 16:19:43
KRITI,2023-11-08 14:50:29
KRITI,2024-01-25 14:39:26
KRITI,2024-05-03 14:16:01
KRITI,2024-08-03 14:46:52
KRITI,2024-11-09 14:26:02
KRITI,2025-02-11 14:21:12
KRITIKA,2021-06-30 18:41:37
KRITIKA,2021-06-30 18:43:26
KRITIKA,2021-06-30 18:43:26
KRITIKA,2021-11-12 18:07:17
KRITIKA,2021-11-12 18:10:35
KRITIKA,2021-11-12 18:10:35
KRITIKA,2022-05-28 18:55:48
KRITIKA,2023-02-13 18:02:12
KRITIKA,2023-05-30 16:40:24
KRITIKA,2023-08-14 18:21:52
KRITIKA,2023-11-09 16:57:53
KRITIKA,2024-02-09 15:20:39
KRITIKA,2024-05-28 16:15:01
KRITIKA,2024-08-08 15:19:37
KRITIKA,2024-10-16 15:30:02
KRITIKA,2025-01-22 17:52:59
KRITINUT,2023-02-03 15:50:32
KRITINUT,2023-05-25 15:58:41
KRITINUT,2023-07-22 17:12:43
KRITINUT,2023-11-08 15:16:55
KRITINUT,2024-01-25 15:15:57
KRITINUT,2024-05-03 16:50:16
KRITINUT,2024-08-03 15:32:06
KRITINUT,2024-11-09 17:28:55
KRITINUT,2025-02-11 18:10:26
KRN,2024-10-30 13:11:30
KRN,2025-01-27 19:24:15
KRONOX,2024-06-28 18:04:35
KRONOX,2024-08-06 13:01:47
KRONOX,2024-11-12 17:56:27
KRONOX,2025-01-31 16:48:40
KROSS,2024-09-27 18:09:51
KROSS,2024-11-12 17:39:50
KROSS,2025-02-07 18:32:21
KRSNAA,2021-10-11 16:09:51
KRSNAA,2022-01-31 16:03:51
KRSNAA,2022-05-28 19:43:53
KRSNAA,2023-02-13 16:38:52
KRSNAA,2023-05-27 20:41:19
KRSNAA,2023-08-12 19:44:16
KRSNAA,2023-11-03 18:31:31
KRSNAA,2024-02-12 21:51:06
KRSNAA,2024-05-18 19:36:58
KRSNAA,2024-08-06 19:15:20
KRSNAA,2024-10-25 20:26:32
KRSNAA,2025-02-12 15:20:01
KRYSTAL,2024-04-10 14:01:54
KRYSTAL,2024-05-27 17:35:05
KRYSTAL,2024-08-12 17:00:20
KRYSTAL,2024-10-23 16:55:45
KRYSTAL,2025-01-20 12:21:24
KSB,2021-02-25 19:04:24
KSB,2021-04-28 17:48:38
KSB,2021-07-30 17:34:57
KSB,2021-11-10 18:16:43
KSB,2022-02-24 18:20:45
KSB,2022-05-12 14:44:03
KSB,2023-02-23 17:04:00
KSB,2023-05-09 17:10:48
KSB,2023-08-02 16:08:32
KSB,2023-11-02 17:43:40
KSB,2024-02-28 17:14:32
KSB,2024-04-26 14:39:29
KSB,2024-08-01 15:19:22
KSB,2024-11-13 17:08:37
KSB,2025-02-27 16:51:38
KSCL,2021-02-09 14:32:20
KSCL,2021-05-29 20:34:41
KSCL,2021-08-13 14:21:34
KSCL,2021-11-12 13:36:40
KSCL,2022-02-11 13:21:59
KSCL,2022-05-23 14:33:31
KSCL,2023-01-24 14:10:50
KSCL,2023-05-23 14:05:05
KSCL,2023-08-14 13:54:40
KSCL,2023-11-08 13:51:59
KSCL,2024-02-02 13:25:08
KSCL,2024-05-22 14:21:23
KSCL,2024-08-12 14:19:23
KSCL,2024-11-13 14:44:53
KSCL,2025-02-12 14:45:55
KSERASERA,2021-02-13 19:50:55
KSERASERA,2021-07-06 10:30:27
KSERASERA,2021-08-13 19:56:31
KSERASERA,2021-11-15 17:51:42
KSERASERA,2022-05-30 17:27:31
KSERASERA,2023-02-16 17:32:30
KSERASERA,2023-05-30 16:25:57
KSERASERA,2023-08-16 18:36:43
KSERASERA,2023-11-20 16:27:45
KSERASERA,2024-02-12 12:36:24
KSERASERA,2024-05-30 17:03:03
KSERASERA,2024-08-14 23:39:43
KSERASERA,2024-11-12 21:26:01
KSHITIJPOL,2021-06-27 11:11:20
KSHITIJPOL,2021-11-14 11:49:53
KSHITIJPOL,2022-05-24 16:49:55
KSHITIJPOL,2023-02-13 18:14:51
KSHITIJPOL,2023-05-29 20:43:53
KSHITIJPOL,2023-08-10 20:36:57
KSHITIJPOL,2023-10-16 19:42:42
KSHITIJPOL,2024-02-14 21:04:15
KSHITIJPOL,2024-05-30 01:52:58
KSHITIJPOL,2024-08-13 18:35:19
KSHITIJPOL,2024-11-14 18:22:14
KSHITIJPOL,2025-02-14 16:58:10
KSL,2021-01-29 12:48:28
KSL,2021-05-18 13:23:15
KSL,2021-08-02 13:14:55
KSL,2021-11-01 14:06:00
KSL,2022-01-27 12:54:01
KSL,2022-05-12 13:43:49
KSL,2023-01-27 12:01:25
KSL,2023-04-28 12:23:56
KSL,2023-07-24 12:55:12
KSL,2023-10-30 12:51:28
KSL,2024-02-05 12:43:03
KSL,2024-05-10 13:38:58
KSL,2024-08-06 13:27:55
KSL,2024-10-28 13:28:08
KSL,2025-02-03 13:25:59
KSOLVES,2021-01-13 18:01:19
KSOLVES,2021-01-13 18:01:19
KSOLVES,2021-01-20 19:38:32
KSOLVES,2021-04-26 19:47:26
KSOLVES,2021-07-15 14:53:38
KSOLVES,2021-07-15 14:53:38
KSOLVES,2021-07-27 17:47:33
KSOLVES,2021-10-05 11:39:26
KSOLVES,2021-10-05 11:39:26
KSOLVES,2021-10-18 18:54:53
KSOLVES,2022-01-04 10:22:17
KSOLVES,2022-01-04 10:22:17
KSOLVES,2022-01-23 18:38:17
KSOLVES,2022-01-23 18:38:17
KSOLVES,2022-01-23 21:28:22
KSOLVES,2022-05-15 18:28:53
KSOLVES,2022-07-12 11:40:00
KSOLVES,2023-04-23 11:43:54
KSOLVES,2023-07-15 11:40:16
KSOLVES,2023-10-15 17:34:44
KSOLVES,2024-01-18 16:01:52
KSOLVES,2024-05-02 17:27:03
KSOLVES,2024-07-19 17:35:15
KSOLVES,2024-10-19 12:01:06
KSOLVES,2025-01-19 18:55:02
KTKBANK,2021-01-12 14:27:46
KTKBANK,2021-05-26 17:49:13
KTKBANK,2021-07-27 19:05:54
KTKBANK,2021-10-28 17:39:55
KTKBANK,2022-01-28 17:40:37
KTKBANK,2022-05-27 20:09:54
KTKBANK,2023-02-02 19:26:10
KTKBANK,2023-05-26 20:15:23
KTKBANK,2023-08-03 14:37:34
KTKBANK,2023-11-02 14:20:44
KTKBANK,2024-01-23 16:06:08
KTKBANK,2024-05-24 17:11:49
KTKBANK,2024-07-24 16:04:36
KTKBANK,2024-10-23 15:52:52
KTKBANK,2025-01-31 16:43:36
KTL,2024-05-31 18:09:06
KTL,2025-01-09 18:15:38
KUANTUM,2021-02-11 16:11:27
KUANTUM,2021-06-30 16:45:50
KUANTUM,2021-08-12 16:04:03
KUANTUM,2021-10-28 14:42:19
KUANTUM,2022-02-11 16:07:24
KUANTUM,2022-05-21 16:48:55
KUANTUM,2023-01-19 14:20:33
KUANTUM,2023-04-29 16:33:14
KUANTUM,2023-07-26 14:26:23
KUANTUM,2023-11-10 15:00:55
KUANTUM,2024-02-01 15:56:15
KUANTUM,2024-05-29 16:21:35
KUANTUM,2024-08-03 15:19:28
KUANTUM,2024-11-12 15:22:44
KUANTUM,2025-02-11 16:11:17
KUNDANMM,2021-02-09 13:10:41
KUNDANMM,2021-06-29 15:46:09
KUNDANMM,2021-08-14 12:13:43
KUNDANMM,2021-11-12 17:37:10
KUNDANMM,2022-02-09 14:41:32
KUNDANMM,2022-07-04 17:14:04
KUNDANMM,2024-05-29 21:09:45
KUNDANMM,2024-08-14 16:45:44
KUNDANMM,2024-11-08 19:04:13
KUNDANMM,2025-02-13 17:25:34
KWALITY,2021-03-18 15:53:06
KWALITY,2021-07-06 17:14:41
KWALITY,2021-07-21 18:36:36
KWALITY,2021-09-08 14:12:02
KWALITY,2021-11-29 19:12:48
LAGNAM,2021-04-15 15:18:16
LAGNAM,2021-07-15 13:06:04
LAGNAM,2021-10-16 14:37:24
LAGNAM,2022-01-15 14:21:04
LAGNAM,2022-04-16 18:38:50
LAGNAM,2023-02-14 17:30:30
LAGNAM,2023-05-20 18:01:46
LAGNAM,2023-08-07 13:32:03
LAGNAM,2023-11-09 14:43:30
LAGNAM,2024-02-12 13:52:37
LAGNAM,2024-04-29 17:20:35
LAGNAM,2024-08-03 17:39:24
LAGNAM,2024-11-11 17:18:14
LAGNAM,2025-02-08 17:31:21
LAKSHYA,2024-11-12 16:07:12
LAL,2023-05-29 15:28:24
LAL,2023-08-07 17:49:35
LAL,2023-11-10 11:51:34
LAL,2024-02-02 11:36:25
LAL,2024-05-23 11:54:35
LAL,2024-05-24 13:11:56
LAL,2024-08-12 17:45:49
LAL,2024-11-12 17:46:06
LAL,2025-02-13 17:43:54
LALPATHLAB,2021-01-29 16:02:35
LALPATHLAB,2021-05-21 15:43:47
LALPATHLAB,2021-07-30 13:18:48
LALPATHLAB,2021-10-26 16:47:06
LALPATHLAB,2022-02-10 14:50:58
LALPATHLAB,2022-05-17 15:44:05
LALPATHLAB,2023-02-02 14:10:04
LALPATHLAB,2023-05-11 13:57:08
LALPATHLAB,2023-07-27 14:25:56
LALPATHLAB,2023-11-02 13:35:05
LALPATHLAB,2024-02-01 13:28:11
LALPATHLAB,2024-05-10 13:42:25
LALPATHLAB,2024-08-07 15:07:02
LALPATHLAB,2024-10-23 15:38:21
LALPATHLAB,2025-01-30 13:39:22
LAMBODHARA,2021-02-13 11:35:11
LAMBODHARA,2021-06-25 15:12:08
LAMBODHARA,2021-08-14 13:09:15
LAMBODHARA,2021-11-12 16:39:20
LAMBODHARA,2022-02-11 13:05:18
LAMBODHARA,2022-05-28 14:56:20
LAMBODHARA,2023-02-13 14:52:26
LAMBODHARA,2023-05-29 13:14:51
LAMBODHARA,2023-08-11 14:14:22
LAMBODHARA,2023-11-13 10:56:30
LAMBODHARA,2024-02-12 12:27:25
LAMBODHARA,2024-05-29 14:43:40
LAMBODHARA,2024-08-13 15:11:51
LAMBODHARA,2024-11-14 16:47:54
LAMBODHARA,2025-02-01 12:25:16
LANCORHOL,2024-05-23 19:37:49
LANCORHOL,2024-07-10 23:13:40
LANCORHOL,2024-10-26 05:02:27
LANCORHOL,2025-02-12 00:15:43
LANDMARK,2023-02-13 16:21:18
LANDMARK,2023-05-30 13:32:48
LANDMARK,2023-08-12 18:38:22
LANDMARK,2023-11-08 18:51:02
LANDMARK,2024-02-09 20:34:18
LANDMARK,2024-05-23 21:49:32
LANDMARK,2024-08-13 19:25:23
LANDMARK,2024-11-11 19:25:41
LANDMARK,2025-02-12 17:31:38
LANDSMILL,2021-01-20 11:38:39
LANDSMILL,2021-06-29 12:28:42
LANDSMILL,2021-07-09 12:15:57
LANDSMILL,2021-10-26 12:47:17
LANDSMILL,2022-01-10 14:29:03
LANDSMILL,2022-05-21 16:22:36
LANDSMILL,2022-07-12 13:06:01
LANDSMILL,2023-01-10 13:05:29
LANDSMILL,2023-05-10 14:28:14
LANDSMILL,2023-07-11 15:10:24
LANDSMILL,2023-10-20 13:04:15
LANDSMILL,2024-01-15 14:23:16
LANDSMILL,2024-05-10 13:53:51
LANDSMILL,2024-07-13 13:37:41
LANDSMILL,2024-10-28 12:39:42
LANDSMILL,2025-01-17 12:14:51
LAOPALA,2021-02-12 13:14:54
LAOPALA,2021-05-25 13:55:54
LAOPALA,2021-08-13 17:09:14
LAOPALA,2021-11-02 14:30:25
LAOPALA,2022-01-27 14:18:08
LAOPALA,2022-05-30 16:05:27
LAOPALA,2023-02-14 13:57:02
LAOPALA,2023-05-29 14:25:47
LAOPALA,2023-08-10 17:41:28
LAOPALA,2023-11-14 16:51:40
LAOPALA,2024-02-13 18:06:31
LAOPALA,2024-05-30 21:18:55
LAOPALA,2024-08-12 19:07:59
LAOPALA,2024-11-14 17:44:38
LAOPALA,2025-02-14 19:18:18
LASA,2021-02-01 12:51:31
LASA,2021-02-01 12:58:51
LASA,2021-05-31 13:59:40
LASA,2021-08-16 10:35:51
LASA,2021-11-17 12:29:24
LASA,2022-02-08 15:03:16
LASA,2022-04-11 13:06:00
LASA,2023-02-15 16:10:40
LASA,2023-06-09 16:59:13
LASA,2023-08-14 18:52:27
LASA,2023-11-10 17:42:32
LASA,2024-02-13 18:30:09
LASA,2024-05-30 23:03:15
LASA,2024-08-14 16:54:47
LASA,2024-11-15 13:17:40
LASA,2025-02-13 18:20:09
LATENTVIEW,2022-02-08 15:58:19
LATENTVIEW,2022-05-24 15:54:42
LATENTVIEW,2023-01-25 13:22:08
LATENTVIEW,2023-05-09 15:51:17
LATENTVIEW,2023-07-27 14:22:10
LATENTVIEW,2023-10-27 20:14:24
LATENTVIEW,2024-01-29 14:37:52
LATENTVIEW,2024-05-07 16:56:19
LATENTVIEW,2024-07-26 15:15:50
LATENTVIEW,2024-11-08 13:18:02
LATENTVIEW,2025-02-07 15:07:58
LATTEYS,2021-06-30 19:24:28
LATTEYS,2021-06-30 19:24:28
LATTEYS,2021-07-01 11:03:18
LATTEYS,2021-11-13 18:36:45
LATTEYS,2021-11-13 18:39:58
LATTEYS,2021-11-13 18:39:58
LATTEYS,2021-11-14 14:24:54
LATTEYS,2022-05-30 15:24:56
LATTEYS,2023-05-30 15:25:34
LATTEYS,2023-08-14 13:45:37
LATTEYS,2023-11-11 14:20:38
LATTEYS,2024-02-12 19:22:42
LATTEYS,2024-05-30 13:53:37
LATTEYS,2024-08-14 12:29:50
LATTEYS,2024-11-12 16:06:36
LATTEYS,2025-02-11 13:47:37
LAURUSLABS,2021-01-28 14:59:20
LAURUSLABS,2021-04-29 14:44:07
LAURUSLABS,2021-07-29 15:14:41
LAURUSLABS,2021-10-28 15:21:42
LAURUSLABS,2022-01-27 14:54:41
LAURUSLABS,2022-04-28 14:43:11
LAURUSLABS,2023-01-30 11:54:55
LAURUSLABS,2023-04-27 15:01:42
LAURUSLABS,2023-07-27 14:51:55
LAURUSLABS,2023-10-20 14:56:16
LAURUSLABS,2024-01-24 15:24:25
LAURUSLABS,2024-04-25 15:06:13
LAURUSLABS,2024-07-25 14:54:09
LAURUSLABS,2024-10-24 15:07:05
LAURUSLABS,2025-01-24 14:54:04
LAXMICOT,2021-06-24 17:41:07
LAXMICOT,2021-06-24 17:47:50
LAXMICOT,2021-06-24 17:47:50
LAXMICOT,2021-08-10 17:28:29
LAXMICOT,2021-08-10 17:28:29
LAXMICOT,2021-08-10 17:47:04
LAXMICOT,2021-08-10 17:47:04
LAXMICOT,2021-11-01 17:45:26
LAXMICOT,2021-11-01 17:47:38
LAXMICOT,2021-11-01 17:47:38
LAXMICOT,2021-11-01 18:52:55
LAXMICOT,2022-02-13 12:33:30
LAXMICOT,2022-05-13 20:09:20
LAXMICOT,2023-02-14 19:52:10
LAXMICOT,2023-05-19 21:08:48
LAXMICOT,2023-08-12 15:24:09
LAXMICOT,2023-11-09 19:48:36
LAXMICOT,2024-02-13 19:08:48
LAXMICOT,2024-05-17 18:41:48
LAXMICOT,2024-08-13 18:48:47
LAXMICOT,2024-11-13 16:49:07
LAXMICOT,2025-02-10 18:43:16
LAXMIDENTL,2025-02-13 23:50:44
LCCINFOTEC,2021-02-12 15:39:43
LCCINFOTEC,2021-06-30 16:14:46
LCCINFOTEC,2021-08-12 15:03:54
LCCINFOTEC,2021-11-12 14:47:17
LCCINFOTEC,2022-01-28 15:39:21
LCCINFOTEC,2022-05-27 17:54:53
LCCINFOTEC,2023-02-14 15:52:48
LCCINFOTEC,2023-05-29 16:26:07
LCCINFOTEC,2023-08-14 15:38:35
LCCINFOTEC,2023-11-09 13:39:23
LCCINFOTEC,2024-02-13 14:37:27
LCCINFOTEC,2024-05-22 18:34:07
LCCINFOTEC,2024-08-12 17:09:24
LCCINFOTEC,2024-11-14 15:23:09
LCCINFOTEC,2025-02-14 16:24:47
LEEL,2024-11-12 15:19:09
LEEL,2025-01-07 15:34:26
LEMERITE,2022-05-30 20:49:12
LEMERITE,2023-05-29 17:59:57
LEMERITE,2023-11-06 17:54:42
LEMERITE,2024-05-25 18:09:41
LEMERITE,2024-10-25 18:30:49
LEMONTREE,2021-02-09 19:47:15
LEMONTREE,2021-06-15 20:33:34
LEMONTREE,2021-06-25 20:12:57
LEMONTREE,2021-08-11 17:14:39
LEMONTREE,2021-10-21 16:45:41
LEMONTREE,2022-02-10 17:10:01
LEMONTREE,2022-05-27 19:57:33
LEMONTREE,2023-02-10 20:05:19
LEMONTREE,2023-05-30 19:40:53
LEMONTREE,2023-08-10 19:50:49
LEMONTREE,2023-11-09 21:07:42
LEMONTREE,2024-02-06 20:50:40
LEMONTREE,2024-05-29 18:43:35
LEMONTREE,2024-08-07 19:08:44
LEMONTREE,2024-11-14 18:35:11
LEMONTREE,2025-02-04 20:48:03
LEXUS,2021-06-30 13:43:26
LEXUS,2021-11-14 22:24:01
LEXUS,2022-05-30 18:29:13
LEXUS,2022-05-31 14:48:43
LEXUS,2023-05-30 17:59:08
LEXUS,2023-08-11 16:47:36
LEXUS,2023-11-07 14:55:21
LEXUS,2024-02-10 14:54:49
LEXUS,2024-05-29 16:05:27
LEXUS,2024-07-30 16:06:49
LEXUS,2024-11-14 16:31:04
LEXUS,2025-02-14 16:04:05
LFIC,2021-02-03 14:38:41
LFIC,2021-06-29 14:00:50
LFIC,2021-08-12 13:42:15
LFIC,2021-11-09 13:51:47
LFIC,2022-01-31 13:49:58
LFIC,2022-05-26 16:35:31
LFIC,2023-02-10 14:05:34
LFIC,2023-05-30 16:06:12
LFIC,2023-05-31 10:57:55
LFIC,2023-08-09 14:26:07
LFIC,2023-11-09 15:41:37
LFIC,2024-02-07 13:37:29
LFIC,2024-05-27 16:51:44
LFIC,2024-08-10 15:32:53
LFIC,2024-11-08 17:55:29
LFIC,2025-02-10 17:52:51
LGBBROSLTD,2021-01-28 18:06:51
LGBBROSLTD,2021-06-10 17:51:04
LGBBROSLTD,2021-06-10 18:09:30
LGBBROSLTD,2021-07-31 17:20:36
LGBBROSLTD,2021-10-30 18:57:31
LGBBROSLTD,2022-01-31 17:12:14
LGBBROSLTD,2022-04-30 17:50:51
LGBBROSLTD,2023-01-28 17:27:24
LGBBROSLTD,2023-04-29 18:08:19
LGBBROSLTD,2023-07-27 17:44:40
LGBBROSLTD,2023-10-30 19:10:59
LGBBROSLTD,2024-01-29 22:08:57
LGBBROSLTD,2024-04-29 19:00:54
LGBBROSLTD,2024-07-31 18:40:25
LGBBROSLTD,2024-10-28 17:01:59
LGBBROSLTD,2025-01-31 16:41:46
LGBFORGE,2021-02-11 14:48:31
LGBFORGE,2021-06-29 17:56:06
LGBFORGE,2021-08-12 15:58:18
LGBFORGE,2021-12-30 11:41:50
LGBFORGE,2022-04-08 15:17:44
LGBFORGE,2022-05-28 16:53:46
LGBFORGE,2023-02-10 18:15:05
LGBFORGE,2023-05-15 16:36:08
LGBFORGE,2023-08-10 18:31:13
LGBFORGE,2023-11-09 14:23:16
LGBFORGE,2024-02-07 14:35:38
LGBFORGE,2024-05-22 19:14:36
LGHL,2021-06-30 16:46:20
LGHL,2021-11-13 17:10:23
LGHL,2022-05-31 13:12:31
LGHL,2023-05-10 22:15:08
LGHL,2023-10-30 14:47:16
LGHL,2024-02-14 21:32:20
LGHL,2024-05-27 19:02:08
LGHL,2024-08-13 15:54:38
LGHL,2024-10-25 18:08:18
LGHL,2025-02-12 18:07:50
LIBAS,2021-01-29 00:22:16
LIBAS,2021-05-10 23:34:28
LIBAS,2021-07-08 20:05:10
LIBAS,2021-10-15 23:42:30
LIBAS,2022-02-12 20:46:20
LIBAS,2022-02-12 20:49:47
LIBAS,2022-05-30 22:07:38
LIBAS,2023-02-14 18:38:22
LIBAS,2023-06-05 18:22:37
LIBAS,2023-08-14 14:27:24
LIBAS,2023-11-11 12:03:12
LIBAS,2024-02-13 15:36:00
LIBAS,2024-06-01 22:07:23
LIBAS,2024-08-14 17:25:37
LIBAS,2024-11-19 18:18:57
LIBAS,2025-02-14 23:05:57
LIBERTSHOE,2021-02-12 18:07:54
LIBERTSHOE,2021-06-30 17:05:22
LIBERTSHOE,2021-08-11 17:07:59
LIBERTSHOE,2021-11-11 20:03:20
LIBERTSHOE,2022-02-14 13:50:39
LIBERTSHOE,2022-05-30 16:45:39
LIBERTSHOE,2023-02-13 18:12:16
LIBERTSHOE,2023-05-30 15:48:05
LIBERTSHOE,2023-08-11 17:51:05
LIBERTSHOE,2023-11-06 17:06:54
LIBERTSHOE,2024-02-14 17:21:54
LIBERTSHOE,2024-05-29 18:23:21
LIBERTSHOE,2024-08-09 16:28:40
LIBERTSHOE,2024-11-12 14:12:48
LIBERTSHOE,2025-02-12 16:43:43
LICHSGFIN,2021-01-29 14:01:01
LICHSGFIN,2021-06-15 15:31:02
LICHSGFIN,2021-07-29 14:13:24
LICHSGFIN,2021-10-21 19:18:14
LICHSGFIN,2022-01-27 18:30:36
LICHSGFIN,2022-05-18 16:52:39
LICHSGFIN,2023-02-06 17:00:24
LICHSGFIN,2023-05-16 20:16:22
LICHSGFIN,2023-08-03 19:12:38
LICHSGFIN,2023-11-01 19:21:37
LICHSGFIN,2024-02-02 20:27:40
LICHSGFIN,2024-05-15 20:00:04
LICHSGFIN,2024-08-02 18:46:37
LICHSGFIN,2024-10-28 15:13:53
LICHSGFIN,2025-01-31 18:24:07
LICI,2022-05-30 21:20:24
LICI,2023-02-09 18:48:43
LICI,2023-05-24 20:17:27
LICI,2023-08-10 18:07:44
LICI,2023-11-10 17:06:32
LICI,2024-02-08 17:57:23
LICI,2024-05-27 19:01:41
LICI,2024-08-08 18:15:25
LICI,2024-11-08 15:42:32
LICI,2025-02-07 17:05:11
LIKHITHA,2021-02-04 11:22:12
LIKHITHA,2021-06-11 11:22:21
LIKHITHA,2021-08-11 11:41:54
LIKHITHA,2021-11-03 15:07:58
LIKHITHA,2022-02-07 11:55:39
LIKHITHA,2022-05-28 12:39:09
LIKHITHA,2023-02-08 12:44:45
LIKHITHA,2023-05-18 14:22:23
LIKHITHA,2023-08-09 18:36:46
LIKHITHA,2023-11-07 14:04:25
LIKHITHA,2024-02-13 13:05:04
LIKHITHA,2024-05-27 13:19:34
LIKHITHA,2024-08-09 13:05:18
LIKHITHA,2024-11-12 13:46:50
LIKHITHA,2025-02-08 16:57:19
LINC,2021-02-11 16:59:05
LINC,2021-06-28 18:21:24
LINC,2021-08-12 17:07:17
LINC,2021-11-12 18:15:22
LINC,2022-02-14 18:11:05
LINC,2022-05-31 12:58:16
LINC,2023-02-03 12:30:56
LINC,2023-05-12 17:28:19
LINC,2023-07-31 18:23:47
LINC,2023-11-02 18:08:19
LINC,2024-02-08 18:41:11
LINC,2024-05-02 20:23:49
LINC,2024-08-12 19:05:42
LINC,2024-10-29 19:26:05
LINC,2025-02-03 18:42:03
LINCOLN,2021-02-02 12:48:06
LINCOLN,2021-05-25 12:37:59
LINCOLN,2021-08-10 12:38:14
LINCOLN,2021-11-11 12:57:02
LINCOLN,2022-02-10 13:03:07
LINCOLN,2022-05-19 12:56:45
LINCOLN,2023-02-09 12:58:20
LINCOLN,2023-05-25 11:45:51
LINCOLN,2023-08-10 12:22:31
LINCOLN,2023-11-02 12:22:41
LINCOLN,2024-02-08 12:22:34
LINCOLN,2024-05-16 12:15:55
LINCOLN,2024-08-08 12:07:30
LINCOLN,2024-11-14 12:17:04
LINCOLN,2025-02-13 12:17:15
LINDEINDIA,2021-03-01 20:40:35
LINDEINDIA,2021-05-11 17:07:30
LINDEINDIA,2021-08-10 15:05:25
LINDEINDIA,2021-11-12 17:45:34
LINDEINDIA,2022-02-24 17:41:35
LINDEINDIA,2022-05-13 17:20:37
LINDEINDIA,2023-02-13 15:41:30
LINDEINDIA,2023-05-23 17:58:13
LINDEINDIA,2023-08-08 17:06:42
LINDEINDIA,2023-11-06 20:14:45
LINDEINDIA,2024-02-05 17:12:12
LINDEINDIA,2024-05-28 22:44:50
LINDEINDIA,2024-08-06 16:07:15
LINDEINDIA,2024-11-07 14:56:46
LINDEINDIA,2025-02-07 17:10:11
LLOYDS,2023-05-26 15:47:55
LLOYDS,2023-11-13 15:18:19
LLOYDS,2024-05-14 17:28:53
LLOYDS,2024-10-22 16:47:44
LLOYDSENGG,2021-02-10 15:05:30
LLOYDSENGG,2021-05-31 13:39:23
LLOYDSENGG,2021-07-22 12:47:49
LLOYDSENGG,2021-10-18 17:08:08
LLOYDSENGG,2022-02-02 13:42:31
LLOYDSENGG,2022-05-11 15:30:55
LLOYDSENGG,2023-02-02 13:15:33
LLOYDSENGG,2023-04-27 13:59:17
LLOYDSENGG,2023-08-07 17:30:01
LLOYDSENGG,2023-10-20 19:59:54
LLOYDSENGG,2024-01-23 14:16:54
LLOYDSENGG,2024-05-02 18:02:38
LLOYDSENGG,2024-07-30 18:11:08
LLOYDSENGG,2024-10-19 16:15:35
LLOYDSENGG,2025-02-13 13:13:21
LLOYDSENT,2024-10-25 12:26:31
LLOYDSENT,2025-02-13 19:25:32
LLOYDSME,2023-08-08 14:35:46
LLOYDSME,2023-10-23 15:11:05
LLOYDSME,2024-01-22 14:43:47
LLOYDSME,2024-05-02 14:26:47
LLOYDSME,2024-07-30 12:40:01
LLOYDSME,2024-10-23 14:51:38
LLOYDSME,2025-01-28 14:36:54
LMW,2021-01-27 18:04:57
LMW,2021-05-24 17:21:40
LMW,2021-07-21 12:24:38
LMW,2021-10-27 12:39:11
LMW,2022-02-04 18:14:34
LMW,2022-05-11 17:43:19
LMW,2023-02-01 17:57:40
LMW,2023-05-24 18:23:00
LMW,2023-07-31 14:10:05
LMW,2023-10-25 16:23:30
LMW,2024-02-12 17:43:23
LMW,2024-05-27 15:40:15
LMW,2024-07-31 14:36:33
LMW,2024-10-28 17:30:58
LMW,2025-01-24 17:58:02
LODHA,2021-05-14 16:28:13
LODHA,2021-07-30 18:08:56
LODHA,2021-10-21 18:10:54
LODHA,2022-01-25 18:44:37
LODHA,2022-04-26 19:31:49
LODHA,2023-01-24 19:08:32
LODHA,2023-04-22 17:33:44
LODHA,2023-07-27 21:08:16
LODHA,2023-10-28 17:44:47
LODHA,2024-01-27 17:45:40
LODHA,2024-04-24 18:29:06
LODHA,2024-07-30 17:54:07
LODHA,2024-10-25 19:12:06
LODHA,2025-01-25 15:43:08
LOKESHMACH,2021-01-28 12:52:23
LOKESHMACH,2021-06-16 13:53:21
LOKESHMACH,2021-07-27 15:05:15
LOKESHMACH,2021-07-27 17:36:28
LOKESHMACH,2021-10-28 13:27:43
LOKESHMACH,2022-02-14 13:31:02
LOKESHMACH,2022-05-26 15:33:17
LOKESHMACH,2023-02-15 11:46:34
LOKESHMACH,2023-05-26 16:48:28
LOKESHMACH,2023-08-10 14:50:48
LOKESHMACH,2023-11-10 15:43:55
LOKESHMACH,2024-02-12 14:25:21
LOKESHMACH,2024-05-22 18:09:35
LOKESHMACH,2024-08-14 17:53:52
LOKESHMACH,2024-11-12 16:56:30
LOKESHMACH,2025-02-14 16:43:14
LORDSCHLO,2023-11-08 18:30:33
LORDSCHLO,2024-02-22 19:06:20
LORDSCHLO,2024-05-23 20:24:41
LORDSCHLO,2024-08-12 19:44:52
LORDSCHLO,2024-11-13 19:59:14
LORDSCHLO,2025-02-10 18:39:36
LOTUSEYE,2021-02-09 22:43:49
LOTUSEYE,2021-06-30 20:09:56
LOTUSEYE,2021-08-14 19:39:20
LOTUSEYE,2021-11-13 19:44:32
LOTUSEYE,2022-02-14 19:02:20
LOTUSEYE,2022-02-14 19:15:15
LOTUSEYE,2022-05-25 20:27:37
LOTUSEYE,2023-02-13 18:37:46
LOTUSEYE,2023-05-24 19:04:57
LOTUSEYE,2023-08-14 11:47:45
LOTUSEYE,2023-11-14 18:33:13
LOTUSEYE,2024-02-14 17:44:50
LOTUSEYE,2024-05-27 18:51:34
LOTUSEYE,2024-08-12 18:35:15
LOTUSEYE,2024-11-12 18:40:51
LOTUSEYE,2025-02-12 18:48:49
LOVABLE,2021-02-13 16:38:58
LOVABLE,2021-06-25 13:58:20
LOVABLE,2021-08-10 17:39:59
LOVABLE,2021-08-10 17:42:26
LOVABLE,2021-11-11 15:12:48
LOVABLE,2021-11-11 15:25:56
LOVABLE,2022-02-14 18:42:10
LOVABLE,2022-05-30 19:58:35
LOVABLE,2023-02-14 14:59:23
LOVABLE,2023-05-30 14:08:55
LOVABLE,2023-07-25 17:26:11
LOVABLE,2023-11-09 14:02:52
LOVABLE,2024-02-12 13:25:22
LOVABLE,2024-05-28 14:33:01
LOVABLE,2024-07-29 17:05:22
LOVABLE,2024-11-14 19:13:21
LOVABLE,2025-02-14 13:54:20
LOYALTEX,2023-02-14 17:30:03
LOYALTEX,2023-02-14 17:31:24
LOYALTEX,2023-05-29 18:28:15
LOYALTEX,2023-05-29 18:34:32
LOYALTEX,2023-08-11 16:32:22
LOYALTEX,2023-11-09 20:20:51
LOYALTEX,2023-11-09 20:22:10
LOYALTEX,2024-02-13 19:07:03
LOYALTEX,2024-02-13 19:08:50
LOYALTEX,2024-05-29 18:56:48
LOYALTEX,2024-05-29 18:58:03
LOYALTEX,2024-08-09 17:43:41
LOYALTEX,2024-08-09 17:45:23
LOYALTEX,2024-11-12 18:32:47
LOYALTEX,2025-02-12 18:44:15
LPDC,2021-02-09 14:43:19
LPDC,2021-06-07 14:38:04
LPDC,2021-08-12 14:13:14
LPDC,2021-11-11 13:57:13
LPDC,2022-02-14 13:05:15
LPDC,2022-05-30 13:50:00
LPDC,2023-02-08 12:45:21
LPDC,2023-05-29 13:32:49
LPDC,2023-08-07 12:57:55
LPDC,2023-11-07 12:52:18
LPDC,2024-02-12 14:14:50
LPDC,2024-05-28 13:52:47
LPDC,2024-08-12 13:35:48
LPDC,2024-11-13 13:08:32
LPDC,2025-02-11 13:33:38
LRRPL,2023-05-30 16:17:09
LRRPL,2023-11-10 16:44:44
LRRPL,2024-05-30 13:47:26
LRRPL,2024-11-11 13:18:52
LT,2021-01-25 17:09:04
LT,2021-01-25 17:24:44
LT,2021-05-14 17:43:52
LT,2021-05-14 17:55:48
LT,2021-07-26 17:28:36
LT,2021-07-26 17:39:47
LT,2021-10-27 17:22:22
LT,2021-10-27 17:29:30
LT,2022-01-28 16:26:37
LT,2022-01-28 16:37:08
LT,2022-05-12 16:46:26
LT,2022-05-12 16:53:54
LT,2023-01-30 16:04:34
LT,2023-05-10 17:08:26
LT,2023-07-25 16:44:09
LT,2023-10-31 18:30:33
LT,2024-01-30 17:59:55
LT,2024-05-08 17:11:39
LT,2024-07-24 17:10:01
LT,2024-10-30 17:44:38
LT,2025-01-30 16:27:35
LTF,2021-01-15 20:22:34
LTF,2021-04-29 17:50:22
LTF,2021-07-16 17:58:43
LTF,2021-10-20 18:01:09
LTF,2022-01-21 17:58:11
LTF,2022-04-29 18:47:12
LTF,2023-01-13 18:56:17
LTF,2023-04-28 17:12:08
LTF,2023-07-19 17:56:18
LTF,2023-10-20 18:08:38
LTF,2024-01-23 19:08:11
LTF,2024-04-27 19:16:23
LTF,2024-07-16 19:03:25
LTF,2024-10-18 18:49:19
LTF,2025-01-20 18:29:17
LTFOODS,2021-01-29 14:32:40
LTFOODS,2021-05-26 13:20:00
LTFOODS,2021-07-30 13:10:46
LTFOODS,2021-10-29 13:18:51
LTFOODS,2022-01-31 13:38:14
LTFOODS,2022-05-30 15:09:05
LTFOODS,2023-01-30 13:43:18
LTFOODS,2023-05-18 15:12:51
LTFOODS,2023-07-28 12:03:23
LTFOODS,2023-10-30 13:46:25
LTFOODS,2024-01-25 12:40:19
LTFOODS,2024-05-17 14:00:34
LTFOODS,2024-07-25 13:07:28
LTFOODS,2024-10-24 14:25:41
LTFOODS,2025-01-27 14:04:17
LTM,2021-01-19 19:41:04
LTM,2021-05-04 18:40:34
LTM,2021-07-15 18:15:14
LTM,2021-10-18 18:31:02
LTM,2022-01-19 18:12:28
LTM,2022-04-19 17:50:22
LTM,2023-01-20 16:55:05
LTM,2023-04-27 16:33:55
LTM,2023-07-17 15:38:08
LTM,2023-10-18 17:08:00
LTM,2024-01-17 16:38:16
LTM,2024-04-24 16:30:05
LTM,2024-07-17 16:45:42
LTM,2024-10-17 16:25:14
LTM,2025-01-16 16:46:47
LTTS,2021-01-20 18:56:03
LTTS,2021-05-03 19:01:51
LTTS,2021-07-14 18:30:07
LTTS,2021-10-19 18:10:12
LTTS,2022-01-18 18:37:02
LTTS,2022-04-21 16:36:11
LTTS,2023-01-19 16:51:28
LTTS,2023-04-26 16:23:42
LTTS,2023-07-18 15:36:43
LTTS,2023-10-17 16:05:47
LTTS,2024-01-16 15:47:22
LTTS,2024-04-25 16:34:33
LTTS,2024-07-18 16:14:31
LTTS,2024-10-16 16:09:48
LTTS,2025-01-15 15:47:02
LUMAXIND,2021-02-11 14:39:17
LUMAXIND,2021-06-11 15:12:33
LUMAXIND,2021-08-06 13:09:35
LUMAXIND,2021-11-12 18:22:33
LUMAXIND,2022-02-11 14:53:39
LUMAXIND,2022-05-24 15:53:41
LUMAXIND,2023-02-09 16:15:36
LUMAXIND,2023-05-27 15:37:25
LUMAXIND,2023-08-09 14:52:03
LUMAXIND,2023-11-07 15:20:13
LUMAXIND,2024-02-09 18:54:01
LUMAXIND,2024-05-24 18:56:29
LUMAXIND,2024-08-08 15:13:22
LUMAXIND,2024-11-12 16:41:21
LUMAXIND,2025-02-10 15:02:57
LUMAXTECH,2021-02-12 14:18:30
LUMAXTECH,2021-06-12 17:26:22
LUMAXTECH,2021-08-11 14:45:04
LUMAXTECH,2021-11-11 14:06:43
LUMAXTECH,2022-02-09 14:39:53
LUMAXTECH,2022-05-12 15:41:44
LUMAXTECH,2023-02-13 15:10:21
LUMAXTECH,2023-05-30 17:03:18
LUMAXTECH,2023-08-10 14:26:37
LUMAXTECH,2023-11-08 15:34:46
LUMAXTECH,2024-02-13 14:20:33
LUMAXTECH,2024-05-27 16:40:21
LUMAXTECH,2024-08-10 14:33:47
LUMAXTECH,2024-11-13 18:37:18
LUMAXTECH,2025-02-13 15:06:39
LUPIN,2021-01-28 22:18:09
LUPIN,2021-05-13 00:11:58
LUPIN,2021-08-10 22:29:31
LUPIN,2021-10-27 23:06:41
LUPIN,2022-02-03 23:26:01
LUPIN,2022-05-18 20:34:14
LUPIN,2023-02-09 21:55:51
LUPIN,2023-05-09 22:37:17
LUPIN,2023-08-03 22:16:23
LUPIN,2023-11-08 22:56:04
LUPIN,2024-02-07 19:40:12
LUPIN,2024-05-06 20:35:52
LUPIN,2024-08-06 21:03:17
LUPIN,2024-11-07 18:34:17
LUPIN,2025-02-12 00:39:44
LUXIND,2021-02-12 15:50:24
LUXIND,2021-05-25 17:39:43
LUXIND,2021-07-27 12:46:15
LUXIND,2021-11-01 11:44:38
LUXIND,2022-02-03 15:53:18
LUXIND,2022-05-30 15:56:25
LUXIND,2023-02-09 15:21:39
LUXIND,2023-05-30 13:59:44
LUXIND,2023-08-14 13:57:02
LUXIND,2023-11-07 15:34:47
LUXIND,2024-01-31 16:50:17
LUXIND,2024-05-30 20:53:32
LUXIND,2024-08-14 16:04:39
LUXIND,2024-11-12 14:49:06
LUXIND,2025-02-13 14:43:28
LXCHEM,2021-05-25 22:17:02
LXCHEM,2021-08-10 18:28:39
LXCHEM,2021-08-10 18:30:07
LXCHEM,2021-11-04 13:04:09
LXCHEM,2022-02-03 10:39:00
LXCHEM,2022-05-05 11:46:51
LXCHEM,2023-01-24 20:51:59
LXCHEM,2023-05-13 16:01:55
LXCHEM,2023-07-28 15:42:30
LXCHEM,2023-10-26 20:40:44
LXCHEM,2024-01-24 19:47:47
LXCHEM,2024-05-21 20:32:10
LXCHEM,2024-07-26 20:20:48
LXCHEM,2024-10-29 21:00:15
LXCHEM,2025-01-22 20:53:08
LYKALABS,2021-02-11 16:21:36
LYKALABS,2021-06-02 17:11:21
LYKALABS,2021-08-04 16:30:54
LYKALABS,2021-10-29 18:15:36
LYKALABS,2022-01-20 16:15:44
LYKALABS,2022-05-21 12:21:18
LYKALABS,2023-02-07 13:56:49
LYKALABS,2023-05-23 13:50:59
LYKALABS,2023-08-02 14:03:14
LYKALABS,2023-11-02 13:54:10
LYKALABS,2024-02-08 13:35:51
LYKALABS,2024-05-21 17:37:02
LYKALABS,2024-05-23 12:13:23
LYKALABS,2024-05-23 12:21:00
LYKALABS,2024-08-09 13:28:48
LYKALABS,2024-11-12 12:48:58
LYKALABS,2025-02-04 15:25:13
M&M,2021-02-05 13:05:59
M&M,2021-05-28 14:15:31
M&M,2021-08-06 11:58:28
M&M,2021-11-09 13:21:04
M&M,2022-02-10 12:34:55
M&M,2022-05-28 11:31:24
M&M,2023-02-10 12:54:01
M&M,2023-05-26 13:59:59
M&M,2023-08-04 13:05:16
M&M,2023-11-10 12:31:54
M&M,2024-02-14 13:41:25
M&M,2024-05-16 13:57:29
M&M,2024-07-31 13:04:01
M&M,2024-11-07 12:04:14
M&M,2025-02-07 13:27:40
M&MFIN,2021-01-28 19:07:59
M&MFIN,2021-01-29 12:18:46
M&MFIN,2021-04-23 19:14:53
M&MFIN,2021-07-26 14:53:27
M&MFIN,2021-10-28 17:25:57
M&MFIN,2022-02-02 17:26:34
M&MFIN,2022-05-03 15:40:07
M&MFIN,2023-02-03 16:43:08
M&MFIN,2023-04-28 16:33:15
M&MFIN,2023-07-28 14:13:55
M&MFIN,2023-10-27 17:16:36
M&MFIN,2024-01-30 16:45:50
M&MFIN,2024-05-04 22:30:46
M&MFIN,2024-07-23 14:15:56
M&MFIN,2024-10-22 16:16:27
M&MFIN,2025-01-28 17:41:48
MAANALU,2021-02-13 20:26:16
MAANALU,2021-05-31 14:03:19
MAANALU,2021-08-05 14:42:16
MAANALU,2021-11-12 18:54:49
MAANALU,2022-02-12 13:56:40
MAANALU,2022-05-20 15:38:54
MAANALU,2023-02-02 17:19:42
MAANALU,2023-05-30 14:58:03
MAANALU,2023-08-11 19:05:50
MAANALU,2023-11-09 15:41:04
MAANALU,2024-02-14 17:02:21
MAANALU,2024-05-30 16:13:03
MAANALU,2024-08-13 17:59:21
MAANALU,2024-11-14 17:22:40
MAANALU,2025-02-04 16:19:31
MACOBSTECH,2024-11-14 18:13:45
MACPOWER,2021-02-12 19:02:05
MACPOWER,2021-06-25 17:54:14
MACPOWER,2021-08-14 16:37:45
MACPOWER,2021-10-25 12:11:01
MACPOWER,2022-02-10 13:14:53
MACPOWER,2022-05-28 17:09:17
MACPOWER,2023-02-11 17:16:51
MACPOWER,2023-05-27 15:15:53
MACPOWER,2023-08-11 13:27:28
MACPOWER,2023-10-22 12:19:15
MACPOWER,2024-01-29 11:27:44
MACPOWER,2024-05-27 12:42:24
MACPOWER,2024-08-13 16:19:53
MACPOWER,2024-11-12 12:19:30
MACPOWER,2025-02-13 16:24:33
MADHAV,2021-02-12 16:54:20
MADHAV,2021-06-29 19:38:14
MADHAV,2021-08-14 11:48:56
MADHAV,2021-11-12 17:21:35
MADHAV,2022-02-11 17:32:40
MADHAV,2022-05-28 13:50:33
MADHAV,2023-02-11 18:52:26
MADHAV,2023-05-29 19:41:53
MADHAV,2023-08-11 19:54:45
MADHAV,2023-11-08 18:11:08
MADHAV,2024-02-08 18:23:31
MADHAV,2024-05-28 17:36:55
MADHAV,2024-08-13 21:13:33
MADHAV,2024-11-14 14:06:35
MADHAV,2025-02-10 20:08:17
MADHAVBAUG,2022-05-04 18:56:56
MADHAVBAUG,2023-05-29 22:15:54
MADHAVBAUG,2023-11-14 14:21:43
MADHAVBAUG,2024-05-26 15:42:16
MADHAVBAUG,2024-11-11 14:58:19
MADHUCON,2021-02-12 20:03:12
MADHUCON,2021-06-22 14:56:43
MADHUCON,2021-07-09 22:45:55
MADHUCON,2021-08-13 17:20:35
MADHUCON,2021-11-12 21:29:31
MADHUCON,2022-02-09 18:26:07
MADHUCON,2022-05-30 10:35:58
MADHUCON,2022-12-20 10:17:44
MADHUCON,2023-02-13 22:16:58
MADHUCON,2023-05-16 18:41:19
MADHUCON,2023-08-12 18:33:13
MADHUCON,2023-11-11 18:34:49
MADHUCON,2024-02-10 16:53:46
MADHUCON,2024-05-18 21:46:00
MADHUCON,2024-08-06 21:18:19
MADHUCON,2024-11-08 21:32:43
MADHUCON,2025-01-30 22:58:53
MADHUSUDAN,2023-11-09 17:16:44
MADHUSUDAN,2024-05-03 17:38:28
MADHUSUDAN,2024-11-12 14:43:33
MADRASFERT,2021-02-03 14:40:42
MADRASFERT,2021-06-23 15:14:13
MADRASFERT,2021-08-11 13:34:17
MADRASFERT,2021-11-10 13:38:18
MADRASFERT,2022-02-10 15:08:33
MADRASFERT,2022-05-19 14:27:40
MADRASFERT,2023-02-07 14:59:46
MADRASFERT,2023-05-17 15:34:50
MADRASFERT,2023-08-08 18:38:48
MADRASFERT,2023-11-03 12:01:01
MADRASFERT,2024-02-14 17:28:33
MADRASFERT,2024-05-28 16:33:32
MADRASFERT,2024-08-14 16:06:47
MADRASFERT,2024-11-13 16:14:22
MADRASFERT,2025-02-11 15:52:51
MAFATLAFIN,2021-02-02 12:42:25
MAFATLAFIN,2021-05-31 13:00:46
MAFATLAFIN,2021-06-01 12:54:14
MAFATLAFIN,2021-07-29 12:21:02
MAFATLAFIN,2021-10-28 12:18:49
MAFATLAFIN,2021-10-29 14:34:25
MAFATLAFIN,2022-01-28 12:30:56
MAFATLAFIN,2022-05-31 09:35:35
MAGADSUGAR,2021-02-09 13:42:16
MAGADSUGAR,2021-05-11 19:26:17
MAGADSUGAR,2021-08-03 13:54:35
MAGADSUGAR,2021-11-10 17:22:50
MAGADSUGAR,2022-02-04 13:50:07
MAGADSUGAR,2022-05-11 14:27:20
MAGADSUGAR,2023-02-08 13:13:52
MAGADSUGAR,2023-05-09 13:39:29
MAGADSUGAR,2023-08-04 13:24:00
MAGADSUGAR,2023-11-09 17:37:01
MAGADSUGAR,2024-02-13 13:33:47
MAGADSUGAR,2024-05-14 18:29:31
MAGADSUGAR,2024-08-13 13:33:11
MAGADSUGAR,2024-11-11 18:14:49
MAGADSUGAR,2025-02-11 14:36:32
MAGNUM,2021-02-10 16:02:44
MAGNUM,2021-06-29 18:47:48
MAGNUM,2021-08-06 18:18:36
MAGNUM,2021-10-28 18:24:45
MAGNUM,2022-02-14 11:40:00
MAGNUM,2022-05-28 16:00:41
MAGNUM,2023-02-14 13:51:22
MAGNUM,2023-05-29 20:15:46
MAGNUM,2023-08-11 14:27:39
MAGNUM,2023-11-10 17:15:12
MAGNUM,2024-02-05 18:24:52
MAGNUM,2024-05-27 16:56:43
MAGNUM,2024-08-07 15:42:17
MAGNUM,2024-11-13 16:32:07
MAGNUM,2025-02-13 18:03:38
MAGSON,2023-11-09 12:46:45
MAGSON,2024-05-30 14:10:40
MAGSON,2024-10-25 16:35:31
MAHABANK,2021-01-19 12:34:38
MAHABANK,2021-04-29 15:09:51
MAHABANK,2021-07-22 13:09:39
MAHABANK,2021-10-21 12:14:15
MAHABANK,2022-01-20 13:07:03
MAHABANK,2022-04-28 14:00:42
MAHABANK,2023-01-16 12:58:18
MAHABANK,2023-04-24 13:45:03
MAHABANK,2023-07-19 12:30:27
MAHABANK,2023-10-16 13:38:36
MAHABANK,2024-01-16 16:40:41
MAHABANK,2024-04-26 13:30:08
MAHABANK,2024-07-15 14:56:59
MAHABANK,2024-10-15 13:09:00
MAHABANK,2025-01-15 14:46:00
MAHAPEXLTD,2021-02-12 17:19:47
MAHAPEXLTD,2021-06-29 17:19:46
MAHAPEXLTD,2021-08-11 17:10:58
MAHAPEXLTD,2021-11-11 15:33:25
MAHAPEXLTD,2022-02-14 17:53:43
MAHAPEXLTD,2022-05-30 20:02:39
MAHAPEXLTD,2023-02-09 16:59:05
MAHAPEXLTD,2023-05-30 17:11:43
MAHAPEXLTD,2023-08-10 16:00:12
MAHAPEXLTD,2023-11-09 15:16:34
MAHAPEXLTD,2024-02-08 17:43:54
MAHAPEXLTD,2024-05-29 17:02:06
MAHAPEXLTD,2024-08-13 15:50:48
MAHAPEXLTD,2024-11-13 15:11:03
MAHAPEXLTD,2025-02-10 16:06:44
MAHASTEEL,2021-02-12 16:38:38
MAHASTEEL,2021-06-28 14:24:26
MAHASTEEL,2021-06-29 12:39:03
MAHASTEEL,2021-08-13 14:15:28
MAHASTEEL,2021-11-13 13:47:22
MAHASTEEL,2022-02-07 15:49:38
MAHASTEEL,2022-05-24 12:43:38
MAHASTEEL,2023-02-07 12:52:16
MAHASTEEL,2023-05-29 14:43:31
MAHASTEEL,2023-08-11 12:45:53
MAHASTEEL,2023-11-08 13:47:42
MAHASTEEL,2024-02-12 14:06:30
MAHASTEEL,2024-05-27 14:57:33
MAHASTEEL,2024-08-14 14:23:35
MAHASTEEL,2024-11-13 14:07:47
MAHASTEEL,2025-02-13 14:41:18
MAHEPC,2021-01-27 13:33:07
MAHEPC,2021-05-11 20:00:22
MAHEPC,2021-05-20 19:53:17
MAHEPC,2021-07-22 10:14:04
MAHEPC,2021-10-28 18:25:05
MAHEPC,2022-01-24 13:55:55
MAHEPC,2022-05-04 13:45:05
MAHEPC,2023-01-31 13:44:06
MAHEPC,2023-04-28 14:44:10
MAHEPC,2023-07-26 13:36:05
MAHEPC,2023-10-30 13:32:42
MAHEPC,2024-01-29 13:41:13
MAHEPC,2024-04-23 14:56:53
MAHEPC,2024-07-19 13:51:47
MAHEPC,2024-10-17 16:26:13
MAHEPC,2025-01-15 18:56:37
MAHESHWARI,2021-02-12 17:47:20
MAHESHWARI,2021-06-23 19:40:33
MAHESHWARI,2021-08-13 18:09:45
MAHESHWARI,2021-11-13 16:49:03
MAHESHWARI,2022-02-11 16:07:08
MAHESHWARI,2022-05-28 18:14:54
MAHESHWARI,2023-02-15 13:27:56
MAHESHWARI,2023-05-30 22:12:33
MAHESHWARI,2023-08-14 19:20:15
MAHESHWARI,2023-11-10 19:09:02
MAHESHWARI,2024-02-14 17:48:36
MAHESHWARI,2024-05-30 22:47:54
MAHESHWARI,2024-08-14 18:29:59
MAHESHWARI,2024-11-14 18:10:46
MAHESHWARI,2025-02-14 18:35:52
MAHICKRA,2021-05-22 17:04:04
MAHICKRA,2021-05-22 17:06:47
MAHICKRA,2021-10-27 18:51:58
MAHICKRA,2022-05-30 16:29:54
MAHICKRA,2023-05-15 18:44:35
MAHICKRA,2023-11-15 15:59:04
MAHICKRA,2023-11-15 16:37:39
MAHICKRA,2024-05-18 18:31:50
MAHICKRA,2024-10-24 18:25:12
MAHLIFE,2021-01-25 10:30:12
MAHLIFE,2021-05-12 20:19:44
MAHLIFE,2021-07-28 15:02:19
MAHLIFE,2021-10-26 12:58:12
MAHLIFE,2022-02-04 14:32:09
MAHLIFE,2022-04-27 20:10:12
MAHLIFE,2023-02-02 19:16:20
MAHLIFE,2023-04-25 18:14:23
MAHLIFE,2023-07-26 13:46:29
MAHLIFE,2023-10-27 15:11:06
MAHLIFE,2024-02-02 17:38:56
MAHLIFE,2024-04-26 19:26:10
MAHLIFE,2024-07-24 13:59:43
MAHLIFE,2024-10-25 18:59:05
MAHLIFE,2025-01-31 19:51:10
MAHLOG,2021-01-29 16:24:06
MAHLOG,2021-04-29 17:50:20
MAHLOG,2021-07-27 13:59:51
MAHLOG,2021-10-27 18:11:18
MAHLOG,2022-01-27 17:38:03
MAHLOG,2022-04-26 18:14:32
MAHLOG,2023-02-01 17:52:45
MAHLOG,2023-04-24 17:48:36
MAHLOG,2023-07-24 15:02:46
MAHLOG,2023-10-23 17:40:42
MAHLOG,2024-01-29 17:20:39
MAHLOG,2024-04-22 17:37:21
MAHLOG,2024-07-22 14:27:07
MAHLOG,2024-10-21 16:46:29
MAHLOG,2025-01-27 19:31:46
MAHSCOOTER,2021-01-18 16:31:10
MAHSCOOTER,2021-04-28 15:29:51
MAHSCOOTER,2021-07-21 15:54:32
MAHSCOOTER,2021-10-25 16:13:03
MAHSCOOTER,2021-10-26 15:23:16
MAHSCOOTER,2022-01-17 17:10:14
MAHSCOOTER,2022-04-26 15:55:43
MAHSCOOTER,2023-01-21 16:37:53
MAHSCOOTER,2023-04-24 16:07:44
MAHSCOOTER,2023-07-24 15:20:23
MAHSCOOTER,2023-10-26 13:21:48
MAHSCOOTER,2024-01-25 15:02:13
MAHSCOOTER,2024-04-24 12:50:47
MAHSCOOTER,2024-07-22 15:59:59
MAHSCOOTER,2024-10-21 11:14:28
MAHSCOOTER,2025-01-15 15:20:03
MAHSEAMLES,2021-03-31 17:05:41
MAHSEAMLES,2021-06-25 19:21:32
MAHSEAMLES,2021-08-13 15:05:22
MAHSEAMLES,2021-10-30 14:39:12
MAHSEAMLES,2022-02-02 20:44:25
MAHSEAMLES,2022-05-27 18:07:29
MAHSEAMLES,2023-01-23 16:42:30
MAHSEAMLES,2023-05-26 20:09:13
MAHSEAMLES,2023-08-01 14:04:12
MAHSEAMLES,2023-11-01 14:53:29
MAHSEAMLES,2024-01-29 23:59:59
MAHSEAMLES,2024-05-21 19:32:33
MAHSEAMLES,2024-07-29 16:11:36
MAHSEAMLES,2024-10-28 15:33:35
MAHSEAMLES,2025-01-27 16:11:33
MAITHANALL,2021-02-13 14:10:15
MAITHANALL,2021-05-05 15:52:07
MAITHANALL,2021-08-12 13:35:43
MAITHANALL,2021-11-11 14:24:09
MAITHANALL,2022-02-12 15:31:41
MAITHANALL,2022-05-30 17:02:52
MAITHANALL,2023-02-14 18:44:15
MAITHANALL,2023-05-23 17:59:31
MAITHANALL,2023-08-12 15:19:49
MAITHANALL,2023-11-14 15:10:05
MAITHANALL,2024-02-10 15:20:57
MAITHANALL,2024-05-29 17:23:10
MAITHANALL,2024-08-14 17:31:15
MAITHANALL,2024-11-11 16:27:16
MAITHANALL,2025-02-11 15:51:21
MAITREYA,2023-11-23 12:54:52
MAITREYA,2024-02-13 15:42:12
MAITREYA,2024-05-29 00:24:23
MAITREYA,2024-10-28 16:28:19
MAKS,2023-08-10 18:12:13
MAKS,2023-11-10 18:32:18
MAKS,2023-11-10 23:33:28
MAKS,2024-05-28 21:26:57
MAKS,2024-11-27 19:59:59
MAL,2023-11-16 19:15:27
MAL,2024-05-30 19:20:12
MAL,2024-11-15 19:06:18
MALLCOM,2022-02-11 18:56:56
MALLCOM,2022-05-31 09:54:27
MALLCOM,2023-02-08 19:49:27
MALLCOM,2023-05-29 18:46:41
MALLCOM,2023-08-07 19:10:23
MALLCOM,2023-11-10 18:34:54
MALLCOM,2024-02-12 19:06:39
MALLCOM,2024-05-28 19:53:47
MALLCOM,2024-07-26 17:53:25
MALLCOM,2024-11-12 18:11:24
MALLCOM,2025-01-30 18:37:23
MALUPAPER,2021-02-09 17:50:34
MALUPAPER,2021-06-21 17:44:21
MALUPAPER,2021-08-09 17:59:30
MALUPAPER,2021-11-01 17:00:55
MALUPAPER,2022-01-29 18:45:07
MALUPAPER,2022-05-28 18:29:25
MALUPAPER,2023-02-11 18:15:36
MALUPAPER,2023-05-20 17:04:41
MALUPAPER,2023-08-09 17:04:09
MALUPAPER,2023-11-04 16:08:00
MALUPAPER,2024-02-12 16:43:46
MALUPAPER,2024-05-18 17:09:27
MALUPAPER,2024-08-13 17:22:31
MALUPAPER,2024-11-13 16:40:37
MALUPAPER,2025-02-10 16:30:02
MAMATA,2025-01-17 20:40:50
MAMATA,2025-02-11 19:14:58
MANAKALUCO,2021-02-13 13:19:22
MANAKALUCO,2021-06-08 13:47:27
MANAKALUCO,2021-06-08 14:43:02
MANAKALUCO,2021-08-13 14:03:54
MANAKALUCO,2021-11-12 15:40:01
MANAKALUCO,2022-02-02 17:45:49
MANAKALUCO,2022-02-02 17:49:32
MANAKALUCO,2022-05-10 17:37:28
MANAKALUCO,2023-02-06 16:15:55
MANAKALUCO,2023-05-19 18:27:16
MANAKALUCO,2023-07-29 19:17:40
MANAKALUCO,2023-11-08 17:36:35
MANAKALUCO,2024-02-12 16:51:08
MANAKALUCO,2024-05-18 17:55:57
MANAKALUCO,2024-08-09 16:41:33
MANAKALUCO,2024-11-08 18:08:00
MANAKALUCO,2025-02-12 14:17:24
MANAKCOAT,2021-02-13 15:31:55
MANAKCOAT,2021-05-21 14:21:26
MANAKCOAT,2021-05-21 14:36:12
MANAKCOAT,2021-08-11 16:28:48
MANAKCOAT,2021-11-10 15:18:28
MANAKCOAT,2022-02-02 14:46:00
MANAKCOAT,2022-02-02 14:48:41
MANAKCOAT,2022-05-10 15:20:53
MANAKCOAT,2023-02-10 16:14:25
MANAKCOAT,2023-05-30 17:00:32
MANAKCOAT,2023-07-29 16:59:43
MANAKCOAT,2023-11-08 14:51:35
MANAKCOAT,2024-02-09 16:41:08
MANAKCOAT,2024-05-10 17:07:14
MANAKCOAT,2024-08-07 17:43:18
MANAKCOAT,2024-11-08 15:57:07
MANAKCOAT,2025-02-12 17:14:11
MANAKSIA,2021-02-12 17:38:17
MANAKSIA,2021-02-12 17:45:25
MANAKSIA,2021-06-15 16:17:31
MANAKSIA,2021-06-15 16:32:51
MANAKSIA,2021-08-11 17:25:39
MANAKSIA,2021-08-11 17:40:29
MANAKSIA,2021-11-11 13:38:18
MANAKSIA,2021-11-11 13:39:32
MANAKSIA,2022-02-14 15:40:39
MANAKSIA,2022-02-14 15:42:35
MANAKSIA,2022-05-26 17:18:20
MANAKSIA,2023-02-14 14:33:47
MANAKSIA,2023-05-26 17:08:23
MANAKSIA,2023-08-09 15:29:59
MANAKSIA,2023-11-09 14:18:03
MANAKSIA,2024-02-12 14:39:36
MANAKSIA,2024-05-28 15:25:55
MANAKSIA,2024-08-13 16:42:34
MANAKSIA,2024-11-13 14:54:15
MANAKSIA,2025-02-12 18:31:38
MANAKSTEEL,2021-02-12 15:20:59
MANAKSTEEL,2021-02-12 15:27:10
MANAKSTEEL,2021-06-16 16:16:26
MANAKSTEEL,2021-06-22 16:19:52
MANAKSTEEL,2021-08-11 14:30:54
MANAKSTEEL,2021-08-11 14:43:37
MANAKSTEEL,2021-11-11 16:29:02
MANAKSTEEL,2021-11-11 16:30:30
MANAKSTEEL,2022-02-14 18:42:04
MANAKSTEEL,2022-02-14 18:43:17
MANAKSTEEL,2022-05-27 15:38:48
MANAKSTEEL,2023-02-14 17:16:10
MANAKSTEEL,2023-05-25 16:44:35
MANAKSTEEL,2023-08-08 15:17:07
MANAKSTEEL,2023-11-08 17:27:50
MANAKSTEEL,2024-02-12 17:07:47
MANAKSTEEL,2024-05-28 19:16:40
MANAKSTEEL,2024-08-13 18:21:37
MANAKSTEEL,2024-11-08 15:26:33
MANAKSTEEL,2025-02-12 16:56:20
MANALIPETC,2021-02-09 16:00:30
MANALIPETC,2021-06-29 17:08:12
MANALIPETC,2021-08-10 14:46:11
MANALIPETC,2021-11-09 16:02:36
MANALIPETC,2022-02-10 16:19:17
MANALIPETC,2022-05-24 17:48:29
MANALIPETC,2023-02-08 18:21:13
MANALIPETC,2023-05-25 18:15:52
MANALIPETC,2023-08-09 16:13:20
MANALIPETC,2023-11-07 16:38:16
MANALIPETC,2024-02-12 16:42:28
MANALIPETC,2024-05-13 18:19:33
MANALIPETC,2024-08-05 17:24:59
MANALIPETC,2024-11-04 17:56:08
MANALIPETC,2025-02-05 19:05:20
MANAPPURAM,2021-01-29 13:05:58
MANAPPURAM,2021-05-26 14:08:03
MANAPPURAM,2021-08-10 14:09:12
MANAPPURAM,2021-11-13 17:00:26
MANAPPURAM,2022-02-14 14:12:22
MANAPPURAM,2022-05-18 16:12:07
MANAPPURAM,2023-02-03 15:51:40
MANAPPURAM,2023-05-12 16:43:54
MANAPPURAM,2023-08-10 14:21:52
MANAPPURAM,2023-11-13 15:17:09
MANAPPURAM,2024-02-07 15:37:44
MANAPPURAM,2024-05-24 15:08:35
MANAPPURAM,2024-08-13 15:31:57
MANAPPURAM,2024-11-05 15:34:03
MANAPPURAM,2025-02-13 17:11:12
MANAV,2021-06-29 19:11:09
MANAV,2021-06-29 19:22:55
MANAV,2021-06-29 19:41:43
MANAV,2021-11-03 22:05:00
MANAV,2021-11-12 17:15:55
MANAV,2021-11-12 17:19:39
MANAV,2022-05-30 20:06:13
MANAV,2023-05-30 17:39:47
MANAV,2023-05-30 17:41:23
MANAV,2023-11-03 17:53:25
MANAV,2024-05-23 19:10:40
MANAV,2024-10-17 17:31:15
MANBA,2024-10-18 20:47:06
MANBA,2024-10-24 13:42:13
MANBA,2025-01-27 13:01:18
MANCREDIT,2024-11-07 16:08:32
MANCREDIT,2025-02-10 16:49:11
MANDEEP,2024-06-15 00:12:40
MANDEEP,2024-11-14 18:09:34
MANDEEP,2024-11-15 17:58:28
MANGALAM,2021-02-11 16:00:08
MANGALAM,2021-05-20 16:35:57
MANGALAM,2021-08-12 17:52:20
MANGALAM,2021-11-12 16:47:31
MANGALAM,2022-02-04 17:15:23
MANGALAM,2022-05-26 19:03:48
MANGALAM,2023-02-13 19:16:18
MANGALAM,2023-05-30 19:03:12
MANGALAM,2023-08-10 17:42:34
MANGALAM,2023-11-08 20:10:22
MANGALAM,2024-02-13 19:43:54
MANGALAM,2024-05-21 19:42:10
MANGALAM,2024-05-21 19:44:56
MANGALAM,2024-08-13 19:54:53
MANGALAM,2024-11-14 19:04:42
MANGALAM,2025-02-13 20:05:14
MANGCHEFER,2021-02-04 15:36:06
MANGCHEFER,2021-05-15 21:10:10
MANGCHEFER,2021-08-02 19:21:12
MANGCHEFER,2021-11-09 19:03:36
MANGCHEFER,2022-02-01 20:58:33
MANGCHEFER,2022-05-17 19:32:11
MANGCHEFER,2023-01-30 20:59:28
MANGCHEFER,2023-05-11 19:36:53
MANGCHEFER,2023-08-07 18:07:40
MANGCHEFER,2023-10-30 17:12:16
MANGCHEFER,2024-02-02 18:04:13
MANGCHEFER,2024-05-23 21:14:53
MANGCHEFER,2024-07-29 18:36:25
MANGCHEFER,2024-10-28 13:16:36
MANGCHEFER,2025-02-04 13:23:48
MANGLMCEM,2021-02-06 15:31:46
MANGLMCEM,2021-05-22 16:52:37
MANGLMCEM,2021-07-18 13:08:35
MANGLMCEM,2021-11-13 15:54:16
MANGLMCEM,2022-02-11 15:40:42
MANGLMCEM,2022-05-08 15:58:14
MANGLMCEM,2023-02-11 15:21:22
MANGLMCEM,2023-05-27 13:05:42
MANGLMCEM,2023-08-08 17:24:12
MANGLMCEM,2023-11-03 14:02:24
MANGLMCEM,2024-01-27 17:45:54
MANGLMCEM,2024-05-01 15:01:41
MANGLMCEM,2024-08-05 14:13:55
MANGLMCEM,2024-11-14 14:31:15
MANGLMCEM,2025-02-06 16:26:01
MANGTIMBER,2021-02-13 15:45:16
MANGTIMBER,2021-06-28 14:08:05
MANGTIMBER,2021-07-15 15:11:23
MANINDS,2021-01-21 14:03:18
MANINDS,2021-05-31 13:20:43
MANINDS,2021-08-09 13:07:30
MANINDS,2021-11-12 17:38:20
MANINDS,2022-02-10 13:51:35
MANINDS,2022-05-27 13:43:22
MANINDS,2023-02-09 18:13:09
MANINDS,2023-05-18 15:31:42
MANINDS,2023-08-07 18:33:02
MANINDS,2023-11-08 13:54:24
MANINDS,2024-01-23 15:45:58
MANINDS,2024-05-28 15:19:56
MANINDS,2024-08-12 13:55:18
MANINDS,2024-11-12 18:11:17
MANINDS,2025-02-12 19:08:32
MANINFRA,2021-02-10 15:44:24
MANINFRA,2021-05-19 18:20:41
MANINFRA,2021-08-12 12:33:06
MANINFRA,2021-11-01 12:48:00
MANINFRA,2022-02-11 19:14:45
MANINFRA,2022-05-19 18:26:45
MANINFRA,2023-02-02 16:43:21
MANINFRA,2023-05-09 13:48:58
MANINFRA,2023-07-25 16:27:44
MANINFRA,2023-11-06 17:15:09
MANINFRA,2024-02-05 13:05:20
MANINFRA,2024-05-14 17:17:57
MANINFRA,2024-08-06 14:11:21
MANINFRA,2024-11-12 16:38:33
MANINFRA,2025-02-03 12:54:20
MANKIND,2023-05-31 17:06:55
MANKIND,2023-08-02 18:03:18
MANKIND,2023-10-31 17:25:15
MANKIND,2024-01-31 17:29:56
MANKIND,2024-05-15 18:17:38
MANKIND,2024-07-31 14:46:13
MANKIND,2024-11-05 16:26:38
MANKIND,2025-01-23 19:14:08
MANOMAY,2023-02-14 14:45:24
MANOMAY,2023-05-30 19:01:38
MANOMAY,2023-08-14 15:26:29
MANOMAY,2023-11-10 18:30:31
MANOMAY,2024-02-10 14:55:17
MANOMAY,2024-05-20 16:49:20
MANOMAY,2024-08-12 16:03:35
MANOMAY,2024-11-14 12:25:07
MANOMAY,2025-02-07 14:21:15
MANORAMA,2023-01-27 19:19:08
MANORAMA,2023-05-09 18:50:50
MANORAMA,2023-08-05 13:35:38
MANORAMA,2023-11-09 17:51:54
MANORAMA,2024-02-10 18:00:33
MANORAMA,2024-05-12 19:25:30
MANORAMA,2024-07-30 19:44:35
MANORAMA,2024-10-23 17:52:35
MANORAMA,2025-01-21 16:12:39
MANORG,2021-11-03 13:00:14
MANORG,2022-02-11 17:05:49
MANORG,2022-05-28 12:52:39
MANORG,2023-01-27 16:46:14
MANORG,2023-05-26 16:18:55
MANORG,2023-08-11 15:48:26
MANORG,2023-11-10 16:29:08
MANORG,2024-02-09 16:16:53
MANORG,2024-05-30 17:43:24
MANORG,2024-07-26 16:42:03
MANORG,2024-11-08 16:51:15
MANORG,2025-02-07 17:06:32
MANPASAND,2021-02-16 20:16:53
MANUGRAPH,2021-02-11 16:21:23
MANUGRAPH,2021-06-28 17:30:05
MANUGRAPH,2021-06-29 22:05:50
MANUGRAPH,2021-08-10 17:21:05
MANUGRAPH,2021-11-09 16:25:57
MANUGRAPH,2022-02-14 16:58:17
MANUGRAPH,2022-05-26 14:43:15
MANUGRAPH,2023-02-07 16:26:59
MANUGRAPH,2023-05-25 16:13:57
MANUGRAPH,2023-08-10 16:06:18
MANUGRAPH,2023-11-09 16:11:38
MANUGRAPH,2024-02-12 15:57:48
MANUGRAPH,2024-05-21 16:14:33
MANUGRAPH,2024-08-12 16:30:39
MANUGRAPH,2024-11-12 16:19:50
MANUGRAPH,2025-02-11 16:03:09
MANYAVAR,2022-04-11 13:13:19
MANYAVAR,2022-05-09 23:24:10
MANYAVAR,2023-01-28 13:30:32
MANYAVAR,2023-04-28 16:34:20
MANYAVAR,2023-07-26 15:35:52
MANYAVAR,2023-10-31 12:30:05
MANYAVAR,2024-01-25 13:34:28
MANYAVAR,2024-04-30 17:24:37
MANYAVAR,2024-07-29 13:58:09
MANYAVAR,2024-10-29 13:56:11
MANYAVAR,2025-01-30 13:08:42
MAPMYINDIA,2022-02-14 11:50:10
MAPMYINDIA,2022-05-21 18:52:39
MAPMYINDIA,2023-01-31 16:37:09
MAPMYINDIA,2023-04-23 17:19:59
MAPMYINDIA,2023-08-04 16:03:01
MAPMYINDIA,2023-10-31 16:11:42
MAPMYINDIA,2024-01-16 14:09:49
MAPMYINDIA,2024-05-13 14:58:28
MAPMYINDIA,2024-05-13 15:21:45
MAPMYINDIA,2024-08-09 18:59:21
MAPMYINDIA,2024-11-08 15:43:14
MAPMYINDIA,2025-01-28 17:51:50
MARALOVER,2021-01-28 17:37:20
MARALOVER,2021-04-30 19:23:20
MARALOVER,2021-07-30 17:11:33
MARALOVER,2021-10-28 17:03:06
MARALOVER,2022-02-03 18:02:58
MARALOVER,2022-05-11 20:31:48
MARALOVER,2023-02-02 17:23:56
MARALOVER,2023-05-04 17:44:48
MARALOVER,2023-05-05 12:35:13
MARALOVER,2023-08-04 16:04:25
MARALOVER,2023-11-01 16:19:21
MARALOVER,2024-02-07 16:19:36
MARALOVER,2024-05-09 16:06:25
MARALOVER,2024-08-01 17:34:17
MARALOVER,2024-11-04 16:58:54
MARALOVER,2025-02-04 17:45:10
MARATHON,2021-02-12 19:11:18
MARATHON,2021-06-28 19:05:38
MARATHON,2021-08-12 18:42:02
MARATHON,2021-11-12 18:19:14
MARATHON,2022-02-14 15:02:18
MARATHON,2022-05-27 21:18:18
MARATHON,2023-02-15 16:02:39
MARATHON,2023-05-24 19:08:44
MARATHON,2023-08-11 13:21:04
MARATHON,2023-11-06 18:00:52
MARATHON,2024-02-08 14:52:55
MARATHON,2024-05-28 15:40:43
MARATHON,2024-08-14 16:40:32
MARATHON,2024-11-11 15:57:13
MARATHON,2025-01-13 15:55:50
MARCO,2023-11-14 17:09:31
MARCO,2024-05-22 21:42:30
MARCO,2024-10-30 17:18:34
MARICO,2021-01-27 14:02:52
MARICO,2021-04-30 13:34:37
MARICO,2021-07-30 14:44:02
MARICO,2021-10-28 14:18:36
MARICO,2022-01-28 16:33:19
MARICO,2022-05-05 15:37:06
MARICO,2023-02-03 15:43:39
MARICO,2023-05-05 16:04:08
MARICO,2023-07-28 15:49:22
MARICO,2023-10-30 15:49:49
MARICO,2024-01-29 15:48:01
MARICO,2024-05-06 15:18:13
MARICO,2024-08-05 13:55:16
MARICO,2024-10-29 16:07:08
MARICO,2025-01-31 13:44:22
MARINE,2021-02-10 14:32:14
MARINE,2021-06-07 15:44:10
MARINE,2021-08-12 14:19:57
MARINE,2021-11-11 14:11:23
MARINE,2021-11-12 12:18:15
MARINE,2022-02-10 14:13:27
MARINE,2022-05-27 15:45:09
MARINE,2023-02-13 16:43:50
MARINE,2023-05-29 17:23:35
MARINE,2023-08-11 13:54:38
MARINE,2023-11-09 13:41:18
MARINE,2024-02-14 14:42:22
MARINE,2024-05-29 22:28:54
MARINE,2024-08-12 18:50:17
MARINE,2024-11-12 19:37:38
MARINE,2025-02-12 18:29:52
MARINETRAN,2024-06-06 19:21:07
MARINETRAN,2024-11-14 20:03:19
MARKSANS,2021-02-08 14:13:01
MARKSANS,2021-05-31 12:28:33
MARKSANS,2021-08-11 12:13:41
MARKSANS,2021-11-10 10:56:12
MARKSANS,2022-02-11 12:53:01
MARKSANS,2022-05-30 20:32:36
MARKSANS,2023-02-13 13:41:18
MARKSANS,2023-05-30 13:50:41
MARKSANS,2023-08-11 18:32:42
MARKSANS,2023-11-09 13:04:15
MARKSANS,2024-02-13 14:31:29
MARKSANS,2024-05-30 11:53:13
MARKSANS,2024-08-13 19:47:02
MARKSANS,2024-11-12 13:41:41
MARKSANS,2025-02-11 20:38:36
MARSHALL,2021-07-08 17:27:35
MARSHALL,2021-11-14 13:45:00
MARSHALL,2022-02-14 15:38:01
MARSHALL,2022-07-04 21:21:42
MARSHALL,2023-03-04 22:19:33
MARSHALL,2023-06-02 21:06:53
MARSHALL,2023-08-12 17:27:03
MARSHALL,2023-11-14 20:12:26
MARSHALL,2024-04-02 14:45:30
MARSHALL,2024-06-14 20:27:07
MARSHALL,2024-09-13 19:20:42
MARUTI,2021-01-28 13:35:15
MARUTI,2021-04-27 14:07:00
MARUTI,2021-07-28 15:22:55
MARUTI,2021-10-27 13:51:02
MARUTI,2022-01-25 13:53:10
MARUTI,2022-04-29 14:48:44
MARUTI,2023-01-24 12:56:09
MARUTI,2023-04-26 14:39:55
MARUTI,2023-07-31 15:51:57
MARUTI,2023-10-27 13:44:34
MARUTI,2024-01-31 13:42:33
MARUTI,2024-04-26 15:48:37
MARUTI,2024-07-31 15:23:46
MARUTI,2024-10-29 13:21:23
MARUTI,2025-01-29 13:38:42
MASFIN,2021-02-10 19:03:17
MASFIN,2021-05-19 19:17:49
MASFIN,2021-08-11 18:47:15
MASFIN,2021-10-27 19:19:49
MASFIN,2022-02-02 18:49:38
MASFIN,2022-05-04 19:32:36
MASFIN,2023-02-01 16:24:59
MASFIN,2023-05-10 15:15:36
MASFIN,2023-08-02 15:16:31
MASFIN,2023-11-01 14:29:15
MASFIN,2024-01-24 14:27:39
MASFIN,2024-04-24 16:25:58
MASFIN,2024-07-24 16:12:26
MASFIN,2024-10-23 15:45:02
MASFIN,2025-01-29 13:55:03
MASKINVEST,2021-02-10 15:16:29
MASKINVEST,2021-06-23 12:37:55
MASKINVEST,2021-08-13 16:34:22
MASKINVEST,2021-11-02 18:12:28
MASKINVEST,2022-02-04 15:14:42
MASKINVEST,2022-05-27 16:05:42
MASKINVEST,2023-02-08 14:27:31
MASKINVEST,2023-05-27 12:55:05
MASKINVEST,2023-08-10 17:49:20
MASKINVEST,2023-11-07 16:19:26
MASKINVEST,2024-02-09 17:25:14
MASKINVEST,2024-05-13 15:10:50
MASKINVEST,2024-08-09 13:06:19
MASKINVEST,2024-11-14 12:54:19
MASKINVEST,2025-02-06 16:12:28
MASON,2024-07-19 17:01:13
MASON,2024-10-25 17:38:38
MASTEK,2021-02-01 23:19:02
MASTEK,2021-04-29 00:28:44
MASTEK,2021-07-19 23:47:50
MASTEK,2021-10-19 23:57:33
MASTEK,2022-01-20 00:01:45
MASTEK,2022-04-20 10:15:54
MASTEK,2023-01-17 12:03:54
MASTEK,2023-04-19 16:10:42
MASTEK,2023-07-19 14:26:08
MASTEK,2023-10-19 14:41:18
MASTEK,2024-01-18 13:45:29
MASTEK,2024-04-26 22:16:24
MASTEK,2024-07-18 13:31:09
MASTEK,2024-10-18 16:32:13
MASTEK,2025-01-16 14:52:27
MASTER,2023-11-08 12:30:28
MASTER,2024-05-17 16:08:06
MASTER,2024-11-05 12:54:27
MASTERTR,2024-11-12 14:08:53
MASTERTR,2025-02-12 16:33:47
MATRIMONY,2021-02-04 15:21:03
MATRIMONY,2021-05-11 17:00:12
MATRIMONY,2021-08-12 13:57:20
MATRIMONY,2021-11-11 14:26:38
MATRIMONY,2022-02-10 13:32:23
MATRIMONY,2022-05-12 16:14:06
MATRIMONY,2023-02-09 12:13:40
MATRIMONY,2023-05-09 14:20:39
MATRIMONY,2023-08-09 14:29:31
MATRIMONY,2023-11-09 13:26:17
MATRIMONY,2024-02-09 13:07:47
MATRIMONY,2024-05-14 12:50:47
MATRIMONY,2024-08-09 13:15:48
MATRIMONY,2024-11-07 13:11:38
MATRIMONY,2025-02-05 21:19:04
MAWANASUG,2021-02-09 14:06:54
MAWANASUG,2021-06-25 14:09:32
MAWANASUG,2021-08-13 13:16:30
MAWANASUG,2021-11-12 13:01:44
MAWANASUG,2022-02-14 12:15:26
MAWANASUG,2022-05-30 15:01:31
MAWANASUG,2023-02-14 14:09:12
MAWANASUG,2023-05-30 14:27:13
MAWANASUG,2023-08-12 12:58:50
MAWANASUG,2023-11-10 13:05:27
MAWANASUG,2024-02-10 13:11:05
MAWANASUG,2024-05-25 13:51:50
MAWANASUG,2024-08-10 13:55:03
MAWANASUG,2024-11-09 13:32:33
MAWANASUG,2025-02-08 13:33:41
MAXESTATES,2023-11-07 19:46:35
MAXESTATES,2024-02-09 20:45:57
MAXESTATES,2024-05-22 20:58:42
MAXESTATES,2024-08-09 19:24:18
MAXESTATES,2024-10-25 21:09:43
MAXESTATES,2025-02-07 21:55:19
MAXHEALTH,2021-02-06 15:07:34
MAXHEALTH,2021-05-28 15:42:25
MAXHEALTH,2021-08-10 13:22:44
MAXHEALTH,2021-11-12 13:25:18
MAXHEALTH,2022-02-12 13:54:08
MAXHEALTH,2022-05-25 15:03:38
MAXHEALTH,2023-02-02 14:01:30
MAXHEALTH,2023-05-16 14:25:15
MAXHEALTH,2023-08-07 15:40:03
MAXHEALTH,2023-11-06 14:55:40
MAXHEALTH,2024-01-31 13:06:34
MAXHEALTH,2024-05-22 15:05:41
MAXHEALTH,2024-08-01 14:02:42
MAXHEALTH,2024-11-05 21:14:21
MAXHEALTH,2025-01-30 14:13:41
MAXIND,2021-02-10 15:34:40
MAXIND,2021-06-22 15:30:39
MAXIND,2021-08-12 14:37:14
MAXIND,2021-11-10 18:18:56
MAXIND,2022-01-25 17:37:04
MAXIND,2022-05-25 18:58:12
MAXIND,2023-02-02 15:00:32
MAXIND,2023-05-25 17:33:30
MAXIND,2023-08-11 15:47:57
MAXIND,2023-10-26 18:16:16
MAXIND,2024-02-08 16:12:01
MAXIND,2024-05-24 14:23:39
MAXIND,2024-08-14 15:40:44
MAXIND,2024-10-24 14:43:49
MAXIND,2025-02-06 16:54:42
MAXPOSURE,2024-05-20 17:55:46
MAXPOSURE,2024-05-20 17:56:46
MAXPOSURE,2024-11-14 18:18:03
MAXVIL,2021-02-12 20:24:54
MAXVIL,2021-06-11 18:08:36
MAXVIL,2021-08-13 18:54:58
MAXVIL,2021-11-14 21:35:15
MAXVIL,2022-01-21 18:59:59
MAXVIL,2022-05-16 16:37:31
MAXVIL,2023-02-03 12:10:39
MAXVIL,2023-05-20 01:06:39
MAYURUNIQ,2021-02-12 16:06:41
MAYURUNIQ,2021-06-10 16:57:16
MAYURUNIQ,2021-08-04 15:22:01
MAYURUNIQ,2021-11-11 16:24:28
MAYURUNIQ,2022-02-08 15:43:39
MAYURUNIQ,2022-05-30 17:04:39
MAYURUNIQ,2023-02-03 14:27:12
MAYURUNIQ,2023-05-19 16:05:06
MAYURUNIQ,2023-08-08 15:15:05
MAYURUNIQ,2023-11-08 16:23:14
MAYURUNIQ,2024-02-07 16:06:58
MAYURUNIQ,2024-05-21 19:06:01
MAYURUNIQ,2024-08-08 15:50:09
MAYURUNIQ,2024-11-08 15:51:38
MAYURUNIQ,2025-01-31 16:06:45
MAZDA,2021-02-11 21:11:24
MAZDA,2021-06-28 20:57:10
MAZDA,2021-08-12 20:18:32
MAZDA,2021-11-11 20:31:25
MAZDA,2022-02-10 21:10:20
MAZDA,2022-05-23 20:10:37
MAZDA,2023-02-13 20:29:59
MAZDA,2023-05-25 20:34:14
MAZDA,2023-08-10 20:13:24
MAZDA,2023-11-09 20:06:05
MAZDA,2024-02-12 20:05:19
MAZDA,2024-05-23 20:36:32
MAZDA,2024-08-07 20:20:34
MAZDA,2024-11-13 20:34:07
MAZDA,2025-02-12 20:19:48
MAZDOCK,2021-02-12 18:59:40
MAZDOCK,2021-06-10 14:21:16
MAZDOCK,2021-06-10 17:58:01
MAZDOCK,2021-08-12 14:12:18
MAZDOCK,2021-11-10 14:09:22
MAZDOCK,2022-02-11 19:11:39
MAZDOCK,2022-05-30 14:49:41
MAZDOCK,2023-01-30 15:19:37
MAZDOCK,2023-05-30 15:25:01
MAZDOCK,2023-08-10 15:57:15
MAZDOCK,2023-11-08 15:43:22
MAZDOCK,2024-02-12 15:26:02
MAZDOCK,2024-05-29 15:00:53
MAZDOCK,2024-08-14 14:35:52
MAZDOCK,2024-11-05 13:25:03
MAZDOCK,2025-02-07 14:31:26
MBAPL,2021-02-06 16:22:52
MBAPL,2021-06-15 16:23:33
MBAPL,2021-07-29 15:40:17
MBAPL,2021-11-09 16:10:02
MBAPL,2022-02-04 16:21:32
MBAPL,2022-05-30 16:25:58
MBAPL,2023-01-23 18:35:33
MBAPL,2023-04-24 16:49:40
MBAPL,2023-08-07 12:25:02
MBAPL,2023-10-21 12:24:15
MBAPL,2024-02-12 12:48:03
MBAPL,2024-05-13 11:11:51
MBAPL,2024-07-29 12:15:12
MBAPL,2024-10-15 17:04:25
MBAPL,2025-01-15 12:39:52
MBECL,2021-02-12 18:47:18
MBECL,2021-06-30 21:06:38
MBECL,2021-08-14 19:32:51
MBECL,2021-11-13 16:00:08
MBECL,2022-02-12 14:56:07
MBECL,2022-05-30 21:38:24
MBECL,2023-02-13 21:40:40
MBECL,2023-05-26 21:08:06
MBECL,2023-05-28 14:49:16
MBECL,2023-08-10 16:12:01
MBECL,2023-11-10 16:33:28
MBECL,2024-02-13 18:45:01
MBECL,2024-06-05 21:49:24
MBECL,2024-08-13 19:04:32
MBECL,2024-11-13 16:32:15
MBECL,2025-02-11 20:09:39
MBLINFRA,2021-02-13 16:59:47
MBLINFRA,2021-06-23 18:15:10
MBLINFRA,2021-08-07 14:52:09
MBLINFRA,2021-11-13 19:08:58
MBLINFRA,2022-02-14 17:45:51
MBLINFRA,2022-05-28 17:11:55
MBLINFRA,2023-02-14 18:52:10
MBLINFRA,2023-05-29 17:21:23
MBLINFRA,2023-08-12 12:32:22
MBLINFRA,2023-11-11 13:04:06
MBLINFRA,2024-02-14 16:10:10
MBLINFRA,2024-05-30 19:14:50
MBLINFRA,2024-08-13 13:17:11
MBLINFRA,2024-11-14 18:33:17
MBLINFRA,2025-02-14 18:55:03
MCDHOLDING,2021-03-09 15:29:01
MCDHOLDING,2021-06-29 15:32:25
MCDHOLDING,2021-08-26 15:13:32
MCDHOLDING,2022-01-27 15:57:23
MCL,2021-02-13 18:01:18
MCL,2021-06-29 17:58:55
MCL,2021-06-29 18:37:47
MCL,2021-09-03 14:45:02
MCL,2021-11-12 12:27:29
MCL,2022-02-10 17:12:30
MCL,2022-05-21 21:38:32
MCL,2023-02-13 16:07:33
MCL,2023-05-10 16:22:46
MCL,2023-08-11 16:20:55
MCL,2023-11-10 16:22:43
MCL,2024-02-12 15:59:31
MCL,2024-05-09 16:31:29
MCL,2024-08-13 16:16:36
MCL,2024-10-25 15:59:26
MCL,2025-02-14 16:29:57
MCLEODRUSS,2021-02-12 19:00:42
MCLEODRUSS,2021-06-23 20:49:11
MCLEODRUSS,2021-08-13 21:49:20
MCLEODRUSS,2021-08-13 22:12:53
MCLEODRUSS,2021-11-12 19:50:31
MCLEODRUSS,2022-02-14 17:45:43
MCLEODRUSS,2022-05-30 15:08:52
MCLEODRUSS,2023-02-14 19:32:32
MCLEODRUSS,2023-05-30 19:36:10
MCLEODRUSS,2023-08-14 19:19:54
MCLEODRUSS,2023-11-14 18:00:04
MCLEODRUSS,2024-02-13 17:13:15
MCLEODRUSS,2024-05-30 16:33:12
MCLEODRUSS,2024-08-14 17:36:57
MCLEODRUSS,2024-11-13 17:44:44
MCLEODRUSS,2025-02-13 17:06:48
MCLOUD,2025-02-14 18:07:18
MCON,2023-05-29 20:03:39
MCON,2023-11-17 18:00:41
MCON,2024-05-23 17:24:22
MCON,2024-11-13 15:52:01
MDL,2021-06-30 17:37:25
MDL,2021-11-14 17:43:06
MDL,2022-05-30 18:27:05
MDL,2022-05-31 12:46:33
MDL,2023-05-29 17:07:59
MDL,2023-11-10 16:28:00
MDL,2024-05-30 16:23:02
MDL,2024-11-11 16:52:20
MEDANTA,2023-02-13 18:29:59
MEDANTA,2023-05-27 18:05:00
MEDANTA,2023-08-10 15:47:57
MEDANTA,2023-11-09 12:27:52
MEDANTA,2024-02-08 16:14:18
MEDANTA,2024-05-17 15:53:26
MEDANTA,2024-08-08 16:11:19
MEDANTA,2024-11-14 13:29:21
MEDANTA,2025-02-04 16:12:46
MEDIASSIST,2024-02-13 13:39:54
MEDIASSIST,2024-05-15 18:41:23
MEDIASSIST,2024-08-13 17:28:14
MEDIASSIST,2024-11-14 14:50:22
MEDIASSIST,2025-02-05 20:53:06
MEDICAMEQ,2021-11-03 15:01:52
MEDICAMEQ,2022-02-08 16:30:03
MEDICAMEQ,2022-05-25 16:33:22
MEDICAMEQ,2023-02-10 15:45:00
MEDICAMEQ,2023-05-29 16:22:10
MEDICAMEQ,2023-08-08 14:30:31
MEDICAMEQ,2023-11-10 15:50:04
MEDICAMEQ,2024-02-12 15:48:53
MEDICAMEQ,2024-05-29 16:34:31
MEDICAMEQ,2024-08-13 15:07:08
MEDICAMEQ,2024-11-14 16:34:12
MEDICAMEQ,2025-02-11 15:40:11
MEDICO,2022-06-30 17:33:57
MEDICO,2023-02-10 17:26:22
MEDICO,2023-05-11 19:51:14
MEDICO,2023-08-10 15:43:17
MEDICO,2023-11-09 17:27:56
MEDICO,2024-02-12 16:24:14
MEDICO,2024-05-09 17:09:01
MEDICO,2024-08-12 17:14:10
MEDICO,2024-11-12 11:47:17
MEDICO,2025-02-05 15:43:11
MEDIORG,2024-11-14 17:36:34
MEDPLUS,2022-02-14 19:30:12
MEDPLUS,2022-05-30 17:05:07
MEDPLUS,2023-02-03 18:21:10
MEDPLUS,2023-05-25 16:37:16
MEDPLUS,2023-08-07 20:00:15
MEDPLUS,2023-11-08 16:52:21
MEDPLUS,2024-02-02 17:29:04
MEDPLUS,2024-05-28 16:19:28
MEDPLUS,2024-08-02 17:34:49
MEDPLUS,2024-11-12 15:54:38
MEDPLUS,2025-01-31 17:24:51
MEGAFLEX,2023-05-23 18:16:46
MEGAFLEX,2023-10-27 16:15:08
MEGAFLEX,2024-05-15 13:45:32
MEGAFLEX,2024-11-09 14:43:01
MEGASTAR,2022-05-30 16:43:09
MEGASTAR,2023-02-14 15:44:59
MEGASTAR,2023-05-16 14:14:51
MEGASTAR,2023-08-12 14:05:02
MEGASTAR,2023-11-08 13:57:40
MEGASTAR,2024-02-13 13:20:43
MEGASTAR,2024-05-21 17:02:11
MEGASTAR,2024-08-10 13:27:13
MEGASTAR,2024-11-06 13:14:05
MEGASTAR,2025-02-11 13:21:44
MEGATHERM,2024-02-15 13:24:26
MEGATHERM,2024-05-28 13:24:55
MEGATHERM,2024-11-12 13:15:01
MEGH,2021-02-08 13:56:01
MEGH,2021-05-20 19:01:13
MELSTAR,2021-02-12 18:39:40
MELSTAR,2024-08-14 18:34:57
MELSTAR,2024-08-14 18:42:07
MELSTAR,2024-08-14 18:46:07
MELSTAR,2024-08-14 18:54:11
MELSTAR,2024-08-14 18:57:46
MELSTAR,2024-08-14 19:15:33
MELSTAR,2024-08-14 19:16:56
MELSTAR,2024-08-14 19:27:33
MELSTAR,2024-08-14 19:29:00
MELSTAR,2024-08-14 19:43:31
MELSTAR,2024-08-14 19:45:18
MELSTAR,2024-08-14 19:55:22
MELSTAR,2024-08-14 19:56:44
MELSTAR,2024-08-14 20:06:27
MELSTAR,2024-11-14 21:57:47
MELSTAR,2025-02-11 19:49:28
MENONBE,2021-01-27 12:54:36
MENONBE,2021-05-14 12:28:12
MENONBE,2021-07-23 12:26:34
MENONBE,2021-10-20 12:53:14
MENONBE,2022-02-05 12:12:39
MENONBE,2022-05-12 12:34:53
MENONBE,2023-01-19 12:58:22
MENONBE,2023-04-28 14:13:58
MENONBE,2023-07-15 14:28:38
MENONBE,2023-11-09 13:18:17
MENONBE,2024-02-08 12:47:01
MENONBE,2024-05-10 13:42:15
MENONBE,2024-07-18 12:08:41
MENONBE,2024-10-24 12:20:18
MENONBE,2025-01-23 12:46:55
MEP,2021-02-13 22:37:19
MEP,2021-06-30 23:38:25
MEP,2021-08-14 21:08:42
MEP,2021-11-12 23:25:20
MEP,2022-02-14 23:28:15
MEP,2022-05-29 03:19:38
MEP,2023-02-15 04:19:51
MEP,2023-06-03 21:11:09
MEP,2023-08-14 23:13:36
MEP,2023-11-10 00:44:39
MEP,2024-02-15 01:22:12
MEP,2025-02-12 19:26:36
MERCATOR,2021-02-13 18:56:33
MERCATOR,2021-06-24 10:05:09
MERCATOR,2021-08-12 17:23:35
MERCATOR,2021-11-12 20:20:20
MERCATOR,2022-02-12 11:40:46
MERCATOR,2022-05-28 18:08:55
MERCATOR,2023-02-14 17:19:50
MERCATOR,2023-05-30 21:12:51
MERCATOR,2023-08-14 16:43:28
MERCATOR,2023-11-09 16:42:22
MERCATOR,2024-02-03 19:35:45
METALFORGE,2021-01-06 17:53:12
METALFORGE,2021-05-21 20:05:09
METALFORGE,2021-07-09 20:34:51
METALFORGE,2021-11-30 22:34:53
METALFORGE,2022-03-31 23:05:56
METALFORGE,2022-04-08 00:14:28
METALFORGE,2023-05-06 17:39:16
METALFORGE,2023-05-06 17:43:28
METALFORGE,2023-05-06 17:47:14
METALFORGE,2023-10-28 17:08:41
METALFORGE,2023-10-28 17:23:22
METALFORGE,2024-04-15 17:25:57
METROBRAND,2022-01-15 18:59:19
METROBRAND,2022-05-20 18:24:09
METROBRAND,2023-01-17 14:04:18
METROBRAND,2023-05-23 19:16:43
METROBRAND,2023-08-01 19:03:39
METROBRAND,2023-10-19 18:20:57
METROBRAND,2024-01-18 18:01:29
METROBRAND,2024-05-22 18:53:11
METROBRAND,2024-08-09 17:43:00
METROBRAND,2024-10-23 17:25:08
METROBRAND,2025-01-16 19:42:51
METROPOLIS,2021-02-10 16:20:58
METROPOLIS,2021-05-27 17:40:18
METROPOLIS,2021-08-06 13:14:11
METROPOLIS,2021-11-10 17:10:17
METROPOLIS,2022-02-11 16:20:46
METROPOLIS,2022-05-24 18:35:57
METROPOLIS,2023-02-10 16:42:01
METROPOLIS,2023-05-16 18:27:48
METROPOLIS,2023-08-02 18:07:37
METROPOLIS,2023-11-04 18:06:33
METROPOLIS,2024-02-02 18:30:14
METROPOLIS,2024-05-21 17:52:57
METROPOLIS,2024-08-10 17:56:23
METROPOLIS,2024-11-08 17:55:17
METROPOLIS,2025-02-04 17:55:23
MFML,2024-08-27 18:59:12
MFML,2024-11-14 20:56:13
MFML,2025-02-11 22:50:23
MFSL,2021-02-09 12:58:47
MFSL,2021-06-08 16:20:49
MFSL,2021-08-10 13:54:09
MFSL,2021-11-09 18:16:12
MFSL,2022-01-28 18:03:28
MFSL,2022-05-10 18:12:25
MFSL,2023-01-31 17:49:36
MFSL,2023-05-12 18:55:16
MFSL,2023-08-09 18:19:05
MFSL,2023-10-31 18:08:32
MFSL,2024-02-06 18:03:26
MFSL,2024-05-07 18:40:05
MFSL,2024-08-13 18:32:02
MFSL,2024-10-22 19:12:55
MFSL,2025-02-04 19:39:52
MGEL,2021-02-14 18:15:49
MGEL,2021-06-25 19:50:17
MGEL,2021-08-13 16:39:14
MGEL,2021-11-14 16:47:45
MGEL,2022-02-13 15:15:55
MGEL,2022-04-29 17:57:44
MGEL,2023-02-07 19:17:26
MGEL,2023-05-15 20:29:03
MGEL,2023-08-09 16:09:13
MGEL,2023-11-06 18:46:04
MGEL,2024-02-02 16:52:07
MGEL,2024-04-30 17:40:00
MGEL,2024-07-25 17:43:03
MGEL,2024-10-21 16:39:43
MGEL,2025-01-18 17:17:19
MGL,2021-02-09 17:47:43
MGL,2021-05-24 20:07:45
MGL,2021-07-28 18:12:01
MGL,2021-10-26 19:52:48
MGL,2022-02-08 21:25:02
MGL,2022-05-10 20:21:27
MGL,2023-02-02 19:33:39
MGL,2023-05-08 17:56:56
MGL,2023-08-03 17:22:20
MGL,2023-10-27 18:16:00
MGL,2024-01-23 17:31:35
MGL,2024-05-09 21:13:11
MGL,2024-07-25 17:12:24
MGL,2024-10-24 17:58:03
MGL,2025-01-28 18:42:12
MHHL,2021-06-30 21:12:44
MHHL,2021-11-13 19:48:17
MHHL,2022-05-30 22:08:34
MHHL,2023-05-29 17:52:13
MHHL,2023-11-10 16:56:34
MHHL,2024-05-29 18:17:46
MHHL,2024-11-13 15:56:16
MHLXMIRU,2022-02-11 21:34:34
MHLXMIRU,2022-05-31 00:41:07
MHLXMIRU,2023-01-19 20:04:01
MHLXMIRU,2023-05-10 20:45:41
MHLXMIRU,2023-08-08 19:37:24
MHLXMIRU,2023-11-09 20:04:34
MHLXMIRU,2024-02-08 19:56:34
MHLXMIRU,2024-05-24 21:48:56
MHLXMIRU,2024-05-24 21:58:20
MHLXMIRU,2024-08-13 19:47:16
MHLXMIRU,2024-11-13 19:44:18
MHLXMIRU,2025-02-11 13:24:42
MHRIL,2021-01-25 14:58:44
MHRIL,2021-05-03 14:47:55
MHRIL,2021-07-29 14:52:36
MHRIL,2021-10-22 13:55:43
MHRIL,2022-02-03 13:55:55
MHRIL,2022-05-02 15:18:01
MHRIL,2023-02-02 13:44:45
MHRIL,2023-04-25 14:50:03
MHRIL,2023-07-25 14:13:57
MHRIL,2023-10-23 14:51:46
MHRIL,2024-02-02 13:48:22
MHRIL,2024-04-26 15:31:53
MHRIL,2024-07-25 14:36:44
MHRIL,2024-10-25 14:20:18
MHRIL,2025-01-31 14:25:13
MIC,2021-02-12 18:19:33
MIC,2021-06-30 20:23:26
MIC,2021-08-14 17:45:37
MIC,2021-11-12 18:03:20
MICEL,2022-02-12 13:37:27
MICEL,2022-05-25 12:45:14
MICEL,2023-05-26 16:53:12
MICEL,2023-07-20 13:19:31
MICEL,2023-11-11 13:53:10
MICEL,2024-02-06 13:28:53
MICEL,2024-05-21 13:57:28
MICEL,2024-07-23 18:35:20
MICEL,2024-11-12 13:29:53
MICEL,2025-02-12 15:26:48
MICROPRO,2023-12-26 19:41:06
MICROPRO,2024-05-30 16:51:09
MICROPRO,2024-11-14 20:55:11
MIDHANI,2021-02-12 13:18:10
MIDHANI,2021-06-24 17:49:39
MIDHANI,2021-08-12 18:09:09
MIDHANI,2021-11-09 18:02:04
MIDHANI,2022-02-10 18:41:06
MIDHANI,2022-05-26 20:01:50
MIDHANI,2023-02-08 15:44:16
MIDHANI,2023-05-25 17:00:16
MIDHANI,2023-08-08 18:17:59
MIDHANI,2023-11-07 18:24:08
MIDHANI,2024-02-09 18:01:58
MIDHANI,2024-05-29 19:35:36
MIDHANI,2024-08-09 19:20:58
MIDHANI,2024-11-13 17:52:00
MIDHANI,2025-02-04 12:56:20
MIEL,2024-11-13 16:43:27
MILTON,2021-07-01 12:52:51
MILTON,2021-11-15 17:05:10
MILTON,2022-05-30 18:26:10
MILTON,2022-05-30 20:08:58
MILTON,2023-06-06 16:00:19
MILTON,2023-11-14 18:14:01
MILTON,2024-05-31 15:16:18
MILTON,2024-11-14 18:12:00
MINDACORP,2021-02-03 15:36:55
MINDACORP,2021-05-18 19:37:37
MINDACORP,2021-08-12 15:53:59
MINDACORP,2021-11-02 16:29:18
MINDACORP,2022-02-04 16:04:49
MINDACORP,2022-05-17 17:12:51
MINDACORP,2023-02-08 15:50:48
MINDACORP,2023-05-19 15:54:15
MINDACORP,2023-08-03 14:29:14
MINDACORP,2023-11-02 15:06:28
MINDACORP,2024-02-01 18:51:50
MINDACORP,2024-05-22 15:51:07
MINDACORP,2024-08-08 14:18:53
MINDACORP,2024-11-12 15:09:54
MINDACORP,2025-02-06 14:42:15
MINDPOOL,2021-06-17 14:11:17
MINDPOOL,2021-11-11 13:56:51
MINDPOOL,2022-05-25 14:56:39
MINDPOOL,2023-05-26 20:07:36
MINDPOOL,2023-11-10 11:54:00
MINDPOOL,2024-05-28 11:42:06
MINDPOOL,2024-11-09 12:17:37
MINDTECK,2021-02-11 16:32:52
MINDTECK,2021-05-28 16:39:42
MINDTECK,2021-08-12 21:47:25
MINDTECK,2021-11-12 21:18:00
MINDTECK,2022-02-10 12:05:03
MINDTECK,2022-05-21 10:50:33
MINDTECK,2023-02-10 16:28:03
MINDTECK,2023-05-19 17:52:32
MINDTECK,2023-08-10 13:09:18
MINDTECK,2023-11-09 14:49:45
MINDTECK,2024-02-07 16:49:34
MINDTECK,2024-05-17 17:10:27
MINDTECK,2024-08-08 15:31:57
MINDTECK,2024-11-12 14:43:51
MINDTECK,2025-02-05 14:30:14
MINDTREE,2021-01-18 15:43:25
MINDTREE,2021-04-16 16:11:26
MINDTREE,2021-07-13 15:36:03
MINDTREE,2021-10-13 15:47:57
MINDTREE,2022-01-13 15:51:13
MINDTREE,2022-04-18 16:37:58
MIRZAINT,2021-02-12 15:44:24
MIRZAINT,2021-07-27 19:13:55
MIRZAINT,2021-07-28 13:28:47
MIRZAINT,2021-08-13 16:57:59
MIRZAINT,2021-11-12 17:19:38
MIRZAINT,2022-02-11 16:06:29
MIRZAINT,2022-05-30 17:24:30
MIRZAINT,2023-02-13 16:55:52
MIRZAINT,2023-05-27 23:20:08
MIRZAINT,2023-07-27 15:38:27
MIRZAINT,2023-11-04 14:30:01
MIRZAINT,2024-02-03 19:26:04
MIRZAINT,2024-05-28 16:17:00
MIRZAINT,2024-08-05 13:35:48
MIRZAINT,2024-10-29 14:49:22
MIRZAINT,2025-01-30 16:17:37
MITCON,2021-06-07 16:50:51
MITCON,2021-11-10 14:18:22
MITCON,2021-11-22 12:14:37
MITCON,2021-11-22 12:14:37
MITCON,2022-05-26 16:46:50
MITCON,2023-02-13 18:37:30
MITCON,2023-05-17 19:27:47
MITCON,2023-08-10 18:43:49
MITCON,2023-11-08 17:31:56
MITCON,2024-02-09 19:48:24
MITCON,2024-05-21 21:24:12
MITCON,2024-08-13 17:45:43
MITCON,2024-11-12 19:57:29
MITCON,2025-02-13 19:32:31
MITTAL,2021-01-08 15:10:41
MITTAL,2021-06-21 14:14:14
MITTAL,2021-07-27 15:16:46
MITTAL,2021-11-08 13:47:52
MITTAL,2022-02-11 13:54:17
MITTAL,2022-05-25 18:23:30
MITTAL,2023-01-13 18:01:04
MITTAL,2023-05-02 15:05:14
MITTAL,2023-07-14 16:46:51
MITTAL,2023-10-13 16:44:38
MITTAL,2024-01-17 16:38:02
MITTAL,2024-05-06 19:47:20
MITTAL,2024-07-25 17:11:07
MITTAL,2024-11-12 22:36:12
MITTAL,2025-01-22 19:05:21
MKPL,2021-06-30 18:41:53
MKPL,2021-11-13 19:59:03
MKPL,2022-05-30 21:58:35
MKPL,2023-05-25 17:36:53
MKPL,2023-08-14 18:46:52
MKPL,2023-11-14 18:02:09
MKPL,2024-01-30 18:56:41
MKPL,2024-05-29 16:37:44
MKPL,2024-08-13 15:35:42
MKPL,2024-11-14 16:34:19
MKPL,2025-02-13 17:46:56
MMFL,2021-02-08 18:17:45
MMFL,2021-06-21 16:46:45
MMFL,2021-08-13 15:58:07
MMFL,2021-11-08 17:28:05
MMFL,2022-02-07 16:10:56
MMFL,2022-05-25 18:19:33
MMFL,2023-02-13 18:28:26
MMFL,2023-05-17 20:06:47
MMFL,2023-08-12 18:34:26
MMFL,2023-11-09 22:05:34
MMFL,2024-02-10 17:35:45
MMFL,2024-05-30 15:25:19
MMFL,2024-08-12 18:17:29
MMFL,2024-10-26 18:21:41
MMFL,2025-02-03 19:28:12
MMP,2021-02-12 16:41:20
MMP,2021-06-23 16:45:17
MMP,2021-06-29 19:31:30
MMP,2021-07-29 17:10:26
MMP,2021-10-27 18:35:00
MMP,2022-02-09 15:29:26
MMP,2022-05-30 17:49:50
MMP,2023-02-01 17:36:35
MMP,2023-05-27 15:05:43
MMP,2023-07-29 15:03:13
MMP,2023-11-06 13:40:56
MMP,2024-02-07 13:37:12
MMP,2024-05-24 14:23:50
MMP,2024-07-22 14:20:26
MMP,2024-11-12 13:41:49
MMP,2025-02-13 18:07:15
MMTC,2021-04-16 18:13:58
MMTC,2021-10-27 22:17:09
MMTC,2022-03-23 17:08:44
MMTC,2022-04-22 16:45:25
MMTC,2022-05-05 18:58:32
MMTC,2022-07-08 20:25:14
MMTC,2023-02-13 18:04:15
MMTC,2023-05-22 15:45:28
MMTC,2023-05-31 12:13:21
MMTC,2023-09-22 16:28:30
MMTC,2023-11-14 17:07:42
MMTC,2024-02-08 15:21:05
MMTC,2024-05-28 18:46:00
MMTC,2024-08-09 15:18:14
MMTC,2024-11-08 12:52:03
MMTC,2025-02-13 18:16:31
MOBIKWIK,2025-01-07 12:01:03
MOBIKWIK,2025-02-04 13:00:13
MODIRUBBER,2021-02-12 14:06:18
MODIRUBBER,2021-06-30 15:07:22
MODIRUBBER,2021-08-13 17:17:18
MODIRUBBER,2021-11-13 16:38:41
MODIRUBBER,2022-02-14 15:14:25
MODIRUBBER,2022-05-28 15:46:09
MODIRUBBER,2023-02-14 15:42:22
MODIRUBBER,2023-05-26 13:54:57
MODIRUBBER,2023-08-14 16:29:07
MODIRUBBER,2023-08-14 16:40:07
MODIRUBBER,2023-11-10 13:38:52
MODIRUBBER,2024-02-12 13:22:52
MODIRUBBER,2024-05-28 19:15:36
MODIRUBBER,2024-08-14 16:28:21
MODIRUBBER,2024-11-14 13:16:27
MODIRUBBER,2025-02-14 16:41:52
MODISONLTD,2021-05-31 14:07:49
MODISONLTD,2021-05-31 14:09:03
MODISONLTD,2021-08-06 13:10:45
MODISONLTD,2021-08-06 14:44:55
MODISONLTD,2021-11-01 14:58:05
MODISONLTD,2021-11-01 15:03:16
MODISONLTD,2022-02-12 14:47:59
MODISONLTD,2022-05-24 13:52:08
MODISONLTD,2023-02-08 13:44:55
MODISONLTD,2023-05-25 14:18:00
MODISONLTD,2023-08-02 13:39:33
MODISONLTD,2023-11-02 13:34:25
MODISONLTD,2024-02-13 14:09:07
MODISONLTD,2024-05-29 15:02:50
MODISONLTD,2024-08-13 14:22:00
MODISONLTD,2024-11-13 14:49:57
MODISONLTD,2025-02-13 14:43:37
MODTHREAD,2021-01-29 12:42:54
MODTHREAD,2021-02-26 17:25:22
MODTHREAD,2021-03-30 17:51:42
MODTHREAD,2021-06-30 22:02:54
MODTHREAD,2021-08-12 17:53:15
MODTHREAD,2021-11-19 17:27:30
MODTHREAD,2022-02-14 17:37:46
MODTHREAD,2022-05-30 16:59:01
MODTHREAD,2023-02-10 15:27:28
MODTHREAD,2023-05-30 10:15:15
MODTHREAD,2023-05-31 16:58:45
MODTHREAD,2023-08-15 19:32:13
MODTHREAD,2023-11-10 17:03:34
MODTHREAD,2024-02-12 16:10:23
MODTHREAD,2024-05-30 16:33:06
MODTHREAD,2024-08-14 17:29:31
MODTHREAD,2024-11-14 17:17:32
MODTHREAD,2025-02-14 16:45:55
MOHITIND,2021-02-11 13:28:25
MOHITIND,2021-06-14 17:46:27
MOHITIND,2021-08-13 16:15:38
MOHITIND,2021-11-03 16:53:15
MOHITIND,2022-02-14 16:10:14
MOHITIND,2022-05-27 15:42:39
MOHITIND,2023-02-10 14:39:12
MOHITIND,2023-05-29 16:46:23
MOHITIND,2023-08-11 15:25:07
MOHITIND,2023-11-10 16:27:39
MOHITIND,2024-02-12 15:09:27
MOHITIND,2024-05-29 14:09:42
MOHITIND,2024-08-09 16:54:27
MOHITIND,2024-11-14 18:08:34
MOHITIND,2025-02-11 17:25:30
MOHOTAIND,2021-02-13 16:33:07
MOHOTAIND,2021-06-28 17:18:46
MOHOTAIND,2021-08-14 16:13:08
MOHOTAIND,2021-11-13 16:20:18
MOHOTAIND,2022-02-14 20:53:53
MOHOTAIND,2022-05-30 20:14:20
MOHOTAIND,2023-02-15 18:47:08
MOHOTAIND,2023-05-31 23:12:44
MOIL,2021-02-12 15:48:15
MOIL,2021-06-04 17:16:06
MOIL,2021-08-13 15:09:50
MOIL,2021-11-10 16:34:00
MOIL,2022-02-11 15:07:07
MOIL,2022-05-26 11:52:21
MOIL,2023-01-31 14:44:30
MOIL,2023-05-26 16:22:36
MOIL,2023-08-04 15:20:25
MOIL,2023-11-08 15:03:42
MOIL,2024-02-02 20:45:05
MOIL,2024-05-15 19:12:49
MOIL,2024-07-30 19:09:47
MOIL,2024-10-25 15:11:51
MOIL,2025-02-11 19:37:06
MOKSH,2021-05-19 13:30:07
MOKSH,2021-08-06 14:54:28
MOKSH,2021-10-20 17:29:50
MOKSH,2022-02-11 16:40:36
MOKSH,2022-05-20 17:17:49
MOKSH,2023-02-03 16:10:16
MOKSH,2023-04-21 16:34:24
MOKSH,2023-07-26 16:04:13
MOKSH,2023-10-27 16:06:37
MOKSH,2024-02-09 17:18:11
MOKSH,2024-05-09 17:51:36
MOKSH,2024-08-09 16:39:00
MOKSH,2024-11-12 15:04:06
MOKSH,2025-02-14 15:02:42
MOL,2021-08-18 17:44:11
MOL,2021-10-26 17:22:44
MOL,2022-02-02 14:39:46
MOL,2022-05-02 14:18:45
MOL,2023-01-21 12:57:21
MOL,2023-04-29 13:44:21
MOL,2023-08-14 13:21:23
MOL,2023-11-07 13:18:04
MOL,2024-01-30 12:51:17
MOL,2024-05-11 13:11:10
MOL,2024-07-27 13:50:31
MOL,2024-10-26 13:24:38
MOL,2025-02-08 13:11:30
MOLDTECH,2021-02-12 14:42:34
MOLDTECH,2021-06-07 13:01:49
MOLDTECH,2021-07-20 17:11:25
MOLDTECH,2021-11-01 15:02:29
MOLDTECH,2022-02-07 13:52:54
MOLDTECH,2022-05-09 15:45:58
MOLDTECH,2023-01-30 14:24:14
MOLDTECH,2023-05-02 13:38:38
MOLDTECH,2023-05-03 16:03:55
MOLDTECH,2023-07-31 13:25:04
MOLDTECH,2023-10-30 14:09:10
MOLDTECH,2024-02-09 15:26:34
MOLDTECH,2024-04-30 18:19:43
MOLDTECH,2024-08-02 16:15:08
MOLDTECH,2024-11-07 15:48:12
MOLDTECH,2025-02-12 15:12:04
MOLDTKPAC,2021-01-19 13:39:14
MOLDTKPAC,2021-05-26 11:47:26
MOLDTKPAC,2021-07-28 14:19:20
MOLDTKPAC,2021-11-01 13:29:51
MOLDTKPAC,2022-01-27 14:04:22
MOLDTKPAC,2022-05-09 14:24:45
MOLDTKPAC,2023-02-06 15:43:14
MOLDTKPAC,2023-05-03 13:53:15
MOLDTKPAC,2023-08-04 15:37:17
MOLDTKPAC,2023-11-07 14:29:24
MOLDTKPAC,2024-02-09 13:31:25
MOLDTKPAC,2024-05-30 18:00:16
MOLDTKPAC,2024-08-02 14:04:28
MOLDTKPAC,2024-11-07 13:25:15
MOLDTKPAC,2025-02-07 15:52:06
MONARCH,2022-02-14 16:13:28
MONARCH,2022-05-30 14:16:38
MONARCH,2023-02-09 17:45:27
MONARCH,2023-05-25 20:44:16
MONARCH,2023-07-28 14:16:03
MONARCH,2023-10-27 15:06:59
MONARCH,2024-01-22 13:05:53
MONARCH,2024-05-24 15:46:39
MONARCH,2024-07-15 15:24:44
MONARCH,2024-11-11 15:22:08
MONARCH,2025-02-07 14:56:22
MONOPHARMA,2023-11-14 16:52:11
MONOPHARMA,2024-05-31 20:11:09
MONOPHARMA,2024-11-14 19:44:50
MONTECARLO,2021-02-08 16:24:28
MONTECARLO,2021-05-14 17:30:00
MONTECARLO,2021-08-05 18:11:52
MONTECARLO,2021-11-10 16:59:47
MONTECARLO,2022-02-04 14:19:27
MONTECARLO,2022-05-30 17:45:02
MONTECARLO,2023-02-06 17:48:34
MONTECARLO,2023-05-29 19:06:57
MONTECARLO,2023-08-07 17:11:37
MONTECARLO,2023-11-06 17:49:31
MONTECARLO,2024-02-07 18:23:45
MONTECARLO,2024-05-28 18:40:45
MONTECARLO,2024-08-05 17:02:49
MONTECARLO,2024-11-14 15:44:27
MONTECARLO,2025-02-11 14:13:00
MORARJEE,2021-02-10 18:50:21
MORARJEE,2021-05-19 19:05:58
MORARJEE,2021-08-09 17:34:10
MORARJEE,2021-11-10 18:26:32
MORARJEE,2022-02-10 17:40:53
MORARJEE,2022-05-20 10:49:53
MORARJEE,2023-02-08 18:26:15
MORARJEE,2023-05-29 18:41:07
MORARJEE,2023-10-20 20:25:23
MORARJEE,2023-11-10 15:37:55
MORARJEE,2024-02-15 18:48:02
MORARJEE,2024-10-29 17:04:29
MOREPENLAB,2021-02-12 14:23:30
MOREPENLAB,2021-05-04 11:16:05
MOREPENLAB,2021-05-04 16:44:01
MOREPENLAB,2021-07-27 11:41:31
MOREPENLAB,2021-07-27 11:56:38
MOREPENLAB,2021-11-11 13:48:38
MOREPENLAB,2022-02-08 11:57:00
MOREPENLAB,2022-05-05 13:27:44
MOREPENLAB,2023-02-13 13:55:21
MOREPENLAB,2023-05-16 16:30:50
MOREPENLAB,2023-08-05 14:35:07
MOREPENLAB,2023-11-02 14:22:13
MOREPENLAB,2024-01-31 14:16:08
MOREPENLAB,2024-05-21 16:01:19
MOREPENLAB,2024-08-12 10:05:51
MOREPENLAB,2024-11-11 14:21:28
MOREPENLAB,2025-02-06 14:06:11
MOS,2023-05-30 13:12:18
MOS,2023-11-09 13:37:05
MOS,2024-05-29 14:42:11
MOS,2024-11-14 17:50:21
MOSCHIP,2025-02-13 18:53:50
MOTHERSON,2021-02-12 11:48:03
MOTHERSON,2021-06-02 12:49:58
MOTHERSON,2021-08-10 12:32:46
MOTHERSON,2021-11-12 12:03:03
MOTHERSON,2022-02-11 12:16:10
MOTHERSON,2022-02-11 12:26:53
MOTHERSON,2022-05-27 16:16:41
MOTHERSON,2023-02-08 15:18:13
MOTHERSON,2023-05-26 13:15:09
MOTHERSON,2023-08-10 14:16:57
MOTHERSON,2023-11-09 14:00:52
MOTHERSON,2024-02-12 17:20:57
MOTHERSON,2024-05-29 14:35:47
MOTHERSON,2024-08-13 14:48:04
MOTHERSON,2024-11-12 14:54:23
MOTHERSON,2025-02-14 14:41:59
MOTILALOFS,2021-01-28 18:46:05
MOTILALOFS,2021-04-29 18:34:15
MOTILALOFS,2021-07-29 18:43:02
MOTILALOFS,2021-10-28 18:02:54
MOTILALOFS,2022-01-27 17:19:33
MOTILALOFS,2022-04-28 13:54:03
MOTILALOFS,2023-01-24 17:26:47
MOTILALOFS,2023-04-27 17:38:15
MOTILALOFS,2023-07-27 17:29:57
MOTILALOFS,2023-11-01 13:51:14
MOTILALOFS,2024-01-24 14:31:36
MOTILALOFS,2024-04-26 14:59:54
MOTILALOFS,2024-07-25 16:46:51
MOTILALOFS,2024-10-28 12:52:06
MOTILALOFS,2025-01-28 16:50:31
MOTISONS,2024-02-08 17:41:55
MOTISONS,2024-05-27 17:39:00
MOTISONS,2024-07-20 17:29:26
MOTISONS,2024-10-29 18:33:37
MOTISONS,2025-02-07 15:38:37
MOTOGENFIN,2021-02-12 16:48:36
MOTOGENFIN,2021-02-12 16:50:18
MOTOGENFIN,2021-06-28 16:32:16
MOTOGENFIN,2021-06-28 16:37:30
MOTOGENFIN,2021-07-01 16:54:22
MOTOGENFIN,2021-07-29 15:37:13
MOTOGENFIN,2021-07-29 15:38:43
MOTOGENFIN,2021-11-11 14:33:14
MOTOGENFIN,2021-11-11 14:34:26
MOTOGENFIN,2022-02-08 16:50:11
MOTOGENFIN,2022-02-08 16:51:28
MOTOGENFIN,2022-05-27 17:08:05
MOTOGENFIN,2022-05-27 17:09:24
MOTOGENFIN,2023-02-13 15:17:37
MOTOGENFIN,2023-02-13 15:18:56
MOTOGENFIN,2023-05-29 16:19:45
MOTOGENFIN,2023-05-29 16:20:49
MOTOGENFIN,2023-05-30 16:16:53
MOTOGENFIN,2023-08-10 16:13:41
MOTOGENFIN,2023-08-10 16:15:39
MOTOGENFIN,2023-11-10 14:44:03
MOTOGENFIN,2023-11-10 14:45:24
MOTOGENFIN,2024-02-09 16:02:01
MOTOGENFIN,2024-02-09 16:02:59
MOTOGENFIN,2024-05-28 16:18:42
MOTOGENFIN,2024-05-28 16:19:56
MOTOGENFIN,2024-05-29 17:27:23
MOTOGENFIN,2024-08-12 15:01:58
MOTOGENFIN,2024-08-12 15:03:32
MOTOGENFIN,2024-11-12 15:54:03
MOTOGENFIN,2024-11-12 15:55:16
MOTOGENFIN,2025-02-13 15:35:56
MOTOGENFIN,2025-02-13 15:37:20
MOXSH,2023-05-29 21:21:56
MOXSH,2023-11-11 17:17:17
MOXSH,2024-05-24 20:08:55
MOXSH,2024-11-14 15:16:48
MPHASIS,2021-01-21 21:41:52
MPHASIS,2021-05-13 22:38:59
MPHASIS,2021-07-22 21:13:30
MPHASIS,2021-10-21 22:00:41
MPHASIS,2022-01-20 21:44:40
MPHASIS,2022-04-28 22:44:25
MPHASIS,2023-01-19 22:35:50
MPHASIS,2023-04-27 22:39:17
MPHASIS,2023-07-20 22:27:38
MPHASIS,2023-10-20 02:43:48
MPHASIS,2024-02-01 17:18:11
MPHASIS,2024-04-25 23:07:55
MPHASIS,2024-07-25 22:23:04
MPHASIS,2024-10-17 00:00:44
MPHASIS,2025-01-23 19:35:04
MPSLTD,2021-01-28 19:52:28
MPSLTD,2021-02-15 11:51:51
MPSLTD,2021-05-26 22:36:12
MPSLTD,2021-07-28 20:05:19
MPSLTD,2021-10-27 20:21:08
MPSLTD,2021-10-27 20:33:24
MPSLTD,2022-01-25 17:55:54
MPSLTD,2022-01-25 17:59:56
MPSLTD,2022-05-17 15:11:00
MPSLTD,2023-01-25 19:13:08
MPSLTD,2023-05-16 09:41:59
MPSLTD,2023-08-01 12:57:30
MPSLTD,2023-10-27 16:04:36
MPSLTD,2024-01-23 14:19:05
MPSLTD,2024-05-21 22:10:25
MPSLTD,2024-08-08 20:27:47
MPSLTD,2024-10-29 21:06:52
MPSLTD,2025-01-23 13:04:07
MPTODAY,2021-06-22 17:48:24
MPTODAY,2021-06-23 10:49:16
MPTODAY,2021-11-12 18:53:18
MPTODAY,2021-11-13 12:01:45
MPTODAY,2022-05-30 20:25:08
MPTODAY,2023-05-30 21:13:58
MPTODAY,2023-11-10 18:01:44
MPTODAY,2024-05-30 21:18:31
MPTODAY,2024-11-14 16:51:19
MRF,2021-02-11 12:34:24
MRF,2021-06-07 12:45:47
MRF,2021-08-09 12:21:42
MRF,2021-11-09 12:11:58
MRF,2022-02-10 12:13:39
MRF,2022-05-10 12:55:18
MRF,2023-02-09 12:43:17
MRF,2023-05-03 12:52:02
MRF,2023-08-03 12:41:10
MRF,2023-11-03 12:40:14
MRF,2024-02-09 12:26:16
MRF,2024-05-03 12:50:28
MRF,2024-08-08 13:22:07
MRF,2024-11-08 12:22:04
MRF,2025-02-06 12:36:57
MRPL,2021-02-01 17:37:01
MRPL,2021-05-17 19:01:31
MRPL,2021-07-29 19:29:05
MRPL,2021-10-26 15:06:55
MRPL,2022-01-28 23:36:50
MRPL,2022-05-12 10:27:28
MRPL,2023-01-30 18:28:08
MRPL,2023-04-28 14:22:21
MRPL,2023-07-28 21:54:02
MRPL,2023-10-31 18:26:23
MRPL,2024-01-22 16:53:54
MRPL,2024-05-03 20:02:28
MRPL,2024-07-22 17:45:58
MRPL,2024-10-18 15:33:18
MRPL,2025-01-20 12:47:07
MSPL,2021-02-13 11:02:00
MSPL,2021-06-11 20:14:46
MSPL,2021-08-12 17:29:51
MSPL,2021-11-15 19:42:57
MSPL,2022-02-14 13:49:56
MSPL,2022-05-30 18:54:14
MSPL,2022-05-31 17:38:08
MSPL,2023-02-14 14:52:38
MSPL,2023-05-29 18:00:50
MSPL,2023-08-10 18:35:21
MSPL,2023-11-08 18:22:01
MSPL,2024-02-13 14:41:23
MSPL,2024-05-29 19:33:53
MSPL,2024-08-14 17:56:50
MSPL,2024-11-14 22:48:06
MSPL,2025-02-13 20:28:27
MSTCLTD,2021-02-11 19:01:46
MSTCLTD,2021-06-25 18:11:34
MSTCLTD,2021-08-12 16:41:34
MSTCLTD,2021-11-12 19:25:13
MSTCLTD,2022-02-11 18:14:50
MSTCLTD,2022-05-25 19:02:39
MSTCLTD,2023-02-11 17:21:31
MSTCLTD,2023-05-23 18:59:08
MSTCLTD,2023-08-11 18:54:39
MSTCLTD,2023-11-03 18:52:20
MSTCLTD,2024-02-08 18:24:11
MSTCLTD,2024-05-27 18:21:58
MSTCLTD,2024-08-13 18:39:28
MSTCLTD,2024-11-09 13:09:09
MSTCLTD,2025-02-10 15:59:10
MSUMI,2022-05-26 12:57:58
MSUMI,2023-02-07 13:49:44
MSUMI,2023-05-19 14:13:37
MSUMI,2023-07-28 13:49:09
MSUMI,2023-10-31 15:27:23
MSUMI,2024-01-31 15:20:40
MSUMI,2024-05-16 14:59:43
MSUMI,2024-08-05 16:35:22
MSUMI,2024-11-08 15:21:26
MSUMI,2025-02-06 16:28:25
MTARTECH,2021-06-02 16:08:13
MTARTECH,2021-06-17 15:46:17
MTARTECH,2021-08-06 14:02:17
MTARTECH,2021-11-02 19:16:50
MTARTECH,2022-02-10 18:20:22
MTARTECH,2022-05-25 10:27:54
MTARTECH,2023-02-09 17:28:54
MTARTECH,2023-05-17 17:40:35
MTARTECH,2023-08-10 17:21:40
MTARTECH,2023-11-08 18:03:57
MTARTECH,2024-02-13 15:48:24
MTARTECH,2024-05-28 20:07:46
MTARTECH,2024-08-13 16:17:32
MTARTECH,2024-10-30 14:01:38
MTARTECH,2025-02-10 16:17:27
MTEDUCARE,2021-02-02 17:28:29
MTEDUCARE,2021-06-26 01:02:33
MTEDUCARE,2021-08-10 18:36:26
MTEDUCARE,2021-10-26 18:05:04
MTEDUCARE,2022-02-02 14:31:25
MTEDUCARE,2022-05-19 18:01:54
MTEDUCARE,2023-02-06 18:21:24
MTEDUCARE,2023-05-24 00:50:09
MTEDUCARE,2023-08-08 18:32:35
MTEDUCARE,2023-11-06 18:30:32
MTEDUCARE,2024-02-09 17:10:10
MTEDUCARE,2024-05-28 16:50:12
MTEDUCARE,2024-08-13 17:32:16
MTEDUCARE,2024-11-14 18:49:26
MTEDUCARE,2025-02-13 19:59:36
MTNL,2021-02-12 17:00:27
MTNL,2021-06-29 17:28:21
MTNL,2021-08-13 18:56:57
MTNL,2021-11-12 18:31:12
MTNL,2022-02-15 12:12:13
MTNL,2022-05-31 08:29:26
MTNL,2023-02-14 19:28:28
MTNL,2023-05-29 21:21:34
MTNL,2023-08-11 20:06:14
MTNL,2023-11-10 17:41:53
MTNL,2024-02-13 13:13:22
MTNL,2024-05-29 18:59:16
MTNL,2024-08-14 15:04:11
MTNL,2024-11-14 15:52:16
MTNL,2025-02-14 19:22:43
MUFIN,2023-11-09 16:21:52
MUFIN,2024-02-14 18:56:30
MUFIN,2024-05-28 20:07:17
MUFIN,2024-08-13 17:43:55
MUFIN,2024-11-14 17:11:30
MUFIN,2025-02-12 16:26:40
MUFTI,2024-01-16 16:48:15
MUFTI,2024-02-14 17:23:00
MUFTI,2024-05-30 21:03:33
MUFTI,2024-08-06 17:25:15
MUFTI,2024-10-28 14:19:55
MUFTI,2025-01-31 18:28:53
MUKANDENGG,2021-02-09 13:22:08
MUKANDENGG,2021-05-25 12:10:43
MUKANDENGG,2021-05-25 17:35:38
MUKANDENGG,2021-08-11 12:41:19
MUKANDENGG,2021-11-11 12:50:36
MUKANDENGG,2022-02-11 13:03:22
MUKANDENGG,2022-05-17 11:38:15
MUKANDLTD,2021-02-09 17:33:03
MUKANDLTD,2021-05-25 14:48:54
MUKANDLTD,2021-08-11 17:23:32
MUKANDLTD,2021-11-11 17:50:49
MUKANDLTD,2022-02-11 17:39:05
MUKANDLTD,2022-05-17 15:03:01
MUKANDLTD,2023-02-13 14:16:09
MUKANDLTD,2023-05-16 14:53:36
MUKANDLTD,2023-08-11 11:49:49
MUKANDLTD,2023-11-09 13:09:26
MUKANDLTD,2024-02-08 13:38:57
MUKANDLTD,2024-05-15 14:26:36
MUKANDLTD,2024-08-05 11:43:11
MUKANDLTD,2024-11-08 13:42:48
MUKANDLTD,2025-02-10 14:44:22
MUKKA,2024-03-28 12:06:41
MUKKA,2024-05-14 12:44:19
MUKKA,2024-08-13 13:21:13
MUKKA,2024-11-14 18:32:05
MUKKA,2025-02-14 18:30:11
MUKTAARTS,2021-02-11 14:33:13
MUKTAARTS,2021-05-25 15:49:54
MUKTAARTS,2021-08-10 18:29:37
MUKTAARTS,2021-11-12 14:06:40
MUKTAARTS,2022-02-11 14:58:26
MUKTAARTS,2022-05-17 16:03:45
MUKTAARTS,2023-02-14 13:27:06
MUKTAARTS,2023-05-26 12:50:36
MUKTAARTS,2023-08-10 13:28:05
MUKTAARTS,2023-11-09 13:40:33
MUKTAARTS,2024-02-14 13:45:45
MUKTAARTS,2024-05-28 14:03:52
MUKTAARTS,2024-08-12 13:47:37
MUKTAARTS,2024-11-14 14:28:09
MUKTAARTS,2025-02-12 15:04:30
MUNJALAU,2021-02-12 14:33:28
MUNJALAU,2021-06-09 14:42:08
MUNJALAU,2021-08-14 15:44:43
MUNJALAU,2021-11-10 15:03:31
MUNJALAU,2022-02-14 14:13:30
MUNJALAU,2022-05-27 19:56:12
MUNJALAU,2023-02-07 15:29:25
MUNJALAU,2023-05-23 16:45:36
MUNJALAU,2023-08-12 18:12:05
MUNJALAU,2023-11-11 13:10:41
MUNJALAU,2024-02-14 14:37:58
MUNJALAU,2024-05-24 16:02:42
MUNJALAU,2024-08-08 15:37:35
MUNJALAU,2024-11-13 16:51:16
MUNJALAU,2025-02-14 16:26:40
MUNJALSHOW,2021-02-04 16:27:28
MUNJALSHOW,2021-06-23 17:16:26
MUNJALSHOW,2021-08-03 16:15:17
MUNJALSHOW,2021-10-29 16:54:02
MUNJALSHOW,2022-02-08 16:36:09
MUNJALSHOW,2022-05-30 17:42:41
MUNJALSHOW,2023-02-10 16:04:02
MUNJALSHOW,2023-05-30 14:02:59
MUNJALSHOW,2023-08-10 13:28:12
MUNJALSHOW,2023-11-08 13:43:55
MUNJALSHOW,2024-02-08 17:09:02
MUNJALSHOW,2024-05-29 17:55:18
MUNJALSHOW,2024-08-12 14:31:36
MUNJALSHOW,2024-11-11 14:44:16
MUNJALSHOW,2025-02-06 13:47:09
MURUDCERA,2021-02-13 13:42:16
MURUDCERA,2021-06-29 15:41:22
MURUDCERA,2021-08-13 13:47:22
MURUDCERA,2021-11-12 14:18:53
MURUDCERA,2021-12-13 15:24:50
MURUDCERA,2022-02-12 13:24:48
MURUDCERA,2022-05-30 14:09:12
MURUDCERA,2023-02-09 13:12:11
MURUDCERA,2023-05-29 13:41:19
MURUDCERA,2023-08-05 13:31:23
MURUDCERA,2023-11-10 12:51:38
MURUDCERA,2024-02-14 12:50:52
MURUDCERA,2024-05-29 14:24:00
MURUDCERA,2024-07-31 13:47:07
MURUDCERA,2024-11-13 13:46:26
MURUDCERA,2025-02-10 13:29:31
MUTHOOTCAP,2021-01-30 17:11:49
MUTHOOTCAP,2021-06-19 14:07:45
MUTHOOTCAP,2021-08-10 16:37:00
MUTHOOTCAP,2021-10-30 13:10:12
MUTHOOTCAP,2022-02-02 15:34:25
MUTHOOTCAP,2022-05-17 21:31:31
MUTHOOTCAP,2023-02-09 20:23:43
MUTHOOTCAP,2023-05-19 19:04:03
MUTHOOTCAP,2023-08-08 20:04:03
MUTHOOTCAP,2023-10-27 17:46:51
MUTHOOTCAP,2024-01-23 19:26:15
MUTHOOTCAP,2024-05-23 18:47:56
MUTHOOTCAP,2024-08-07 16:50:39
MUTHOOTCAP,2024-10-29 19:27:53
MUTHOOTCAP,2025-02-04 21:16:33
MUTHOOTFIN,2021-02-09 14:14:06
MUTHOOTFIN,2021-06-02 14:48:01
MUTHOOTFIN,2021-08-06 14:17:39
MUTHOOTFIN,2021-11-04 14:14:53
MUTHOOTFIN,2022-02-12 14:20:14
MUTHOOTFIN,2022-05-26 16:14:19
MUTHOOTFIN,2023-02-06 17:56:32
MUTHOOTFIN,2023-05-19 17:21:40
MUTHOOTFIN,2023-08-11 16:42:45
MUTHOOTFIN,2023-11-09 18:05:03
MUTHOOTFIN,2024-02-14 17:02:34
MUTHOOTFIN,2024-05-30 15:53:12
MUTHOOTFIN,2024-05-30 16:21:08
MUTHOOTFIN,2024-08-13 15:54:17
MUTHOOTFIN,2024-11-14 15:58:36
MUTHOOTFIN,2025-02-12 15:41:58
MUTHOOTMF,2024-01-29 21:13:03
MUTHOOTMF,2024-05-06 19:52:05
MUTHOOTMF,2024-08-09 20:07:29
MUTHOOTMF,2024-11-05 19:25:46
MUTHOOTMF,2025-02-06 19:10:34
MVGJL,2023-11-14 13:20:59
MVGJL,2024-02-12 18:14:27
MVGJL,2024-05-30 15:16:35
MVGJL,2024-08-14 17:23:10
MVGJL,2024-11-13 15:13:13
MVGJL,2025-02-06 16:18:29
MVKAGRO,2024-05-30 20:53:08
MVKAGRO,2024-11-13 20:45:58
MWL,2023-04-18 17:20:27
MWL,2023-10-16 16:58:52
MWL,2024-04-19 18:11:58
MWL,2024-08-07 16:48:57
MWL,2024-10-29 16:56:04
MWL,2025-01-24 17:38:32
MYMUDRA,2024-11-14 15:25:23
NACLIND,2021-02-04 18:18:29
NACLIND,2021-05-28 22:29:31
NACLIND,2021-08-05 19:37:06
NACLIND,2021-10-29 21:00:43
NACLIND,2022-01-28 17:45:19
NACLIND,2022-05-12 19:37:57
NACLIND,2023-01-31 18:46:54
NACLIND,2023-05-22 19:23:52
NACLIND,2023-07-27 19:57:55
NACLIND,2023-10-27 20:20:29
NACLIND,2024-01-23 19:14:02
NACLIND,2024-06-06 17:50:16
NACLIND,2024-08-14 19:47:09
NACLIND,2024-10-24 17:29:33
NACLIND,2025-02-12 17:02:38
NAGAFERT,2021-02-12 15:58:45
NAGAFERT,2021-06-29 17:45:24
NAGAFERT,2021-08-13 16:20:24
NAGAFERT,2021-11-12 15:58:33
NAGAFERT,2022-02-14 15:56:24
NAGAFERT,2022-06-14 20:50:47
NAGAFERT,2023-02-07 14:22:13
NAGAFERT,2023-06-22 17:16:24
NAGAFERT,2023-08-14 18:46:23
NAGAFERT,2023-11-14 16:15:44
NAGAFERT,2024-02-07 13:17:07
NAGAFERT,2024-05-20 16:45:10
NAGAFERT,2024-09-16 14:10:46
NAGAFERT,2024-11-12 13:56:28
NAGAFERT,2025-02-14 14:18:16
NAGREEKCAP,2021-02-13 17:18:01
NAGREEKCAP,2021-06-29 18:43:15
NAGREEKCAP,2021-08-14 17:06:50
NAGREEKCAP,2021-11-12 17:11:01
NAGREEKCAP,2022-02-12 17:29:05
NAGREEKCAP,2022-05-28 16:35:24
NAGREEKCAP,2023-02-13 20:29:40
NAGREEKCAP,2023-05-29 21:20:25
NAGREEKCAP,2023-08-12 18:03:21
NAGREEKCAP,2023-11-14 15:05:44
NAGREEKCAP,2024-02-12 19:05:26
NAGREEKCAP,2024-05-29 20:33:42
NAGREEKCAP,2024-08-12 19:00:30
NAGREEKCAP,2024-11-13 19:43:25
NAGREEKCAP,2025-02-12 18:02:28
NAGREEKEXP,2021-02-13 16:50:10
NAGREEKEXP,2021-06-30 18:52:18
NAGREEKEXP,2021-08-14 16:45:08
NAGREEKEXP,2021-11-12 17:40:18
NAGREEKEXP,2022-02-12 18:08:27
NAGREEKEXP,2022-05-30 20:10:10
NAGREEKEXP,2023-02-14 18:34:16
NAGREEKEXP,2023-05-30 20:08:21
NAGREEKEXP,2023-08-14 18:37:24
NAGREEKEXP,2023-11-14 17:55:46
NAGREEKEXP,2024-02-13 18:40:56
NAGREEKEXP,2024-05-30 20:43:57
NAGREEKEXP,2024-08-13 19:00:48
NAGREEKEXP,2024-11-14 18:51:46
NAGREEKEXP,2025-02-13 19:16:14
NAHARCAP,2021-02-03 16:43:50
NAHARCAP,2021-05-31 16:52:18
NAHARCAP,2021-08-02 16:47:08
NAHARCAP,2021-11-09 16:45:37
NAHARCAP,2022-02-03 16:42:05
NAHARCAP,2022-05-25 17:10:59
NAHARCAP,2023-02-04 16:43:54
NAHARCAP,2023-05-30 17:01:10
NAHARCAP,2023-08-09 16:49:20
NAHARCAP,2023-11-08 16:50:44
NAHARCAP,2024-02-10 16:44:26
NAHARCAP,2024-05-29 16:59:43
NAHARCAP,2024-08-12 16:49:32
NAHARCAP,2024-11-12 16:48:35
NAHARCAP,2025-02-03 16:41:55
NAHARINDUS,2021-02-12 17:14:05
NAHARINDUS,2021-05-31 17:40:07
NAHARINDUS,2021-08-09 18:03:08
NAHARINDUS,2021-11-10 18:43:30
NAHARINDUS,2022-02-05 15:21:01
NAHARINDUS,2022-05-14 17:04:34
NAHARINDUS,2023-02-08 17:32:44
NAHARINDUS,2023-05-30 14:04:57
NAHARINDUS,2023-08-14 16:19:31
NAHARINDUS,2023-11-10 16:34:42
NAHARINDUS,2024-02-10 15:02:54
NAHARINDUS,2024-05-30 16:57:21
NAHARINDUS,2024-08-14 16:47:55
NAHARINDUS,2024-11-14 16:42:47
NAHARINDUS,2025-02-14 16:29:33
NAHARPOLY,2021-02-03 17:08:36
NAHARPOLY,2021-05-31 17:30:55
NAHARPOLY,2021-08-02 17:49:16
NAHARPOLY,2021-11-09 17:28:44
NAHARPOLY,2022-02-03 17:25:17
NAHARPOLY,2022-05-25 17:27:24
NAHARPOLY,2023-02-04 17:21:08
NAHARPOLY,2023-05-30 17:46:38
NAHARPOLY,2023-08-09 17:26:53
NAHARPOLY,2023-11-08 17:24:33
NAHARPOLY,2024-02-10 17:22:38
NAHARPOLY,2024-05-29 18:03:19
NAHARPOLY,2024-08-12 17:43:49
NAHARPOLY,2024-11-12 17:26:41
NAHARPOLY,2025-02-03 17:34:04
NAHARSPING,2021-02-03 15:47:01
NAHARSPING,2021-05-31 16:05:14
NAHARSPING,2021-08-02 15:51:44
NAHARSPING,2021-11-09 15:59:10
NAHARSPING,2022-02-03 15:58:32
NAHARSPING,2022-05-25 16:18:04
NAHARSPING,2023-02-04 16:03:38
NAHARSPING,2023-05-30 16:01:27
NAHARSPING,2023-08-09 15:55:36
NAHARSPING,2023-11-08 15:59:42
NAHARSPING,2024-02-10 15:51:29
NAHARSPING,2024-05-29 15:54:48
NAHARSPING,2024-08-12 15:53:34
NAHARSPING,2024-11-12 15:49:53
NAHARSPING,2025-02-03 15:53:18
NAM-INDIA,2021-01-27 16:13:37
NAM-INDIA,2021-04-27 16:15:50
NAM-INDIA,2021-07-19 15:33:42
NAM-INDIA,2021-10-26 16:15:53
NAM-INDIA,2022-01-27 15:34:51
NAM-INDIA,2022-04-26 16:21:38
NAM-INDIA,2023-01-30 16:03:20
NAM-INDIA,2023-04-25 18:54:18
NAM-INDIA,2023-07-27 15:30:47
NAM-INDIA,2023-10-30 13:12:15
NAM-INDIA,2024-01-29 17:33:58
NAM-INDIA,2024-04-24 14:11:17
NAM-INDIA,2024-07-19 16:26:52
NAM-INDIA,2024-10-24 17:47:46
NAM-INDIA,2025-01-23 17:40:05
NAMAN,2024-05-28 15:20:33
NAMAN,2024-11-08 17:14:34
NAMAN,2024-11-08 23:57:03
NAMOEWASTE,2024-11-13 18:38:44
NARMADA,2021-06-30 19:36:13
NARMADA,2021-06-30 19:41:30
NARMADA,2021-06-30 19:41:30
NARMADA,2021-11-14 15:01:49
NARMADA,2021-11-14 15:01:49
NARMADA,2022-05-16 19:33:16
NARMADA,2023-02-08 18:37:57
NARMADA,2023-05-29 22:00:25
NARMADA,2023-08-14 19:58:09
NARMADA,2023-11-09 19:22:47
NARMADA,2024-02-14 19:00:59
NARMADA,2024-05-16 19:35:13
NARMADA,2024-08-10 18:55:09
NARMADA,2024-11-13 18:17:26
NARMADA,2025-02-13 19:46:20
NARMADASUG,2021-02-12 18:13:02
NARMADASUG,2021-02-16 12:23:04
NATCOPHARM,2021-02-11 14:55:02
NATCOPHARM,2021-02-11 15:54:24
NATCOPHARM,2021-06-17 15:36:31
NATCOPHARM,2021-08-12 13:15:36
NATCOPHARM,2021-11-11 14:25:40
NATCOPHARM,2022-02-14 16:41:22
NATCOPHARM,2022-05-30 15:00:45
NATCOPHARM,2023-02-09 13:57:22
NATCOPHARM,2023-05-29 14:21:56
NATCOPHARM,2023-08-09 14:50:17
NATCOPHARM,2023-11-14 14:05:19
NATCOPHARM,2024-02-14 14:05:04
NATCOPHARM,2024-05-27 16:38:36
NATCOPHARM,2024-08-12 13:56:19
NATCOPHARM,2024-11-12 14:21:07
NATCOPHARM,2025-02-12 15:57:40
NATHBIOGEN,2021-02-10 16:11:13
NATHBIOGEN,2021-06-24 16:24:36
NATHBIOGEN,2021-08-10 17:14:35
NATHBIOGEN,2021-11-01 16:27:51
NATHBIOGEN,2022-02-11 16:22:43
NATHBIOGEN,2022-05-30 16:26:20
NATHBIOGEN,2023-02-14 16:30:26
NATHBIOGEN,2023-04-22 18:06:35
NATHBIOGEN,2023-08-10 17:47:03
NATHBIOGEN,2023-10-16 18:12:16
NATHBIOGEN,2024-01-18 18:30:38
NATHBIOGEN,2024-05-08 17:20:59
NATHBIOGEN,2024-08-07 15:56:07
NATHBIOGEN,2024-10-23 16:37:42
NATHBIOGEN,2025-01-23 16:29:39
NATIONALUM,2021-02-12 14:53:00
NATIONALUM,2021-06-28 15:41:38
NATIONALUM,2021-08-06 15:35:16
NATIONALUM,2021-11-12 19:42:25
NATIONALUM,2022-02-07 17:38:45
NATIONALUM,2022-05-25 19:35:30
NATIONALUM,2023-02-10 19:28:30
NATIONALUM,2023-05-24 20:47:00
NATIONALUM,2023-08-11 18:58:04
NATIONALUM,2023-11-09 14:13:15
NATIONALUM,2024-02-13 20:09:03
NATIONALUM,2024-05-27 19:06:15
NATIONALUM,2024-08-12 14:12:08
NATIONALUM,2024-11-13 16:38:59
NATIONALUM,2025-02-10 19:28:04
NATNLSTEEL,2021-02-12 19:47:59
NATNLSTEEL,2021-06-30 17:39:12
NATNLSTEEL,2021-08-14 18:21:40
NATNLSTEEL,2021-11-12 19:58:17
NATNLSTEEL,2022-01-20 19:05:35
NATNLSTEEL,2022-05-30 22:54:44
NATNLSTEEL,2023-02-10 21:32:39
NAUKRI,2021-02-12 19:42:41
NAUKRI,2021-06-21 10:21:16
NAUKRI,2021-08-14 20:11:02
NAUKRI,2021-11-14 21:45:57
NAUKRI,2022-01-28 22:04:37
NAUKRI,2022-05-28 14:17:22
NAUKRI,2023-02-10 16:08:52
NAUKRI,2023-05-26 14:00:35
NAUKRI,2023-08-11 13:44:34
NAUKRI,2023-11-07 12:58:12
NAUKRI,2024-02-13 14:30:00
NAUKRI,2024-05-16 14:43:54
NAUKRI,2024-08-09 13:13:38
NAUKRI,2024-11-08 13:12:10
NAUKRI,2025-02-05 13:49:15
NAVA,2021-02-08 14:14:55
NAVA,2021-06-17 15:43:09
NAVA,2021-08-04 21:06:34
NAVA,2021-11-09 13:30:01
NAVA,2022-01-28 12:51:08
NAVA,2022-05-16 14:02:35
NAVA,2023-02-03 12:58:05
NAVA,2023-05-24 17:58:15
NAVA,2023-08-04 13:02:02
NAVA,2023-11-09 12:26:32
NAVA,2024-02-02 13:53:52
NAVA,2024-05-17 12:23:43
NAVA,2024-08-08 11:39:10
NAVA,2024-11-14 13:22:43
NAVA,2025-02-07 13:30:14
NAVINFLUOR,2021-01-25 17:00:36
NAVINFLUOR,2021-05-07 18:15:41
NAVINFLUOR,2021-07-26 14:02:58
NAVINFLUOR,2021-10-19 16:48:46
NAVINFLUOR,2022-01-31 17:26:58
NAVINFLUOR,2022-05-07 18:02:56
NAVINFLUOR,2023-02-07 16:12:07
NAVINFLUOR,2023-05-13 16:09:20
NAVINFLUOR,2023-07-31 14:18:43
NAVINFLUOR,2023-10-31 16:19:19
NAVINFLUOR,2024-02-06 17:13:30
NAVINFLUOR,2024-05-07 16:13:06
NAVINFLUOR,2024-07-30 16:21:03
NAVINFLUOR,2024-10-23 16:35:42
NAVINFLUOR,2025-01-30 15:50:37
NAVKARCORP,2021-02-03 13:38:54
NAVKARCORP,2021-05-28 14:17:32
NAVKARCORP,2021-08-05 13:24:40
NAVKARCORP,2021-11-12 18:02:29
NAVKARCORP,2022-02-09 14:38:33
NAVKARCORP,2022-05-19 15:31:49
NAVKARCORP,2023-02-11 13:55:03
NAVKARCORP,2023-05-29 13:19:59
NAVKARCORP,2023-08-08 14:02:59
NAVKARCORP,2023-11-03 17:36:35
NAVKARCORP,2024-01-23 12:51:17
NAVKARCORP,2024-04-30 13:49:50
NAVKARCORP,2024-08-09 13:05:37
NAVKARCORP,2024-10-08 10:40:52
NAVKARCORP,2025-01-27 13:25:07
NAVKARURB,2025-02-12 19:41:55
NAVNETEDUL,2021-02-12 14:09:36
NAVNETEDUL,2021-05-27 17:17:57
NAVNETEDUL,2021-08-11 14:34:37
NAVNETEDUL,2021-10-29 18:57:24
NAVNETEDUL,2021-10-30 16:29:42
NAVNETEDUL,2022-01-31 14:57:17
NAVNETEDUL,2022-05-18 16:54:40
NAVNETEDUL,2023-02-09 15:12:55
NAVNETEDUL,2023-05-16 18:04:38
NAVNETEDUL,2023-08-03 14:48:48
NAVNETEDUL,2023-08-05 14:46:25
NAVNETEDUL,2023-11-06 13:28:51
NAVNETEDUL,2024-02-07 14:35:53
NAVNETEDUL,2024-05-22 16:34:09
NAVNETEDUL,2024-08-12 12:42:31
NAVNETEDUL,2024-11-07 13:53:55
NAVNETEDUL,2025-02-05 14:48:59
NAZARA,2021-05-28 19:02:52
NAZARA,2021-07-30 17:32:08
NAZARA,2021-10-29 20:00:13
NAZARA,2022-02-11 17:33:01
NAZARA,2022-05-13 19:44:39
NAZARA,2023-01-24 17:42:40
NAZARA,2023-05-09 18:36:11
NAZARA,2023-07-28 18:14:16
NAZARA,2023-11-08 17:37:28
NAZARA,2024-02-06 18:45:34
NAZARA,2024-05-24 22:52:37
NAZARA,2024-08-13 19:25:02
NAZARA,2024-11-14 20:25:56
NAZARA,2025-02-13 19:23:59
NBCC,2021-02-10 20:12:05
NBCC,2021-06-29 22:20:31
NBCC,2021-08-13 18:31:58
NBCC,2021-11-12 14:29:32
NBCC,2022-02-14 21:26:12
NBCC,2022-05-30 18:19:48
NBCC,2022-07-04 18:25:25
NBCC,2023-02-14 18:51:56
NBCC,2023-05-29 18:23:14
NBCC,2023-08-10 17:04:23
NBCC,2023-11-09 16:39:17
NBCC,2024-02-13 16:09:20
NBCC,2024-05-28 17:57:35
NBCC,2024-08-13 17:07:13
NBCC,2024-11-13 15:22:20
NBCC,2025-02-11 16:18:21
NBIFIN,2021-02-02 16:50:09
NBIFIN,2021-06-18 15:57:46
NBIFIN,2021-08-14 16:49:58
NBIFIN,2021-11-15 17:57:00
NBIFIN,2022-02-14 16:36:46
NBIFIN,2022-05-07 14:58:32
NBIFIN,2023-02-14 16:35:11
NBIFIN,2023-05-24 17:42:17
NBIFIN,2023-08-11 12:09:50
NBIFIN,2023-10-20 12:07:45
NBIFIN,2024-02-02 13:56:12
NBIFIN,2024-05-16 13:40:14
NBIFIN,2024-08-13 13:18:01
NBIFIN,2024-11-13 12:33:08
NBIFIN,2025-02-11 15:08:23
NCC,2021-02-11 14:26:06
NCC,2021-05-28 15:42:13
NCC,2021-08-05 15:43:32
NCC,2021-11-09 14:17:49
NCC,2022-02-08 14:37:52
NCC,2022-05-11 16:21:16
NCC,2023-02-08 16:34:50
NCC,2023-05-26 17:16:21
NCC,2023-08-10 15:18:48
NCC,2023-11-09 17:25:42
NCC,2024-02-08 15:03:33
NCC,2024-05-15 17:09:34
NCC,2024-08-06 13:04:26
NCC,2024-11-07 15:15:29
NCC,2025-02-06 15:37:33
NCLIND,2021-02-08 15:16:09
NCLIND,2021-08-13 14:37:15
NCLIND,2021-11-02 14:50:31
NCLIND,2022-02-11 15:23:06
NCLIND,2022-05-30 16:24:29
NCLIND,2023-02-10 13:25:02
NCLIND,2023-05-26 14:16:53
NCLIND,2023-08-11 13:14:23
NCLIND,2023-11-09 13:03:59
NCLIND,2024-02-09 15:58:32
NCLIND,2024-05-10 13:49:39
NCLIND,2024-08-09 13:01:06
NCLIND,2024-11-08 14:10:49
NCLIND,2025-02-12 20:45:46
NDGL,2021-02-12 12:44:50
NDGL,2021-06-29 16:19:07
NDGL,2021-08-13 18:05:05
NDGL,2021-11-12 15:14:58
NDGL,2022-02-11 15:44:18
NDGL,2022-05-30 13:54:02
NDGL,2023-02-14 13:36:08
NDGL,2023-05-30 13:22:48
NDGL,2023-08-11 12:44:39
NDGL,2023-11-11 12:30:24
NDGL,2024-02-13 13:29:17
NDGL,2024-05-29 16:40:36
NDGL,2024-08-13 16:40:21
NDGL,2024-11-14 19:16:01
NDGL,2025-02-14 12:52:47
NDL,2021-02-13 17:00:17
NDL,2021-06-29 20:37:38
NDL,2021-08-14 15:49:48
NDL,2021-11-13 16:38:45
NDL,2022-02-10 16:43:14
NDL,2022-05-28 18:02:23
NDL,2023-02-09 19:32:34
NDL,2023-05-29 22:54:55
NDL,2023-08-04 14:31:12
NDL,2023-11-09 14:09:27
NDL,2024-02-12 13:08:58
NDL,2024-05-27 16:34:08
NDL,2024-08-14 12:57:34
NDL,2024-10-28 13:33:33
NDL,2025-01-28 13:06:43
NDLVENTURE,2021-01-28 14:53:01
NDLVENTURE,2021-05-13 17:18:01
NDLVENTURE,2021-08-13 19:00:01
NDLVENTURE,2021-11-11 18:52:04
NDLVENTURE,2022-02-12 14:29:43
NDLVENTURE,2022-05-18 17:54:20
NDLVENTURE,2023-01-31 18:28:04
NDLVENTURE,2023-04-28 18:18:52
NDLVENTURE,2023-07-28 16:51:44
NDLVENTURE,2023-10-27 17:16:14
NDLVENTURE,2024-01-31 17:44:51
NDLVENTURE,2024-04-30 18:04:08
NDLVENTURE,2024-08-08 17:38:00
NDLVENTURE,2024-10-22 17:13:40
NDLVENTURE,2025-01-23 17:01:16
NDRAUTO,2021-02-11 13:38:32
NDRAUTO,2021-05-26 13:29:29
NDRAUTO,2021-05-26 13:31:09
NDRAUTO,2021-08-10 13:36:58
NDRAUTO,2021-10-26 13:05:55
NDRAUTO,2022-01-31 13:51:16
NDRAUTO,2022-05-10 13:50:23
NDRAUTO,2023-01-27 12:58:03
NDRAUTO,2023-05-30 14:21:24
NDRAUTO,2023-08-07 13:40:50
NDRAUTO,2023-11-06 13:06:12
NDRAUTO,2024-02-08 13:17:35
NDRAUTO,2024-05-21 15:14:11
NDRAUTO,2024-08-08 13:39:34
NDRAUTO,2024-11-06 13:19:16
NDRAUTO,2025-02-11 14:35:09
NDTV,2021-02-09 20:14:15
NDTV,2021-05-20 21:28:07
NDTV,2021-05-20 21:29:01
NDTV,2021-05-20 21:46:17
NDTV,2021-08-10 21:32:38
NDTV,2021-08-10 21:40:17
NDTV,2021-11-11 19:51:41
NDTV,2021-11-11 20:03:57
NDTV,2022-02-09 19:48:19
NDTV,2022-02-09 19:49:43
NDTV,2022-05-19 10:45:48
NDTV,2023-02-07 18:46:27
NDTV,2023-05-01 18:53:03
NDTV,2023-07-27 19:06:54
NDTV,2023-10-23 14:43:31
NDTV,2024-01-30 16:53:12
NDTV,2024-04-26 20:47:20
NDTV,2024-07-29 15:14:11
NDTV,2024-10-23 14:32:09
NDTV,2025-01-25 15:51:26
NECCLTD,2021-02-11 16:25:20
NECCLTD,2021-06-30 16:39:44
NECCLTD,2021-08-11 18:19:20
NECCLTD,2021-11-12 20:23:45
NECCLTD,2022-02-14 19:47:05
NECCLTD,2022-05-31 16:42:14
NECCLTD,2023-02-14 15:38:44
NECCLTD,2023-05-30 18:13:38
NECCLTD,2023-08-14 15:15:51
NECCLTD,2023-10-27 16:15:54
NECCLTD,2024-02-15 18:19:48
NECCLTD,2024-05-30 17:56:36
NECCLTD,2024-07-31 16:57:58
NECCLTD,2024-10-30 17:40:23
NECCLTD,2025-01-31 16:20:00
NECLIFE,2021-02-13 13:43:46
NECLIFE,2021-07-23 14:02:11
NECLIFE,2021-08-14 13:45:21
NECLIFE,2021-11-13 17:10:09
NECLIFE,2022-02-14 16:35:22
NECLIFE,2022-05-30 17:15:49
NECLIFE,2023-02-14 14:09:34
NECLIFE,2023-05-26 13:40:06
NECLIFE,2023-08-14 13:25:44
NECLIFE,2023-11-10 12:24:30
NECLIFE,2024-02-14 14:21:14
NECLIFE,2024-05-15 14:36:19
NECLIFE,2024-08-14 13:28:01
NECLIFE,2024-11-14 13:32:56
NECLIFE,2025-01-31 17:19:16
NEELAM,2024-12-19 23:18:22
NELCAST,2021-02-10 18:35:49
NELCAST,2021-05-31 18:18:14
NELCAST,2021-06-15 13:29:21
NELCAST,2021-08-12 13:01:11
NELCAST,2021-11-01 17:09:14
NELCAST,2022-02-02 19:14:32
NELCAST,2022-05-23 21:13:05
NELCAST,2023-02-01 20:04:50
NELCAST,2023-05-18 20:11:19
NELCAST,2023-08-02 19:32:35
NELCAST,2023-10-30 19:33:05
NELCAST,2024-01-29 20:03:45
NELCAST,2024-05-13 20:39:42
NELCAST,2024-07-26 12:18:09
NELCAST,2024-11-07 21:18:30
NELCAST,2025-01-30 17:39:06
NELCO,2021-01-28 17:51:31
NELCO,2021-04-28 20:58:18
NELCO,2021-07-30 19:59:58
NELCO,2021-10-19 18:20:37
NELCO,2022-01-19 18:49:28
NELCO,2022-04-26 20:36:06
NELCO,2023-01-20 16:30:18
NELCO,2023-04-24 20:48:05
NELCO,2023-07-20 14:05:16
NELCO,2023-10-16 14:44:18
NELCO,2024-01-15 14:14:22
NELCO,2024-04-23 17:12:10
NELCO,2024-07-11 13:12:41
NELCO,2024-10-21 15:33:53
NELCO,2025-01-15 14:56:53
NEOGEN,2021-02-13 17:55:46
NEOGEN,2021-05-29 22:31:15
NEOGEN,2021-08-07 22:03:44
NEOGEN,2021-10-30 19:32:45
NEOGEN,2022-01-29 17:38:56
NEOGEN,2022-05-14 23:18:29
NEOGEN,2023-02-11 21:28:44
NEOGEN,2023-05-13 19:52:44
NEOGEN,2023-08-05 21:01:27
NEOGEN,2023-11-08 21:14:08
NEOGEN,2024-02-09 22:28:05
NEOGEN,2024-04-30 23:41:53
NEOGEN,2024-08-07 21:51:49
NEOGEN,2024-11-12 20:25:37
NEOGEN,2025-02-01 19:45:25
NEPHROCARE,2024-08-20 19:11:34
NEPHROCARE,2024-11-08 17:44:54
NESCO,2021-02-12 14:08:35
NESCO,2021-05-28 13:11:38
NESCO,2021-08-11 13:05:18
NESCO,2021-11-12 20:16:49
NESCO,2022-02-03 13:37:51
NESCO,2022-05-25 14:50:59
NESCO,2023-02-09 13:59:50
NESCO,2023-05-24 23:28:43
NESCO,2023-08-04 13:29:31
NESCO,2023-11-08 20:07:18
NESCO,2024-02-13 20:34:38
NESCO,2024-05-20 21:06:15
NESCO,2024-08-02 13:57:29
NESCO,2024-10-28 15:50:22
NESCO,2025-01-30 22:42:35
NESTLEIND,2023-10-19 10:53:01
NESTLEIND,2024-02-07 12:37:00
NESTLEIND,2024-04-25 12:31:37
NESTLEIND,2024-07-25 11:10:37
NESTLEIND,2024-10-17 12:04:43
NESTLEIND,2025-01-31 12:02:43
NETWEB,2023-08-13 15:07:39
NETWEB,2023-11-01 19:26:17
NETWEB,2024-01-23 17:40:48
NETWEB,2024-05-01 18:03:13
NETWEB,2024-07-20 13:31:33
NETWEB,2024-10-19 14:45:34
NETWEB,2025-01-18 16:49:59
NETWORK18,2021-01-19 19:16:15
NETWORK18,2021-04-20 20:10:49
NETWORK18,2021-07-20 18:23:50
NETWORK18,2021-10-19 14:23:39
NETWORK18,2022-01-18 14:49:04
NETWORK18,2022-05-03 14:39:40
NETWORK18,2023-01-17 13:07:41
NETWORK18,2023-04-17 21:29:39
NETWORK18,2023-07-18 19:04:39
NETWORK18,2023-10-25 12:37:24
NETWORK18,2024-01-16 18:35:14
NETWORK18,2024-04-18 18:23:50
NETWORK18,2024-07-16 17:39:03
NETWORK18,2024-10-12 13:39:59
NETWORK18,2025-01-14 18:34:23
NEUEON,2021-02-13 14:41:03
NEUEON,2021-06-29 15:16:01
NEUEON,2021-08-13 13:27:29
NEUEON,2021-11-12 16:56:15
NEUEON,2024-01-12 20:02:29
NEUEON,2024-01-12 20:03:36
NEUEON,2024-05-27 14:31:52
NEUEON,2024-05-30 15:50:13
NEUEON,2024-08-12 22:37:10
NEUEON,2024-11-14 16:30:47
NEUEON,2025-02-14 16:38:26
NEULANDLAB,2021-02-02 15:33:02
NEULANDLAB,2021-05-11 15:01:56
NEULANDLAB,2021-08-03 14:31:08
NEULANDLAB,2021-10-29 14:38:01
NEULANDLAB,2022-02-01 14:35:43
NEULANDLAB,2022-05-10 16:50:52
NEULANDLAB,2023-02-13 17:47:53
NEULANDLAB,2023-05-11 14:02:09
NEULANDLAB,2023-08-03 14:58:00
NEULANDLAB,2023-11-07 14:34:09
NEULANDLAB,2024-02-08 17:00:11
NEULANDLAB,2024-05-10 16:16:04
NEULANDLAB,2024-08-01 15:19:58
NEULANDLAB,2024-11-06 13:06:22
NEULANDLAB,2025-02-10 16:23:03
NEWGEN,2021-01-20 12:24:03
NEWGEN,2021-05-25 11:14:05
NEWGEN,2021-07-20 12:18:00
NEWGEN,2021-10-25 12:41:12
NEWGEN,2022-01-18 13:13:45
NEWGEN,2022-05-03 11:41:48
NEWGEN,2023-01-17 13:01:32
NEWGEN,2023-05-02 12:25:13
NEWGEN,2023-07-19 13:05:39
NEWGEN,2023-10-17 13:31:20
NEWGEN,2024-01-16 13:03:19
NEWGEN,2024-04-30 12:40:37
NEWGEN,2024-07-18 12:25:34
NEWGEN,2024-10-15 13:31:48
NEWGEN,2025-01-20 13:17:38
NEWJAISA,2023-11-09 15:19:30
NEWJAISA,2024-05-30 20:22:34
NEWJAISA,2024-11-14 18:20:22
NEXTMEDIA,2021-01-15 13:17:43
NEXTMEDIA,2021-06-16 13:41:38
NEXTMEDIA,2021-07-29 11:38:54
NEXTMEDIA,2021-10-26 12:21:56
NEXTMEDIA,2022-01-25 12:33:14
NEXTMEDIA,2022-05-24 13:52:10
NEXTMEDIA,2023-02-10 12:03:56
NEXTMEDIA,2023-05-15 09:48:59
NEXTMEDIA,2023-07-25 17:00:59
NEXTMEDIA,2023-11-03 18:11:01
NEXTMEDIA,2024-01-16 18:13:59
NEXTMEDIA,2024-05-03 18:39:13
NEXTMEDIA,2024-07-23 17:36:58
NEXTMEDIA,2024-10-25 17:58:50
NEXTMEDIA,2025-01-17 18:21:28
NFL,2021-02-12 17:08:22
NFL,2021-06-10 19:21:37
NFL,2021-06-10 19:27:44
NFL,2021-08-12 17:42:59
NFL,2021-08-12 17:57:32
NFL,2021-11-12 18:38:17
NFL,2021-11-12 18:49:54
NFL,2022-02-14 17:59:35
NFL,2022-05-24 19:06:42
NFL,2023-02-13 18:44:24
NFL,2023-05-29 18:56:07
NFL,2023-08-08 13:59:07
NFL,2023-11-14 17:29:03
NFL,2024-02-14 16:48:19
NFL,2024-05-30 18:20:54
NFL,2024-08-14 18:45:16
NFL,2024-11-11 16:31:52
NFL,2025-02-10 16:25:45
NGIL,2021-11-13 17:15:17
NGIL,2021-11-13 19:25:34
NGIL,2022-01-21 16:28:07
NGIL,2022-01-21 17:25:56
NGIL,2022-05-25 19:06:58
NGIL,2022-07-11 16:27:25
NGIL,2023-01-20 16:12:55
NGIL,2023-05-10 16:43:36
NGIL,2023-07-13 16:53:56
NGIL,2023-11-06 16:29:49
NGIL,2024-02-07 20:34:23
NGIL,2024-05-24 16:55:39
NGIL,2024-08-14 17:01:41
NGIL,2024-11-14 18:59:40
NGIL,2025-01-27 17:51:04
NGLFINE,2023-02-10 18:14:20
NGLFINE,2023-05-15 18:27:47
NGLFINE,2023-08-04 19:21:29
NGLFINE,2023-11-10 18:53:49
NGLFINE,2024-02-12 19:00:53
NGLFINE,2024-05-22 11:57:45
NGLFINE,2024-08-12 19:06:37
NGLFINE,2024-11-08 19:58:30
NGLFINE,2025-02-07 19:30:24
NH,2021-02-05 18:34:12
NH,2021-05-31 19:05:26
NH,2021-08-05 17:30:30
NH,2021-11-10 19:13:38
NH,2022-02-04 19:32:20
NH,2022-05-20 20:20:01
NH,2023-02-08 18:51:38
NH,2023-05-19 19:42:09
NH,2023-08-02 18:24:11
NH,2023-11-13 19:08:03
NH,2024-02-14 19:26:29
NH,2024-05-24 18:45:48
NH,2024-08-02 18:17:07
NH,2024-10-31 19:32:49
NH,2025-02-14 18:38:38
NHPC,2021-02-11 22:59:22
NHPC,2021-06-10 21:30:14
NHPC,2021-08-13 18:07:34
NHPC,2021-11-11 18:36:38
NHPC,2022-02-11 19:41:45
NHPC,2022-05-25 15:03:37
NHPC,2023-02-07 22:12:54
NHPC,2023-05-29 21:04:27
NHPC,2023-08-11 21:06:45
NHPC,2023-11-06 20:49:05
NHPC,2024-02-12 14:35:23
NHPC,2024-05-17 19:44:18
NHPC,2024-08-07 19:45:16
NHPC,2024-11-07 18:53:46
NHPC,2025-02-07 20:03:09
NIACL,2021-02-12 18:23:43
NIACL,2021-06-07 21:01:33
NIACL,2021-06-07 21:11:38
NIACL,2021-08-11 17:25:54
NIACL,2021-11-11 18:25:24
NIACL,2022-02-11 19:45:27
NIACL,2022-05-23 21:52:48
NIACL,2023-02-13 21:18:06
NIACL,2023-05-29 23:50:31
NIACL,2023-08-11 19:39:40
NIACL,2023-11-08 19:47:12
NIACL,2024-02-09 19:36:09
NIACL,2024-05-22 21:36:18
NIACL,2024-08-08 18:48:12
NIACL,2024-10-30 20:07:32
NIACL,2025-01-27 21:52:04
NIBE,2025-02-12 19:16:20
NIBL,2021-02-04 18:45:13
NIBL,2021-06-12 16:21:44
NIBL,2021-08-14 14:19:11
NIBL,2021-10-29 20:49:57
NIBL,2022-02-04 20:47:02
NIBL,2022-05-24 20:48:44
NIBL,2023-02-09 21:41:06
NIBL,2023-05-25 21:46:06
NIBL,2023-08-02 14:21:05
NIBL,2023-11-08 14:43:09
NIBL,2024-02-09 12:10:10
NIBL,2024-05-21 16:59:34
NIBL,2024-07-31 15:05:00
NIBL,2024-10-30 14:08:56
NIBL,2025-02-05 14:10:12
NIDAN,2021-11-13 17:49:36
NIDAN,2022-05-25 16:00:09
NIDAN,2023-05-26 15:05:19
NIDAN,2023-11-10 14:52:06
NIDAN,2024-05-23 15:51:59
NIDAN,2024-11-14 14:48:40
NIITLTD,2021-02-05 13:09:04
NIITLTD,2021-06-04 13:47:51
NIITLTD,2021-07-30 13:14:23
NIITLTD,2021-11-10 14:06:03
NIITLTD,2022-01-28 13:50:48
NIITLTD,2022-05-24 13:15:51
NIITLTD,2023-01-31 13:16:55
NIITLTD,2023-05-29 13:28:41
NIITLTD,2023-08-11 12:51:35
NIITLTD,2023-10-31 13:05:52
NIITLTD,2024-02-02 13:18:04
NIITLTD,2024-05-24 13:16:51
NIITLTD,2024-08-02 13:16:48
NIITLTD,2024-10-25 13:01:05
NIITLTD,2025-01-24 13:03:33
NIITMTS,2023-08-10 17:22:51
NIITMTS,2023-10-30 13:30:26
NIITMTS,2024-01-31 13:19:47
NIITMTS,2024-05-22 13:06:38
NIITMTS,2024-08-01 13:04:13
NIITMTS,2024-10-23 13:10:20
NIITMTS,2025-01-22 13:29:07
NILAINFRA,2021-02-08 17:15:32
NILAINFRA,2021-06-19 12:53:20
NILAINFRA,2021-08-14 13:12:31
NILAINFRA,2021-11-13 13:48:24
NILAINFRA,2022-02-12 14:21:24
NILAINFRA,2022-05-27 13:29:14
NILAINFRA,2023-02-13 13:45:15
NILAINFRA,2023-05-25 15:05:58
NILAINFRA,2023-08-12 13:04:42
NILAINFRA,2023-11-09 14:23:27
NILAINFRA,2024-02-09 12:35:20
NILAINFRA,2024-05-04 12:54:46
NILAINFRA,2024-08-10 12:02:28
NILAINFRA,2024-10-28 12:38:45
NILAINFRA,2025-02-03 12:42:13
NILASPACES,2021-01-28 17:00:09
NILASPACES,2021-06-19 17:17:57
NILASPACES,2021-08-10 13:21:01
NILASPACES,2021-11-10 17:26:01
NILASPACES,2022-02-01 12:36:14
NILASPACES,2022-05-18 13:25:29
NILASPACES,2023-01-23 17:02:24
NILASPACES,2023-05-13 14:47:58
NILASPACES,2023-08-07 12:32:40
NILASPACES,2023-11-02 13:24:26
NILASPACES,2024-02-07 18:07:26
NILASPACES,2024-05-09 13:29:33
NILASPACES,2024-08-12 13:36:08
NILASPACES,2024-10-25 13:20:03
NILASPACES,2025-02-04 13:01:54
NILKAMAL,2021-02-09 15:50:05
NILKAMAL,2021-06-03 15:47:21
NILKAMAL,2021-08-09 16:55:40
NILKAMAL,2021-11-01 13:33:53
NILKAMAL,2022-02-10 15:14:37
NILKAMAL,2022-05-24 11:37:04
NILKAMAL,2023-02-14 14:42:37
NILKAMAL,2023-05-20 16:40:02
NILKAMAL,2023-08-03 14:27:56
NILKAMAL,2023-11-01 14:58:43
NILKAMAL,2024-01-31 16:25:55
NILKAMAL,2024-05-14 15:04:09
NILKAMAL,2024-07-31 13:22:03
NILKAMAL,2024-10-28 13:18:17
NILKAMAL,2025-02-05 14:25:27
NINSYS,2023-05-29 17:24:29
NINSYS,2023-08-14 15:59:55
NINSYS,2023-11-08 15:34:47
NINSYS,2024-02-12 16:10:42
NINSYS,2024-05-29 21:02:47
NINSYS,2024-08-13 18:26:12
NINSYS,2024-11-12 16:48:10
NINSYS,2025-02-12 17:01:50
NIPPOBATRY,2021-02-11 12:10:56
NIPPOBATRY,2021-06-29 12:24:43
NIPPOBATRY,2021-06-29 16:18:11
NIPPOBATRY,2021-06-30 19:30:13
NIPPOBATRY,2021-08-13 12:37:41
NIPPOBATRY,2021-11-12 13:10:55
NIPPOBATRY,2021-11-12 13:35:27
NIPPOBATRY,2022-02-11 12:09:15
NIPPOBATRY,2022-05-27 13:20:55
NIPPOBATRY,2023-02-10 12:11:52
NIPPOBATRY,2023-05-23 14:40:42
NIPPOBATRY,2023-08-11 12:05:12
NIPPOBATRY,2023-11-09 11:53:49
NIPPOBATRY,2024-02-09 14:26:51
NIPPOBATRY,2024-05-28 12:08:07
NIPPOBATRY,2024-08-09 12:07:23
NIPPOBATRY,2024-11-13 11:52:26
NIPPOBATRY,2025-01-30 14:36:34
NIRAJ,2021-03-30 19:21:11
NIRAJ,2021-06-30 20:57:40
NIRAJ,2021-08-13 12:21:24
NIRAJ,2021-11-13 00:02:12
NIRAJ,2022-02-11 14:46:58
NIRAJ,2022-05-17 19:57:21
NIRAJ,2023-02-09 17:13:27
NIRAJ,2023-05-30 18:17:52
NIRAJ,2023-08-11 18:09:01
NIRAJ,2023-11-08 16:56:57
NIRAJ,2024-02-12 16:02:44
NIRAJ,2024-05-23 22:05:45
NIRAJ,2024-08-13 18:30:33
NIRAJ,2024-11-14 19:47:00
NIRAJ,2025-02-11 19:32:16
NIRAJISPAT,2021-02-12 14:46:30
NIRAJISPAT,2021-06-29 16:38:18
NIRAJISPAT,2021-07-01 18:51:56
NIRAJISPAT,2021-08-12 16:10:35
NIRAJISPAT,2021-11-12 15:50:18
NIRAJISPAT,2022-02-12 15:43:25
NIRAJISPAT,2022-05-30 13:48:20
NIRAJISPAT,2023-02-09 16:25:49
NIRAJISPAT,2023-05-26 16:42:22
NIRAJISPAT,2023-08-11 17:50:05
NIRAJISPAT,2023-11-10 15:39:09
NIRAJISPAT,2024-02-09 15:39:08
NIRAJISPAT,2024-05-29 15:48:14
NIRAJISPAT,2024-08-12 16:13:18
NIRAJISPAT,2024-11-13 16:17:31
NIRAJISPAT,2025-02-12 15:46:35
NIRMAN,2023-05-30 14:28:10
NIRMAN,2023-07-19 18:28:51
NIRMAN,2023-10-17 18:55:36
NIRMAN,2024-02-14 13:56:52
NIRMAN,2024-05-28 13:31:28
NIRMAN,2024-05-30 14:52:18
NIRMAN,2024-08-14 13:20:35
NIRMAN,2024-11-14 12:49:02
NIRMAN,2025-02-06 10:56:24
NITCO,2021-02-11 14:38:38
NITCO,2021-06-11 14:41:11
NITCO,2021-08-11 13:24:20
NITCO,2021-11-11 12:43:54
NITCO,2022-02-09 13:59:53
NITCO,2022-05-26 14:12:58
NITCO,2023-02-13 17:09:03
NITCO,2023-05-30 19:46:18
NITCO,2023-08-12 13:27:11
NITCO,2023-11-09 13:58:40
NITCO,2024-02-12 13:51:08
NITCO,2024-05-29 20:38:48
NITCO,2024-08-13 13:33:44
NITCO,2024-11-13 14:35:52
NITCO,2025-02-12 16:28:53
NITINFIRE,2022-12-20 11:17:36
NITINFIRE,2022-12-20 11:20:24
NITINFIRE,2023-02-04 14:07:34
NITINFIRE,2023-02-04 14:10:40
NITINFIRE,2023-02-04 14:15:46
NITINFIRE,2023-02-04 14:17:26
NITINFIRE,2023-02-04 14:19:34
NITINFIRE,2023-02-04 14:21:14
NITINFIRE,2023-02-04 14:23:00
NITINFIRE,2023-02-04 14:24:47
NITINFIRE,2023-02-04 14:26:44
NITINFIRE,2023-02-04 14:28:18
NITINFIRE,2023-02-04 14:30:16
NITINFIRE,2023-02-04 14:31:49
NITINFIRE,2023-02-04 14:33:30
NITINFIRE,2023-10-31 12:40:21
NITINFIRE,2023-11-07 13:17:43
NITINFIRE,2023-11-27 14:41:47
NITINFIRE,2023-12-22 17:09:07
NITINFIRE,2023-12-22 17:13:33
NITINFIRE,2023-12-22 17:16:10
NITINFIRE,2023-12-22 17:18:10
NITINFIRE,2024-02-06 16:20:20
NITINFIRE,2024-03-19 15:49:09
NITINFIRE,2024-04-24 18:12:41
NITINFIRE,2024-07-09 17:17:55
NITINFIRE,2024-07-09 18:10:01
NITINFIRE,2024-07-09 18:44:41
NITINFIRE,2024-07-09 20:21:58
NITINFIRE,2024-07-31 16:32:21
NITINFIRE,2024-07-31 16:37:05
NITINFIRE,2024-12-31 18:41:36
NITINFIRE,2024-12-31 19:36:35
NITINFIRE,2024-12-31 19:40:57
NITINFIRE,2024-12-31 19:46:37
NITINFIRE,2024-12-31 19:52:04
NITINFIRE,2024-12-31 20:06:27
NITINFIRE,2024-12-31 20:10:54
NITINFIRE,2024-12-31 20:13:31
NITINFIRE,2024-12-31 20:28:35
NITINFIRE,2024-12-31 20:32:04
NITINFIRE,2024-12-31 20:34:38
NITINFIRE,2025-03-28 19:00:15
NITINSPIN,2021-01-28 14:15:22
NITINSPIN,2021-05-08 13:14:38
NITINSPIN,2021-08-03 14:16:43
NITINSPIN,2021-11-09 13:47:45
NITINSPIN,2022-02-03 13:23:43
NITINSPIN,2022-05-12 14:08:14
NITINSPIN,2023-02-02 13:17:32
NITINSPIN,2023-05-06 15:21:57
NITINSPIN,2023-08-05 15:05:02
NITINSPIN,2023-11-09 14:06:58
NITINSPIN,2024-01-29 14:00:18
NITINSPIN,2024-05-09 14:59:41
NITINSPIN,2024-07-22 14:41:46
NITINSPIN,2024-11-07 14:22:18
NITINSPIN,2025-01-27 13:57:48
NITIRAJ,2021-06-22 18:13:37
NITIRAJ,2021-06-22 18:16:14
NITIRAJ,2021-06-22 18:52:40
NITIRAJ,2021-08-15 14:15:05
NITIRAJ,2021-11-13 16:40:56
NITIRAJ,2021-11-13 16:49:54
NITIRAJ,2022-02-14 16:57:54
NITIRAJ,2022-02-14 17:24:26
NITIRAJ,2022-02-24 19:51:04
NITIRAJ,2022-05-12 23:12:19
NITIRAJ,2023-01-23 18:02:23
NITIRAJ,2023-05-30 17:38:16
NITIRAJ,2023-08-14 13:51:25
NITIRAJ,2023-11-08 13:47:24
NITIRAJ,2024-02-05 13:46:51
NITIRAJ,2024-05-27 12:27:30
NITIRAJ,2024-08-14 16:01:41
NITIRAJ,2024-11-12 16:27:51
NITIRAJ,2025-02-12 16:26:49
NIVABUPA,2024-11-25 14:30:26
NIVABUPA,2025-02-04 17:14:18
NKIND,2021-02-06 14:25:52
NKIND,2021-06-07 17:31:14
NKIND,2021-07-31 16:21:06
NKIND,2021-10-27 15:44:24
NKIND,2022-02-01 15:36:49
NKIND,2022-05-19 17:47:19
NKIND,2023-02-03 15:42:08
NKIND,2023-05-02 16:50:30
NKIND,2023-08-07 16:16:13
NKIND,2023-11-09 16:45:09
NKIND,2024-01-23 16:52:43
NKIND,2024-05-02 17:27:27
NKIND,2024-08-02 17:36:26
NKIND,2024-11-09 12:47:13
NKIND,2025-01-30 15:46:37
NLCINDIA,2021-02-10 18:07:27
NLCINDIA,2021-02-11 18:28:44
NLCINDIA,2021-06-28 14:40:46
NLCINDIA,2021-06-28 14:45:00
NLCINDIA,2021-08-13 15:42:23
NLCINDIA,2021-11-11 19:17:34
NLCINDIA,2021-11-11 19:21:34
NLCINDIA,2022-02-03 16:44:54
NLCINDIA,2022-02-14 20:30:33
NLCINDIA,2022-02-14 20:32:27
NLCINDIA,2022-05-30 17:29:24
NLCINDIA,2023-02-13 16:23:11
NLCINDIA,2023-05-20 19:43:45
NLCINDIA,2023-07-28 18:55:52
NLCINDIA,2023-10-26 18:41:36
NLCINDIA,2024-02-06 15:58:28
NLCINDIA,2024-05-15 19:16:38
NLCINDIA,2024-08-07 14:55:54
NLCINDIA,2024-10-25 14:45:49
NLCINDIA,2025-02-03 19:41:37
NMDC,2021-02-08 18:30:05
NMDC,2021-06-22 19:46:53
NMDC,2021-08-12 15:27:56
NMDC,2021-11-11 19:14:33
NMDC,2022-02-08 18:23:20
NMDC,2022-05-26 20:06:40
NMDC,2023-02-14 18:48:13
NMDC,2023-05-23 19:35:25
NMDC,2023-08-11 16:33:51
NMDC,2023-11-14 19:11:46
NMDC,2024-02-14 17:25:55
NMDC,2024-05-27 21:43:10
NMDC,2024-08-12 19:38:11
NMDC,2024-11-11 17:27:54
NMDC,2025-02-06 15:07:04
NOCIL,2021-02-02 14:09:36
NOCIL,2021-05-27 19:18:41
NOCIL,2021-08-03 13:03:46
NOCIL,2021-11-02 17:20:27
NOCIL,2022-02-04 16:56:44
NOCIL,2022-05-17 16:55:54
NOCIL,2023-02-10 17:32:30
NOCIL,2023-05-29 18:30:50
NOCIL,2023-07-31 14:26:16
NOCIL,2023-11-02 17:56:54
NOCIL,2024-02-07 14:45:27
NOCIL,2024-05-29 18:38:30
NOCIL,2024-08-08 14:05:27
NOCIL,2024-10-28 18:22:13
NOCIL,2025-02-06 17:20:32
NOIDATOLL,2021-02-11 17:15:15
NOIDATOLL,2021-06-29 15:12:29
NOIDATOLL,2021-08-11 20:20:45
NOIDATOLL,2021-11-12 16:15:35
NOIDATOLL,2022-02-11 21:02:55
NOIDATOLL,2022-05-30 16:52:35
NOIDATOLL,2023-02-14 16:50:34
NOIDATOLL,2023-05-24 17:14:46
NOIDATOLL,2023-08-14 18:32:12
NOIDATOLL,2023-11-09 18:37:22
NOIDATOLL,2024-02-14 15:52:59
NOIDATOLL,2024-05-24 15:45:09
NOIDATOLL,2024-08-09 14:43:39
NOIDATOLL,2024-11-08 15:36:26
NOIDATOLL,2025-02-07 12:36:26
NORBTEAEXP,2021-02-13 14:45:02
NORBTEAEXP,2021-06-26 15:09:02
NORBTEAEXP,2021-08-09 15:12:35
NORBTEAEXP,2021-11-09 14:41:16
NORBTEAEXP,2022-02-09 14:42:15
NORBTEAEXP,2022-05-26 16:13:14
NORBTEAEXP,2023-02-11 15:12:39
NORBTEAEXP,2023-05-29 16:20:55
NORBTEAEXP,2023-08-03 16:07:13
NORBTEAEXP,2023-11-09 15:52:57
NORBTEAEXP,2024-02-13 16:18:26
NORBTEAEXP,2024-05-29 21:38:12
NORBTEAEXP,2024-08-07 16:19:12
NORBTEAEXP,2024-11-12 16:21:59
NORBTEAEXP,2025-02-13 17:19:15
NORTHARC,2024-09-30 18:46:36
NORTHARC,2024-10-28 16:43:55
NORTHARC,2025-02-14 16:25:57
NOVAAGRI,2024-02-14 17:45:43
NOVAAGRI,2024-05-27 22:26:03
NOVAAGRI,2024-08-10 15:42:52
NOVAAGRI,2024-11-08 15:14:51
NOVAAGRI,2025-02-11 13:45:03
NPST,2021-11-13 16:26:00
NPST,2022-05-30 17:43:55
NPST,2023-02-06 17:03:28
NPST,2023-05-03 16:34:39
NPST,2023-07-26 17:56:27
NPST,2023-10-20 16:42:46
NPST,2024-01-29 13:12:05
NPST,2024-04-24 13:09:18
NPST,2024-07-22 17:03:44
NPST,2024-10-17 18:04:53
NPST,2025-02-13 17:05:38
NRAIL,2021-02-03 22:03:45
NRAIL,2021-05-25 18:01:51
NRAIL,2021-07-28 21:42:12
NRAIL,2021-11-11 18:46:11
NRAIL,2022-02-01 18:07:11
NRAIL,2022-05-19 18:39:10
NRAIL,2023-01-23 18:18:55
NRAIL,2023-05-11 15:32:18
NRAIL,2023-08-03 17:22:21
NRAIL,2023-10-23 15:54:46
NRAIL,2024-01-22 16:18:26
NRAIL,2024-05-27 16:52:41
NRAIL,2024-08-12 17:09:27
NRAIL,2024-11-08 17:55:21
NRAIL,2025-02-11 16:30:25
NRBBEARING,2021-02-07 20:02:11
NRBBEARING,2021-02-07 20:04:38
NRBBEARING,2021-06-02 22:15:57
NRBBEARING,2021-06-02 22:27:17
NRBBEARING,2021-08-07 18:58:57
NRBBEARING,2021-08-07 19:07:34
NRBBEARING,2021-11-12 21:11:40
NRBBEARING,2021-11-12 21:13:55
NRBBEARING,2022-02-14 19:45:59
NRBBEARING,2022-02-14 19:51:07
NRBBEARING,2022-05-31 15:31:47
NRBBEARING,2023-02-13 15:21:44
NRBBEARING,2023-05-30 22:30:27
NRBBEARING,2023-08-11 20:33:48
NRBBEARING,2023-11-13 20:35:23
NRBBEARING,2024-02-13 13:13:04
NRBBEARING,2024-05-27 20:08:03
NRBBEARING,2024-08-12 21:14:16
NRBBEARING,2024-11-07 20:02:03
NRBBEARING,2025-02-07 21:06:53
NRL,2022-02-05 14:54:14
NRL,2022-02-05 14:54:14
NRL,2022-02-14 16:17:35
NRL,2022-05-03 17:26:15
NRL,2023-02-14 17:48:18
NRL,2023-05-29 18:12:48
NRL,2023-08-10 17:20:57
NRL,2023-11-10 18:03:10
NRL,2024-02-13 19:08:37
NRL,2024-05-30 18:58:09
NRL,2024-07-22 17:44:56
NRL,2024-11-14 18:16:50
NRL,2025-01-31 18:44:50
NSIL,2021-02-13 18:42:07
NSIL,2021-06-29 14:07:53
NSIL,2021-08-12 13:45:02
NSIL,2021-11-12 17:57:26
NSIL,2022-02-11 12:56:51
NSIL,2022-05-30 16:04:48
NSIL,2023-02-13 17:24:09
NSIL,2023-05-30 14:26:34
NSIL,2023-08-12 14:35:19
NSIL,2023-11-14 17:00:18
NSIL,2024-02-13 13:11:50
NSIL,2024-05-28 15:16:59
NSIL,2024-08-13 14:27:57
NSIL,2024-11-14 12:35:09
NSIL,2025-02-12 12:50:40
NSLNISP,2023-05-23 13:07:29
NSLNISP,2023-08-11 20:15:54
NSLNISP,2023-11-14 20:35:14
NSLNISP,2024-02-14 19:03:25
NSLNISP,2024-05-27 23:30:15
NSLNISP,2024-08-13 18:26:05
NSLNISP,2024-11-12 16:16:41
NSLNISP,2025-02-06 15:02:37
NTPC,2021-02-04 14:10:30
NTPC,2021-06-19 17:18:09
NTPC,2021-07-31 15:26:24
NTPC,2021-10-28 17:37:07
NTPC,2022-01-29 17:04:49
NTPC,2022-05-20 15:51:34
NTPC,2023-01-28 15:26:41
NTPC,2023-05-19 19:20:09
NTPC,2023-07-29 17:02:26
NTPC,2023-10-28 17:24:16
NTPC,2024-01-29 20:31:55
NTPC,2024-05-24 19:35:26
NTPC,2024-07-27 15:40:03
NTPC,2024-10-24 20:36:55
NTPC,2025-01-25 17:35:39
NTPCGREEN,2025-01-25 14:26:34
NUCLEUS,2021-01-28 16:42:50
NUCLEUS,2021-06-03 23:21:40
NUCLEUS,2021-08-12 16:54:50
NUCLEUS,2021-11-12 16:52:56
NUCLEUS,2022-02-07 16:48:37
NUCLEUS,2022-05-17 16:49:23
NUCLEUS,2023-02-14 14:07:19
NUCLEUS,2023-05-26 12:18:34
NUCLEUS,2023-08-04 13:39:57
NUCLEUS,2023-11-09 14:16:53
NUCLEUS,2024-02-12 17:39:32
NUCLEUS,2024-05-23 14:27:20
NUCLEUS,2024-08-03 14:20:24
NUCLEUS,2024-11-12 14:28:37
NUCLEUS,2025-01-28 14:48:36
NURECA,2021-06-16 16:09:50
NURECA,2021-07-31 22:00:09
NURECA,2021-11-10 22:42:21
NURECA,2022-02-12 22:07:41
NURECA,2022-05-28 23:52:35
NURECA,2023-02-03 18:30:26
NURECA,2023-05-23 20:03:51
NURECA,2023-08-10 17:57:28
NURECA,2023-11-04 17:18:39
NURECA,2024-02-07 17:22:21
NURECA,2024-05-15 11:45:13
NURECA,2024-08-05 17:06:42
NURECA,2024-10-24 17:43:34
NURECA,2025-01-24 18:13:36
NUVAMA,2023-10-27 19:36:48
NUVAMA,2024-02-13 16:32:55
NUVAMA,2024-05-10 17:44:49
NUVAMA,2024-07-26 20:14:58
NUVAMA,2024-10-25 20:27:31
NUVAMA,2025-01-31 19:10:41
NUVOCO,2021-09-06 18:46:53
NUVOCO,2021-11-10 14:27:16
NUVOCO,2022-02-09 14:05:21
NUVOCO,2022-05-21 19:03:18
NUVOCO,2023-02-06 17:47:17
NUVOCO,2023-05-09 20:35:31
NUVOCO,2023-08-10 17:47:18
NUVOCO,2023-10-31 16:24:19
NUVOCO,2024-01-29 18:58:03
NUVOCO,2024-04-30 19:33:00
NUVOCO,2024-07-31 17:48:54
NUVOCO,2024-10-23 18:14:37
NUVOCO,2025-01-22 13:36:05
NYKAA,2021-11-14 20:05:40
NYKAA,2021-12-01 16:21:52
NYKAA,2022-02-09 17:32:55
NYKAA,2022-05-27 18:21:56
NYKAA,2023-02-13 15:52:50
NYKAA,2023-05-24 15:54:00
NYKAA,2023-08-11 15:47:21
NYKAA,2023-11-06 15:40:12
NYKAA,2024-02-06 15:30:17
NYKAA,2024-05-22 16:18:36
NYKAA,2024-08-13 15:50:19
NYKAA,2024-11-12 15:55:13
NYKAA,2025-02-10 15:39:29
OAL,2021-01-20 17:30:03
OAL,2021-05-10 17:37:33
OAL,2021-07-22 17:08:22
OAL,2021-10-26 16:17:51
OAL,2022-01-21 17:16:00
OAL,2022-05-10 17:20:49
OAL,2023-02-13 16:49:19
OAL,2023-05-30 14:14:58
OAL,2023-08-10 17:06:16
OAL,2023-11-09 17:01:00
OAL,2024-02-12 17:13:56
OAL,2024-05-27 17:22:52
OAL,2024-08-07 15:28:25
OAL,2024-11-12 16:12:37
OAL,2025-02-03 17:21:39
OBCL,2022-05-30 20:07:22
OBCL,2023-02-13 18:50:24
OBCL,2023-05-26 19:50:40
OBCL,2023-08-11 18:47:45
OBCL,2023-11-06 18:47:35
OBCL,2024-02-10 17:38:11
OBCL,2024-05-30 16:19:57
OBCL,2024-08-14 16:20:36
OBCL,2024-11-14 17:36:00
OBCL,2025-02-14 12:44:25
OBEROIRLTY,2021-01-22 17:14:48
OBEROIRLTY,2021-05-14 20:23:57
OBEROIRLTY,2021-07-29 18:46:27
OBEROIRLTY,2021-10-29 18:32:57
OBEROIRLTY,2022-01-28 20:01:20
OBEROIRLTY,2022-05-26 23:11:19
OBEROIRLTY,2023-02-08 17:31:53
OBEROIRLTY,2023-05-16 19:39:56
OBEROIRLTY,2023-07-31 18:17:15
OBEROIRLTY,2023-10-27 19:35:09
OBEROIRLTY,2024-01-22 17:22:23
OBEROIRLTY,2024-05-14 19:13:47
OBEROIRLTY,2024-07-19 16:46:42
OBEROIRLTY,2024-10-18 16:28:57
OBEROIRLTY,2025-01-20 17:25:51
OBSCP,2024-11-14 17:46:00
OCCL,2021-02-02 14:54:10
OCCL,2021-06-18 15:26:26
OCCL,2021-08-04 13:55:34
OCCL,2021-10-28 13:55:07
OCCL,2022-02-01 13:24:24
OCCL,2022-05-24 16:03:00
OCCL,2023-02-08 14:12:10
OCCL,2023-05-19 15:20:36
OCCL,2023-08-03 14:35:08
OCCL,2023-10-26 12:20:50
OCCL,2024-02-02 13:10:16
OCCL,2024-05-22 14:21:14
OCCL,2024-08-12 13:45:44
OCCL,2024-11-12 12:30:13
OCCL,2025-02-06 12:28:44
OCCLLTD,2024-11-21 12:17:56
OCCLLTD,2025-02-11 14:46:18
ODIGMA,2025-02-10 13:47:53
OFSS,2021-01-28 21:28:56
OFSS,2021-05-05 20:59:48
OFSS,2021-07-28 20:26:37
OFSS,2021-10-27 20:40:33
OFSS,2022-01-19 20:34:11
OFSS,2022-05-04 20:41:36
OFSS,2023-01-18 19:13:04
OFSS,2023-04-26 19:48:57
OFSS,2023-07-26 19:28:48
OFSS,2023-10-18 19:17:09
OFSS,2024-01-17 19:59:57
OFSS,2024-04-24 19:47:05
OFSS,2024-07-24 18:13:27
OFSS,2024-10-24 19:46:44
OFSS,2025-01-15 20:23:55
OIL,2021-02-11 16:41:44
OIL,2021-06-21 15:36:46
OIL,2021-08-12 14:54:36
OIL,2021-11-10 15:37:09
OIL,2022-02-11 14:59:20
OIL,2022-05-27 16:19:16
OIL,2023-02-10 16:42:59
OIL,2023-05-24 18:23:20
OIL,2023-08-08 15:56:46
OIL,2023-11-08 16:13:22
OIL,2024-02-13 16:26:03
OIL,2024-05-21 16:06:34
OIL,2024-08-08 18:04:59
OIL,2024-11-05 18:23:35
OIL,2025-02-07 17:55:52
OILCOUNTUB,2021-02-13 17:32:11
OILCOUNTUB,2021-06-28 18:04:49
OILCOUNTUB,2021-08-13 20:00:06
OILCOUNTUB,2021-11-14 15:50:10
OILCOUNTUB,2022-01-28 17:52:59
OILCOUNTUB,2022-02-14 18:02:33
OILCOUNTUB,2022-05-27 17:47:01
OILCOUNTUB,2023-01-27 15:48:27
OILCOUNTUB,2023-05-24 16:26:21
OILCOUNTUB,2023-08-10 11:46:14
OILCOUNTUB,2023-11-09 11:56:43
OILCOUNTUB,2024-02-12 12:10:16
OILCOUNTUB,2024-05-09 13:24:38
OILCOUNTUB,2024-08-12 17:01:45
OILCOUNTUB,2024-11-11 16:57:15
OILCOUNTUB,2025-01-29 15:19:19
OISL,2021-08-23 17:58:52
OISL,2021-09-05 00:00:13
OISL,2021-09-05 00:03:45
OISL,2021-09-05 00:05:25
OISL,2021-09-05 00:08:30
OISL,2022-12-23 16:27:56
OISL,2023-01-06 17:28:30
OISL,2023-01-06 17:29:45
OISL,2023-01-06 17:32:53
OISL,2023-01-17 16:54:36
OISL,2023-02-01 16:18:47
OISL,2023-02-01 16:20:48
OISL,2023-02-01 16:22:17
OISL,2023-03-10 16:02:42
OLAELEC,2024-08-14 16:02:39
OLAELEC,2024-11-08 16:03:46
OLAELEC,2025-02-07 13:30:10
OLECTRA,2021-02-13 16:44:16
OLECTRA,2021-06-16 17:38:33
OLECTRA,2021-07-29 17:25:02
OLECTRA,2021-11-09 15:37:56
OLECTRA,2022-01-29 17:31:55
OLECTRA,2022-05-02 13:40:35
OLECTRA,2023-01-25 12:47:39
OLECTRA,2023-05-05 17:21:39
OLECTRA,2023-08-07 17:21:00
OLECTRA,2023-11-04 17:52:25
OLECTRA,2024-01-27 14:13:15
OLECTRA,2024-04-25 17:48:37
OLECTRA,2024-08-12 19:20:37
OLECTRA,2024-10-23 10:54:20
OLECTRA,2025-01-29 18:07:32
OLIL,2023-11-11 17:07:26
OLIL,2024-05-29 17:13:20
OLIL,2024-10-29 15:27:35
OMAXAUTO,2021-02-11 17:52:45
OMAXAUTO,2021-06-23 06:41:19
OMAXAUTO,2021-08-14 18:45:23
OMAXAUTO,2021-11-13 19:30:48
OMAXAUTO,2022-02-14 19:15:00
OMAXAUTO,2022-05-31 18:21:57
OMAXAUTO,2023-01-23 17:17:06
OMAXAUTO,2023-05-08 16:24:00
OMAXAUTO,2023-07-26 14:55:33
OMAXAUTO,2023-11-02 15:49:05
OMAXAUTO,2024-01-30 15:56:35
OMAXAUTO,2024-05-02 16:33:02
OMAXAUTO,2024-07-29 16:36:33
OMAXAUTO,2024-10-30 15:12:56
OMAXAUTO,2025-01-24 15:08:36
OMAXE,2021-02-12 17:48:04
OMAXE,2021-06-29 18:50:11
OMAXE,2021-08-13 17:29:35
OMAXE,2021-11-12 14:11:31
OMAXE,2022-02-14 17:22:31
OMAXE,2022-05-30 15:31:21
OMAXE,2023-02-13 17:18:44
OMAXE,2023-05-26 17:56:09
OMAXE,2023-08-10 17:37:57
OMAXE,2023-11-09 16:45:56
OMAXE,2024-02-09 17:34:06
OMAXE,2024-05-28 19:12:05
OMAXE,2024-08-13 17:56:23
OMAXE,2024-11-14 16:16:26
OMAXE,2025-02-10 17:22:19
OMFURN,2021-06-19 15:55:55
OMFURN,2021-11-13 13:43:45
OMFURN,2022-05-18 13:44:02
OMFURN,2023-05-26 15:49:19
OMFURN,2023-10-28 13:32:51
OMFURN,2024-05-28 14:04:09
OMFURN,2024-11-09 13:50:25
OMINFRAL,2021-02-14 16:08:11
OMINFRAL,2021-06-30 23:43:19
OMINFRAL,2021-08-14 22:44:15
OMINFRAL,2021-11-12 21:18:53
OMINFRAL,2022-01-24 13:23:41
OMINFRAL,2022-05-31 11:04:18
OMINFRAL,2023-02-07 18:12:37
OMINFRAL,2023-04-27 19:12:42
OMINFRAL,2023-08-10 17:15:35
OMINFRAL,2023-10-26 18:41:59
OMINFRAL,2024-02-12 18:36:38
OMINFRAL,2024-05-23 20:48:40
OMINFRAL,2024-08-07 17:00:50
OMINFRAL,2024-11-07 17:08:25
OMINFRAL,2025-02-07 19:24:47
OMKARCHEM,2021-02-13 18:06:43
OMKARCHEM,2021-06-30 20:04:53
OMKARCHEM,2021-08-14 16:38:37
OMKARCHEM,2021-10-22 15:54:40
OMKARCHEM,2022-02-14 15:38:36
OMKARCHEM,2022-05-16 17:35:06
ONDOOR,2023-11-14 17:29:54
ONDOOR,2024-05-29 17:31:59
ONDOOR,2024-11-14 18:58:48
ONELIFECAP,2021-02-12 22:41:07
ONELIFECAP,2021-06-30 23:55:51
ONELIFECAP,2021-08-13 20:38:21
ONELIFECAP,2021-11-12 17:54:13
ONELIFECAP,2022-02-14 20:54:31
ONELIFECAP,2022-05-29 23:15:53
ONELIFECAP,2023-02-16 15:39:49
ONELIFECAP,2023-05-31 11:36:10
ONELIFECAP,2023-08-14 18:58:11
ONELIFECAP,2023-10-31 20:10:58
ONELIFECAP,2024-02-05 19:23:26
ONELIFECAP,2024-06-04 19:37:28
ONELIFECAP,2024-08-14 19:58:54
ONELIFECAP,2024-11-14 22:39:44
ONELIFECAP,2025-02-07 19:08:39
ONEPOINT,2021-02-09 12:58:15
ONEPOINT,2021-06-22 13:45:34
ONEPOINT,2021-07-28 13:35:13
ONEPOINT,2021-11-01 12:52:37
ONEPOINT,2022-02-03 13:35:42
ONEPOINT,2022-05-28 14:22:40
ONEPOINT,2023-02-10 12:40:07
ONEPOINT,2023-05-29 13:08:49
ONEPOINT,2023-08-11 12:20:34
ONEPOINT,2023-11-09 19:13:51
ONEPOINT,2024-02-09 14:06:52
ONEPOINT,2024-05-15 18:40:46
ONEPOINT,2024-08-13 13:26:22
ONEPOINT,2024-11-12 14:23:39
ONEPOINT,2025-02-11 15:45:43
ONESOURCE,2025-01-29 07:39:54
ONESOURCE,2025-02-10 15:52:21
ONGC,2021-02-13 15:58:10
ONGC,2021-06-24 22:43:53
ONGC,2021-08-13 20:38:48
ONGC,2021-11-12 17:44:04
ONGC,2022-02-11 22:37:21
ONGC,2022-05-30 18:23:45
ONGC,2023-02-14 19:30:18
ONGC,2023-05-26 21:12:28
ONGC,2023-08-11 21:06:31
ONGC,2023-11-10 19:20:12
ONGC,2024-02-12 15:41:11
ONGC,2024-05-20 22:32:23
ONGC,2024-08-05 19:59:59
ONGC,2024-11-11 18:21:29
ONGC,2025-01-31 19:34:11
ONIDA,2021-02-11 17:11:49
ONIDA,2021-06-14 17:02:14
ONIDA,2021-08-13 17:08:53
ONIDA,2021-11-10 16:44:25
ONIDA,2022-02-10 16:47:32
ONIDA,2022-05-25 17:01:40
ONIDA,2023-02-09 17:00:39
ONIDA,2023-05-26 14:33:49
ONIDA,2023-08-10 15:09:03
ONIDA,2023-11-02 18:24:46
ONIDA,2024-02-08 19:03:42
ONIDA,2024-05-14 18:41:12
ONIDA,2024-08-13 18:24:20
ONIDA,2024-10-30 18:32:21
ONIDA,2025-02-14 18:53:12
ONMOBILE,2021-02-01 22:56:30
ONMOBILE,2021-05-28 22:45:08
ONMOBILE,2021-08-06 21:33:09
ONMOBILE,2021-11-09 20:06:32
ONMOBILE,2022-02-08 22:21:14
ONMOBILE,2022-05-19 23:38:35
ONMOBILE,2023-02-06 23:36:58
ONMOBILE,2023-05-30 03:23:25
ONMOBILE,2023-08-07 22:22:25
ONMOBILE,2023-11-06 14:39:34
ONMOBILE,2024-02-08 22:37:15
ONMOBILE,2024-05-14 15:11:34
ONMOBILE,2024-07-31 20:17:38
ONMOBILE,2024-11-11 22:36:30
ONMOBILE,2025-02-04 22:25:50
ONWARDTEC,2021-01-15 13:28:15
ONWARDTEC,2021-05-14 13:32:25
ONWARDTEC,2021-07-15 11:40:58
ONWARDTEC,2021-10-22 14:10:42
ONWARDTEC,2022-01-14 14:28:30
ONWARDTEC,2022-05-13 14:29:25
ONWARDTEC,2023-01-20 13:51:41
ONWARDTEC,2023-05-12 13:50:18
ONWARDTEC,2023-07-17 13:46:43
ONWARDTEC,2023-10-20 15:11:16
ONWARDTEC,2024-01-19 13:34:28
ONWARDTEC,2024-05-17 14:21:18
ONWARDTEC,2024-07-19 14:05:42
ONWARDTEC,2024-10-18 15:15:39
ONWARDTEC,2025-01-21 13:22:09
ONYX,2025-01-10 16:03:21
OPAL,2021-06-14 14:13:20
OPTIEMUS,2021-02-11 17:55:20
OPTIEMUS,2021-06-30 18:21:21
OPTIEMUS,2021-08-12 17:11:40
OPTIEMUS,2021-11-13 17:39:16
OPTIEMUS,2022-02-13 17:16:32
OPTIEMUS,2022-05-30 19:57:31
OPTIEMUS,2023-02-13 16:45:59
OPTIEMUS,2023-05-26 18:59:21
OPTIEMUS,2023-08-12 16:48:35
OPTIEMUS,2023-11-10 16:09:06
OPTIEMUS,2024-02-12 16:44:46
OPTIEMUS,2024-05-29 18:40:28
OPTIEMUS,2024-08-13 17:14:14
OPTIEMUS,2024-11-13 17:08:48
OPTIEMUS,2025-02-11 16:46:20
OPTOCIRCUI,2021-02-13 15:17:34
OPTOCIRCUI,2021-08-17 15:01:28
OPTOCIRCUI,2021-09-15 13:07:55
OPTOCIRCUI,2022-06-14 14:54:06
OPTOCIRCUI,2023-04-05 13:23:43
ORBTEXP,2021-02-02 15:13:56
ORBTEXP,2021-06-28 18:23:17
ORBTEXP,2021-08-13 15:09:12
ORBTEXP,2021-10-25 18:01:19
ORBTEXP,2022-02-05 15:46:36
ORBTEXP,2022-05-21 19:06:27
ORBTEXP,2023-01-23 16:27:14
ORBTEXP,2023-05-06 17:24:16
ORBTEXP,2023-08-02 16:49:08
ORBTEXP,2023-11-07 17:28:04
ORBTEXP,2024-02-01 18:35:29
ORBTEXP,2024-05-06 18:46:05
ORBTEXP,2024-08-09 19:13:29
ORBTEXP,2024-10-22 20:36:01
ORBTEXP,2025-02-07 17:01:54
ORCHASP,2025-02-07 17:10:24
ORCHPHARMA,2021-02-09 17:41:38
ORCHPHARMA,2021-05-22 20:27:30
ORCHPHARMA,2021-05-24 20:26:09
ORCHPHARMA,2021-08-13 20:23:13
ORCHPHARMA,2021-11-14 22:11:11
ORCHPHARMA,2022-02-12 18:30:15
ORCHPHARMA,2022-05-12 21:54:39
ORCHPHARMA,2023-02-09 18:32:14
ORCHPHARMA,2023-05-10 22:12:33
ORCHPHARMA,2023-08-10 19:15:08
ORCHPHARMA,2023-11-04 18:58:05
ORCHPHARMA,2024-02-08 16:03:56
ORCHPHARMA,2024-05-23 20:19:05
ORCHPHARMA,2024-08-12 19:29:39
ORCHPHARMA,2024-11-11 15:09:38
ORCHPHARMA,2025-02-12 15:37:16
ORIANA,2023-11-09 13:49:15
ORIANA,2024-05-02 16:30:03
ORIANA,2024-11-13 19:01:31
ORICONENT,2021-02-12 15:48:08
ORICONENT,2021-06-11 15:29:34
ORICONENT,2021-08-12 18:01:31
ORICONENT,2021-11-12 19:27:21
ORICONENT,2022-02-14 15:18:05
ORICONENT,2022-05-30 17:55:04
ORICONENT,2023-02-14 15:33:28
ORICONENT,2023-05-30 17:25:55
ORICONENT,2023-08-10 16:44:46
ORICONENT,2023-11-09 16:25:15
ORICONENT,2024-02-14 15:44:07
ORICONENT,2024-05-30 18:31:36
ORICONENT,2024-08-14 15:33:05
ORICONENT,2024-11-14 22:27:39
ORICONENT,2025-02-13 16:56:46
ORIENTALTL,2021-02-12 16:47:31
ORIENTALTL,2021-07-10 16:49:57
ORIENTALTL,2021-07-30 16:02:54
ORIENTALTL,2021-11-12 16:00:37
ORIENTALTL,2022-01-21 16:08:08
ORIENTALTL,2022-05-30 21:15:00
ORIENTALTL,2023-02-11 13:31:50
ORIENTALTL,2023-05-27 17:58:30
ORIENTALTL,2023-08-03 16:56:18
ORIENTALTL,2023-11-10 15:12:50
ORIENTALTL,2024-02-02 14:58:29
ORIENTALTL,2024-05-30 13:20:46
ORIENTALTL,2024-08-08 16:22:33
ORIENTALTL,2024-11-11 16:41:11
ORIENTALTL,2025-02-07 17:49:28
ORIENTBELL,2021-01-28 17:36:29
ORIENTBELL,2021-01-29 13:48:52
ORIENTBELL,2021-05-13 18:17:36
ORIENTBELL,2021-07-26 18:12:57
ORIENTBELL,2021-10-27 16:12:30
ORIENTBELL,2022-01-27 16:30:05
ORIENTBELL,2022-05-17 17:55:27
ORIENTBELL,2023-01-31 13:48:40
ORIENTBELL,2023-05-23 18:05:32
ORIENTBELL,2023-07-25 16:34:41
ORIENTBELL,2023-11-02 14:30:21
ORIENTBELL,2024-01-23 15:01:38
ORIENTBELL,2024-05-07 18:52:02
ORIENTBELL,2024-08-06 15:26:37
ORIENTBELL,2024-10-28 14:28:38
ORIENTBELL,2025-01-25 14:23:29
ORIENTCEM,2021-01-28 16:05:48
ORIENTCEM,2021-05-17 18:06:21
ORIENTCEM,2021-08-02 17:07:02
ORIENTCEM,2021-10-25 17:42:32
ORIENTCEM,2022-01-31 18:20:30
ORIENTCEM,2022-05-11 16:03:06
ORIENTCEM,2023-01-31 13:25:01
ORIENTCEM,2023-04-28 14:00:49
ORIENTCEM,2023-08-01 13:34:33
ORIENTCEM,2023-11-09 15:47:47
ORIENTCEM,2024-02-05 13:55:18
ORIENTCEM,2024-05-01 14:01:11
ORIENTCEM,2024-08-05 13:24:45
ORIENTCEM,2024-11-08 16:21:18
ORIENTCEM,2025-01-24 15:25:11
ORIENTCER,2021-02-02 19:16:04
ORIENTCER,2021-05-11 18:32:38
ORIENTCER,2021-08-11 18:01:18
ORIENTCER,2021-11-01 18:58:56
ORIENTCER,2021-11-02 18:27:49
ORIENTCER,2022-02-07 18:43:30
ORIENTCER,2022-02-07 18:51:09
ORIENTCER,2022-05-24 19:14:40
ORIENTCER,2023-02-03 18:08:52
ORIENTCER,2023-05-22 19:49:04
ORIENTCER,2023-05-22 19:53:42
ORIENTCER,2023-08-03 20:02:23
ORIENTCER,2023-11-03 17:08:46
ORIENTCER,2024-02-13 18:08:54
ORIENTCER,2024-05-16 16:34:30
ORIENTCER,2024-08-14 15:46:29
ORIENTCER,2024-11-12 18:08:41
ORIENTCER,2025-02-06 19:13:06
ORIENTELEC,2021-01-29 16:37:41
ORIENTELEC,2021-05-12 18:12:28
ORIENTELEC,2021-05-13 22:03:23
ORIENTELEC,2021-07-29 13:32:04
ORIENTELEC,2021-10-23 13:46:33
ORIENTELEC,2022-01-20 13:52:18
ORIENTELEC,2022-05-10 14:00:55
ORIENTELEC,2023-01-30 17:59:27
ORIENTELEC,2023-05-12 15:06:00
ORIENTELEC,2023-08-02 13:18:56
ORIENTELEC,2023-11-03 13:25:40
ORIENTELEC,2024-02-01 13:49:55
ORIENTELEC,2024-05-09 14:45:08
ORIENTELEC,2024-08-01 13:39:29
ORIENTELEC,2024-10-25 15:16:03
ORIENTELEC,2025-01-29 13:55:43
ORIENTHOT,2021-01-21 13:24:44
ORIENTHOT,2021-04-23 17:56:52
ORIENTHOT,2021-07-27 16:18:19
ORIENTHOT,2021-10-08 18:06:53
ORIENTHOT,2021-10-19 16:52:02
ORIENTHOT,2022-01-24 17:16:43
ORIENTHOT,2022-04-15 18:10:48
ORIENTHOT,2023-01-24 11:58:29
ORIENTHOT,2023-04-20 13:55:28
ORIENTHOT,2023-07-20 16:51:53
ORIENTHOT,2023-10-16 12:48:45
ORIENTHOT,2024-01-22 13:09:44
ORIENTHOT,2024-04-18 16:29:39
ORIENTHOT,2024-07-12 16:58:47
ORIENTHOT,2024-10-14 12:26:56
ORIENTHOT,2025-01-15 12:21:52
ORIENTLTD,2021-02-12 19:22:44
ORIENTLTD,2021-06-29 17:53:14
ORIENTLTD,2021-08-13 17:47:18
ORIENTLTD,2021-11-13 19:10:13
ORIENTLTD,2022-02-12 14:54:56
ORIENTLTD,2022-05-29 12:30:24
ORIENTLTD,2023-02-13 19:13:09
ORIENTLTD,2023-05-27 17:23:33
ORIENTLTD,2023-08-12 15:22:55
ORIENTLTD,2023-11-08 17:25:53
ORIENTLTD,2024-02-10 16:42:37
ORIENTLTD,2024-05-28 18:26:25
ORIENTLTD,2024-08-12 17:52:37
ORIENTLTD,2024-11-13 18:29:57
ORIENTLTD,2025-02-13 16:00:26
ORIENTPPR,2021-02-11 16:26:00
ORIENTPPR,2021-06-28 18:44:29
ORIENTPPR,2021-08-13 16:24:28
ORIENTPPR,2021-11-13 12:17:05
ORIENTPPR,2022-02-14 15:24:20
ORIENTPPR,2022-05-29 21:21:02
ORIENTPPR,2023-02-03 15:50:20
ORIENTPPR,2023-05-18 14:57:55
ORIENTPPR,2023-08-09 15:55:01
ORIENTPPR,2023-11-08 14:34:07
ORIENTPPR,2024-02-08 15:59:10
ORIENTPPR,2024-05-29 15:23:07
ORIENTPPR,2024-08-08 14:04:45
ORIENTPPR,2024-11-11 15:24:45
ORIENTPPR,2025-02-10 14:02:29
ORIENTTECH,2024-09-13 19:24:40
ORIENTTECH,2024-11-12 16:29:20
ORIENTTECH,2025-02-06 20:50:45
ORISSAMINE,2021-02-12 14:12:14
ORISSAMINE,2021-06-29 18:41:39
ORISSAMINE,2021-08-13 15:03:17
ORISSAMINE,2021-11-12 17:21:50
ORISSAMINE,2022-02-14 18:52:57
ORISSAMINE,2022-05-27 17:26:01
ORISSAMINE,2023-02-13 20:04:35
ORISSAMINE,2023-07-07 15:47:49
ORISSAMINE,2023-08-12 18:56:59
ORISSAMINE,2023-11-14 20:06:27
ORISSAMINE,2024-02-13 09:47:09
ORISSAMINE,2024-08-13 11:09:43
ORISSAMINE,2024-09-23 21:10:17
ORISSAMINE,2024-11-20 17:22:17
ORISSAMINE,2025-02-10 20:09:44
ORTEL,2021-02-12 14:06:05
ORTEL,2021-06-30 14:44:04
ORTEL,2021-08-13 14:39:13
ORTINGLOBE,2021-07-09 17:23:09
ORTINGLOBE,2021-08-14 17:25:17
ORTINGLOBE,2021-11-13 17:48:41
ORTINGLOBE,2022-02-14 17:09:23
ORTINGLOBE,2022-05-31 17:15:44
ORTINGLOBE,2023-02-14 17:23:38
ORTINGLOBE,2023-05-30 18:12:30
ORTINGLOBE,2023-08-14 20:39:50
ORTINGLOBE,2023-11-14 17:52:35
ORTINGLOBE,2024-02-17 10:15:01
ORTINGLOBE,2024-05-30 22:15:35
ORTINGLOBE,2024-08-13 20:20:31
ORTINGLOBE,2024-11-13 16:50:11
ORTINGLOBE,2025-02-12 18:54:37
ORTINLABSS,2021-02-13 17:09:56
OSELDEVICE,2024-11-13 21:15:55
OSIAHYPER,2021-06-30 18:15:28
OSIAHYPER,2021-11-13 17:38:11
OSIAHYPER,2022-06-01 21:11:15
OSIAHYPER,2023-02-14 17:33:14
OSIAHYPER,2023-05-30 16:56:25
OSIAHYPER,2023-05-30 17:10:28
OSIAHYPER,2023-08-14 16:53:30
OSIAHYPER,2023-11-09 21:45:09
OSIAHYPER,2024-02-14 14:56:04
OSIAHYPER,2024-05-30 17:04:28
OSIAHYPER,2024-08-05 19:21:31
OSIAHYPER,2024-11-15 12:41:19
OSIAHYPER,2025-02-14 13:27:18
OSWALAGRO,2021-02-03 16:09:28
OSWALAGRO,2021-06-25 17:31:15
OSWALAGRO,2021-08-13 17:39:10
OSWALAGRO,2021-11-11 15:51:02
OSWALAGRO,2022-02-11 16:02:16
OSWALAGRO,2022-05-30 18:05:08
OSWALAGRO,2023-02-10 15:55:52
OSWALAGRO,2023-05-25 16:15:31
OSWALAGRO,2023-08-04 14:37:38
OSWALAGRO,2023-11-06 15:53:23
OSWALAGRO,2024-02-12 16:05:22
OSWALAGRO,2024-05-20 17:28:47
OSWALAGRO,2024-07-31 16:23:59
OSWALAGRO,2024-11-08 16:26:16
OSWALAGRO,2025-01-28 17:25:17
OSWALGREEN,2021-02-03 13:46:22
OSWALGREEN,2021-06-25 15:16:17
OSWALGREEN,2021-08-13 15:57:40
OSWALGREEN,2021-11-11 13:34:16
OSWALGREEN,2022-02-11 15:27:38
OSWALGREEN,2022-05-30 14:15:40
OSWALGREEN,2023-02-10 14:03:03
OSWALGREEN,2023-05-25 13:49:52
OSWALGREEN,2023-08-04 13:05:50
OSWALGREEN,2023-11-06 14:49:44
OSWALGREEN,2024-02-12 13:41:31
OSWALGREEN,2024-05-20 14:58:48
OSWALGREEN,2024-07-31 14:15:16
OSWALGREEN,2024-11-08 13:46:25
OSWALGREEN,2025-01-28 14:13:05
OSWALSEEDS,2021-06-30 18:12:45
OSWALSEEDS,2021-11-11 20:13:17
OSWALSEEDS,2022-05-30 20:24:05
OSWALSEEDS,2023-05-16 18:51:05
OSWALSEEDS,2023-08-14 19:45:31
OSWALSEEDS,2023-11-08 21:12:33
OSWALSEEDS,2024-02-14 20:11:24
OSWALSEEDS,2024-05-30 20:15:32
OSWALSEEDS,2024-08-14 16:41:13
OSWALSEEDS,2024-11-14 19:26:11
OSWALSEEDS,2025-02-14 19:15:23
OWAIS,2024-05-14 17:33:18
OWAIS,2024-11-05 16:49:08
PAEL,2021-02-12 18:11:12
PAEL,2021-06-29 19:29:45
PAEL,2021-07-01 16:50:45
PAEL,2021-08-14 19:42:44
PAEL,2021-11-13 17:54:18
PAEL,2022-02-14 13:31:32
PAGEIND,2021-02-10 13:43:26
PAGEIND,2021-02-10 18:06:43
PAGEIND,2021-05-27 13:15:08
PAGEIND,2021-08-12 15:26:43
PAGEIND,2021-11-11 13:54:07
PAGEIND,2022-02-10 13:44:02
PAGEIND,2022-05-26 15:21:27
PAGEIND,2023-02-09 14:52:41
PAGEIND,2023-05-25 15:35:35
PAGEIND,2023-08-10 14:12:59
PAGEIND,2023-11-09 13:09:30
PAGEIND,2024-02-08 14:44:10
PAGEIND,2024-05-23 14:21:12
PAGEIND,2024-08-08 14:56:54
PAGEIND,2024-11-07 14:34:15
PAGEIND,2025-02-05 13:55:03
PAISALO,2021-02-06 17:36:48
PAISALO,2021-06-04 17:03:05
PAISALO,2021-08-14 16:21:55
PAISALO,2021-11-10 12:46:15
PAISALO,2022-02-07 16:13:15
PAISALO,2022-05-06 17:04:38
PAISALO,2023-02-10 14:01:32
PAISALO,2023-05-11 15:25:35
PAISALO,2023-07-24 11:07:15
PAISALO,2023-10-26 12:27:12
PAISALO,2024-01-31 12:35:11
PAISALO,2024-04-26 12:39:51
PAISALO,2024-08-09 13:56:25
PAISALO,2024-10-30 10:58:25
PAISALO,2025-02-04 11:36:34
PAKKA,2023-08-12 15:37:59
PAKKA,2023-10-21 14:45:26
PAKKA,2024-02-03 12:41:50
PAKKA,2024-05-30 13:51:18
PAKKA,2024-08-10 16:44:57
PAKKA,2024-11-09 13:52:17
PAKKA,2025-02-08 13:10:59
PALASHSECU,2021-02-10 17:15:21
PALASHSECU,2021-05-12 19:59:44
PALASHSECU,2021-08-09 16:30:25
PALASHSECU,2021-11-12 18:51:03
PALASHSECU,2022-02-10 15:55:34
PALASHSECU,2022-05-12 18:26:48
PALASHSECU,2023-02-13 17:01:07
PALASHSECU,2023-05-11 19:51:02
PALASHSECU,2023-08-14 15:57:33
PALASHSECU,2023-11-10 16:08:03
PALASHSECU,2024-02-14 15:17:49
PALASHSECU,2024-05-15 18:31:14
PALASHSECU,2024-08-14 16:44:53
PALASHSECU,2024-11-14 17:54:45
PALASHSECU,2025-02-13 15:13:18
PALREDTEC,2021-02-11 13:56:05
PALREDTEC,2021-06-26 19:26:03
PALREDTEC,2021-08-14 12:39:47
PALREDTEC,2021-11-13 13:58:49
PALREDTEC,2022-02-14 21:06:58
PALREDTEC,2022-05-16 18:38:18
PALREDTEC,2023-02-04 14:22:08
PALREDTEC,2023-05-27 15:40:36
PALREDTEC,2023-08-11 13:05:28
PALREDTEC,2023-11-10 13:44:37
PALREDTEC,2024-02-10 14:17:11
PALREDTEC,2024-05-27 15:52:27
PALREDTEC,2024-08-07 15:05:47
PALREDTEC,2024-11-13 15:56:44
PALREDTEC,2025-02-13 16:07:26
PANACEABIO,2021-02-12 17:30:24
PANACEABIO,2021-06-02 19:28:44
PANACEABIO,2021-07-23 16:16:13
PANACEABIO,2021-11-12 17:37:53
PANACEABIO,2022-02-14 16:24:42
PANACEABIO,2022-05-18 15:01:59
PANACEABIO,2023-02-14 13:39:53
PANACEABIO,2023-05-30 14:55:03
PANACEABIO,2023-08-12 15:15:48
PANACEABIO,2023-11-10 13:41:27
PANACEABIO,2024-02-13 14:51:09
PANACEABIO,2024-05-30 14:19:15
PANACEABIO,2024-08-14 16:26:23
PANACEABIO,2024-11-13 15:48:05
PANACEABIO,2025-02-14 18:40:52
PANACHE,2021-02-11 18:17:29
PANACHE,2021-06-29 21:11:35
PANACHE,2021-08-12 20:39:36
PANACHE,2021-11-12 21:10:16
PANACHE,2022-02-04 16:54:15
PANACHE,2022-05-24 11:28:46
PANACHE,2023-02-14 18:50:15
PANACHE,2023-05-24 20:07:59
PANACHE,2023-08-10 20:16:32
PANACHE,2023-11-04 17:44:56
PANACHE,2024-02-07 19:30:36
PANACHE,2024-05-28 20:41:03
PANACHE,2024-08-13 19:39:07
PANACHE,2024-11-11 20:26:18
PANACHE,2025-01-21 16:20:52
PANAMAPET,2021-02-03 16:12:47
PANAMAPET,2021-05-31 13:12:41
PANAMAPET,2021-08-05 13:10:07
PANAMAPET,2021-11-12 13:22:11
PANAMAPET,2022-02-11 13:08:43
PANAMAPET,2022-05-30 12:12:46
PANAMAPET,2023-02-09 13:11:51
PANAMAPET,2023-05-30 12:57:37
PANAMAPET,2023-07-28 12:51:34
PANAMAPET,2023-11-08 13:02:32
PANAMAPET,2024-02-02 12:47:18
PANAMAPET,2024-05-27 12:25:11
PANAMAPET,2024-07-30 11:51:17
PANAMAPET,2024-11-12 11:58:22
PANAMAPET,2025-01-31 12:08:24
PANSARI,2021-07-01 12:21:33
PANSARI,2021-11-13 21:14:05
PANSARI,2022-02-14 16:36:22
PANSARI,2022-05-30 20:34:56
PANSARI,2023-02-14 16:03:44
PANSARI,2023-05-30 17:33:26
PANSARI,2023-08-14 16:57:23
PANSARI,2023-11-14 15:18:04
PANSARI,2024-02-12 17:56:43
PANSARI,2024-02-12 17:58:41
PANSARI,2024-05-29 12:56:27
PANSARI,2024-05-29 12:58:12
PANSARI,2024-08-12 16:46:26
PANSARI,2024-08-12 16:47:57
PANSARI,2024-11-14 16:49:35
PANSARI,2024-11-14 16:52:06
PANSARI,2025-02-14 16:33:26
PANSARI,2025-02-14 16:35:15
PAR,2021-06-10 17:35:28
PAR,2021-06-10 17:42:05
PAR,2021-06-10 17:42:05
PAR,2021-11-09 17:45:19
PAR,2021-11-09 17:57:24
PAR,2022-02-07 17:16:36
PAR,2022-02-07 17:23:31
PAR,2022-05-07 17:25:52
PAR,2023-02-10 16:56:42
PAR,2023-04-27 13:21:09
PAR,2023-08-03 16:48:48
PAR,2023-10-28 17:06:33
PAR,2024-02-16 18:13:04
PAR,2024-05-09 18:10:38
PAR,2024-08-03 17:03:28
PAR,2024-10-22 17:10:42
PAR,2025-02-14 17:19:58
PARABDRUGS,2021-02-12 11:28:18
PARACABLES,2021-02-11 17:47:19
PARACABLES,2021-06-26 20:07:35
PARACABLES,2021-08-10 19:04:22
PARACABLES,2021-11-13 17:34:26
PARACABLES,2022-02-12 18:13:15
PARACABLES,2022-05-28 16:18:49
PARACABLES,2023-01-24 18:37:19
PARACABLES,2023-05-19 13:17:42
PARACABLES,2023-08-10 16:45:34
PARACABLES,2023-11-07 17:17:59
PARACABLES,2024-02-03 16:44:45
PARACABLES,2024-05-24 16:41:17
PARACABLES,2024-08-08 16:58:16
PARACABLES,2024-10-26 16:22:06
PARACABLES,2025-02-06 17:21:34
PARADEEP,2022-05-28 15:44:13
PARADEEP,2023-01-31 17:02:21
PARADEEP,2023-05-17 13:51:53
PARADEEP,2023-08-02 17:09:52
PARADEEP,2023-10-31 17:29:51
PARADEEP,2024-02-05 16:18:57
PARADEEP,2024-05-15 12:19:43
PARADEEP,2024-08-01 19:13:29
PARADEEP,2024-10-28 18:00:23
PARADEEP,2025-02-03 18:58:39
PARAGMILK,2021-02-05 13:33:54
PARAGMILK,2021-06-12 16:48:44
PARAGMILK,2021-06-25 14:41:26
PARAGMILK,2021-07-29 19:15:38
PARAGMILK,2021-08-04 14:01:37
PARAGMILK,2021-11-01 16:36:59
PARAGMILK,2022-02-05 19:54:29
PARAGMILK,2022-06-30 17:01:52
PARAGMILK,2023-01-24 22:38:28
PARAGMILK,2023-04-29 22:14:21
PARAGMILK,2023-08-05 15:13:18
PARAGMILK,2023-11-09 17:29:47
PARAGMILK,2024-02-07 14:32:35
PARAGMILK,2024-05-18 21:31:48
PARAGMILK,2024-07-23 19:56:28
PARAGMILK,2024-11-11 21:01:26
PARAGMILK,2025-01-30 22:54:05
PARAGON,2023-11-22 18:25:43
PARAGON,2024-05-29 15:18:44
PARAGON,2024-11-14 17:25:15
PARAMATRIX,2024-11-11 18:13:38
PARAMOUNT,2024-11-14 17:22:42
PARAMPARA,2021-07-01 22:48:18
PARAMPARA,2021-10-27 22:24:53
PARAMPARA,2023-05-30 19:23:11
PARAMPARA,2023-06-04 15:22:43
PARAMPARA,2023-11-06 17:15:09
PARAMPARA,2024-04-05 21:25:43
PARAMPARA,2024-11-15 15:40:54
PARAS,2021-11-13 15:42:06
PARAS,2022-02-09 18:11:01
PARAS,2022-05-21 11:32:34
PARAS,2023-02-09 13:33:42
PARAS,2023-05-16 18:29:08
PARAS,2023-08-07 13:43:48
PARAS,2023-11-06 17:27:28
PARAS,2024-02-09 14:03:27
PARAS,2024-05-25 15:22:09
PARAS,2024-08-05 14:48:02
PARAS,2024-10-28 14:18:46
PARAS,2025-02-08 15:59:24
PARASPETRO,2021-02-12 17:17:01
PARASPETRO,2021-06-28 18:14:59
PARASPETRO,2021-08-13 17:50:20
PARASPETRO,2021-08-26 15:47:45
PARASPETRO,2021-11-13 16:56:03
PARASPETRO,2022-02-08 14:25:19
PARASPETRO,2022-02-14 18:28:25
PARASPETRO,2022-05-30 19:56:19
PARASPETRO,2023-02-09 18:44:49
PARASPETRO,2023-05-27 17:42:22
PARASPETRO,2023-08-10 18:47:47
PARASPETRO,2023-11-08 13:56:35
PARASPETRO,2024-02-10 15:09:25
PARASPETRO,2024-05-28 16:02:47
PARASPETRO,2024-08-07 15:07:13
PARASPETRO,2024-11-14 15:20:04
PARASPETRO,2025-02-04 13:48:47
PARIN,2021-06-28 18:20:34
PARIN,2021-11-01 18:09:42
PARIN,2021-11-01 18:13:44
PARIN,2022-04-28 16:58:32
PARIN,2023-05-28 15:16:32
PARIN,2023-11-06 19:55:07
PARIN,2024-05-23 19:43:25
PARIN,2024-11-14 19:17:17
PARKHOTELS,2024-03-04 18:23:27
PARKHOTELS,2024-05-28 22:53:55
PARKHOTELS,2024-08-14 19:06:20
PARKHOTELS,2024-11-11 19:21:02
PARKHOTELS,2025-02-08 20:36:28
PARSVNATH,2021-02-12 15:38:28
PARSVNATH,2021-06-30 17:39:23
PARSVNATH,2021-08-13 16:35:04
PARSVNATH,2021-11-13 17:17:10
PARSVNATH,2022-02-14 14:40:47
PARSVNATH,2022-06-11 22:40:46
PARSVNATH,2023-02-20 16:07:44
PARSVNATH,2023-09-01 17:17:39
PARSVNATH,2023-11-20 20:41:45
PARSVNATH,2023-12-28 17:49:07
PARSVNATH,2024-02-14 17:35:23
PARSVNATH,2024-06-20 23:15:35
PARSVNATH,2024-08-12 15:32:21
PARSVNATH,2024-11-14 16:03:27
PARSVNATH,2025-02-14 19:57:31
PARTYCRUS,2021-06-30 18:26:36
PARTYCRUS,2021-11-14 14:12:40
PARTYCRUS,2022-05-20 17:23:48
PARTYCRUS,2023-05-20 13:54:52
PARTYCRUS,2023-11-08 17:28:00
PARTYCRUS,2024-05-14 17:02:18
PARTYCRUS,2024-11-13 14:57:46
PASHUPATI,2021-06-21 17:08:54
PASHUPATI,2021-11-13 16:54:27
PASHUPATI,2022-05-28 17:18:12
PASHUPATI,2023-05-29 20:09:31
PASHUPATI,2023-11-10 18:43:52
PASHUPATI,2024-05-25 19:05:41
PASHUPATI,2024-08-21 20:19:02
PASHUPATI,2024-11-14 18:53:03
PASUPTAC,2021-11-10 15:34:23
PASUPTAC,2022-02-07 15:22:15
PASUPTAC,2022-05-18 16:35:31
PASUPTAC,2023-02-02 16:25:52
PASUPTAC,2023-05-09 16:52:38
PASUPTAC,2023-08-10 16:00:07
PASUPTAC,2023-10-28 15:19:28
PASUPTAC,2024-02-02 16:28:19
PASUPTAC,2024-05-17 16:30:45
PASUPTAC,2024-08-09 15:57:18
PASUPTAC,2024-11-06 16:30:19
PASUPTAC,2025-02-12 16:13:48
PATANJALI,2021-02-10 17:46:42
PATANJALI,2021-06-29 17:26:47
PATANJALI,2021-08-14 15:09:48
PATANJALI,2021-11-14 21:21:14
PATANJALI,2022-02-13 19:21:20
PATANJALI,2022-05-27 11:38:39
PATANJALI,2023-01-25 18:21:32
PATANJALI,2023-05-30 18:32:59
PATANJALI,2023-05-31 16:32:07
PATANJALI,2023-08-11 19:37:50
PATANJALI,2023-11-08 19:41:45
PATANJALI,2024-02-08 15:56:44
PATANJALI,2024-05-14 18:49:23
PATANJALI,2024-07-19 18:37:51
PATANJALI,2024-10-24 19:20:46
PATANJALI,2025-02-10 19:48:32
PATELENG,2021-02-12 17:44:33
PATELENG,2021-06-11 13:59:38
PATELENG,2021-07-30 10:28:45
PATELENG,2021-08-06 13:45:49
PATELENG,2021-11-01 13:15:31
PATELENG,2022-02-09 13:31:39
PATELENG,2022-05-23 12:55:33
PATELENG,2023-02-08 14:19:07
PATELENG,2023-05-15 13:46:44
PATELENG,2023-08-10 13:58:18
PATELENG,2023-11-03 13:09:01
PATELENG,2024-02-12 13:37:45
PATELENG,2024-05-18 13:47:47
PATELENG,2024-08-13 13:20:43
PATELENG,2024-11-13 12:42:34
PATELENG,2025-02-12 13:55:23
PATINTLOG,2021-02-12 17:27:09
PATINTLOG,2021-05-26 14:46:26
PATINTLOG,2021-05-26 15:04:37
PATINTLOG,2021-08-11 16:00:05
PATINTLOG,2021-11-11 15:59:28
PATINTLOG,2021-11-12 11:22:56
PATINTLOG,2021-11-12 17:14:40
PATINTLOG,2022-01-31 14:24:04
PATINTLOG,2022-01-31 14:29:05
PATINTLOG,2022-05-19 14:34:49
PATINTLOG,2023-02-09 13:13:41
PATINTLOG,2023-05-25 18:22:18
PATINTLOG,2023-08-08 18:10:09
PATINTLOG,2023-11-13 16:00:04
PATINTLOG,2024-02-06 15:44:09
PATINTLOG,2024-05-08 18:03:19
PATINTLOG,2024-08-01 14:40:19
PATINTLOG,2024-10-29 16:09:32
PATINTLOG,2025-02-06 13:24:38
PATSPINLTD,2021-02-13 15:39:24
PATSPINLTD,2021-06-30 19:23:51
PATSPINLTD,2021-08-14 17:56:15
PATSPINLTD,2021-11-13 13:37:56
PATTECH,2023-05-30 22:05:12
PATTECH,2023-11-03 17:43:23
PATTECH,2024-05-28 16:07:41
PATTECH,2024-11-14 19:54:29
PAVNAIND,2021-06-30 14:56:21
PAVNAIND,2021-06-30 14:56:21
PAVNAIND,2021-06-30 15:01:20
PAVNAIND,2021-11-25 17:10:10
PAVNAIND,2022-05-30 17:40:04
PAVNAIND,2023-05-30 23:31:02
PAVNAIND,2023-08-14 23:46:29
PAVNAIND,2023-11-08 02:57:31
PAVNAIND,2024-02-14 19:46:01
PAVNAIND,2024-05-30 22:09:29
PAVNAIND,2024-08-14 17:39:12
PAVNAIND,2024-10-28 20:44:53
PAVNAIND,2025-02-14 17:13:19
PAYTM,2021-11-27 09:49:23
PAYTM,2022-02-04 22:48:49
PAYTM,2022-05-20 21:40:49
PAYTM,2023-02-03 21:48:19
PAYTM,2023-05-05 21:13:02
PAYTM,2023-07-21 22:10:52
PAYTM,2023-10-20 17:32:40
PAYTM,2024-01-19 16:46:43
PAYTM,2024-05-22 09:13:03
PAYTM,2024-07-19 11:02:08
PAYTM,2024-10-22 10:43:41
PAYTM,2025-01-20 10:33:33
PBAINFRA,2021-02-12 18:17:27
PBAINFRA,2021-02-12 18:34:22
PBAINFRA,2021-06-25 18:14:35
PBAINFRA,2021-06-25 19:33:19
PBAINFRA,2021-08-13 18:09:29
PBAINFRA,2021-08-13 18:34:36
PBAINFRA,2021-11-12 18:05:56
PBAINFRA,2021-11-12 19:21:27
PBAINFRA,2022-02-11 18:40:43
PBAINFRA,2022-02-11 18:54:20
PBAINFRA,2022-05-30 20:03:25
PCBL,2021-01-20 16:11:31
PCBL,2021-04-21 13:36:28
PCBL,2021-07-26 14:10:26
PCBL,2021-10-27 13:53:36
PCBL,2022-01-20 14:15:02
PCBL,2022-04-19 14:17:42
PCBL,2023-01-31 14:00:13
PCBL,2023-05-15 16:18:34
PCBL,2023-07-11 14:46:15
PCBL,2023-10-17 14:05:30
PCBL,2024-01-15 13:57:32
PCBL,2024-05-23 14:34:15
PCBL,2024-08-08 14:03:59
PCBL,2024-10-29 13:56:43
PCBL,2025-01-10 16:17:29
PCCL,2024-07-22 12:51:50
PCCL,2024-11-13 16:47:16
PCJEWELLER,2021-02-12 12:44:32
PCJEWELLER,2021-05-27 12:41:51
PCJEWELLER,2021-08-14 13:00:00
PCJEWELLER,2021-11-14 11:50:29
PCJEWELLER,2022-02-14 19:48:17
PCJEWELLER,2022-05-31 16:32:19
PCJEWELLER,2023-02-14 18:58:59
PCJEWELLER,2023-05-30 20:54:26
PCJEWELLER,2023-08-14 17:51:45
PCJEWELLER,2023-11-14 17:47:17
PCJEWELLER,2024-02-14 16:51:47
PCJEWELLER,2024-05-30 19:10:10
PCJEWELLER,2024-08-14 10:30:17
PCJEWELLER,2024-10-19 19:51:57
PCJEWELLER,2025-02-04 17:54:55
PDMJEPAPER,2021-01-23 12:44:29
PDMJEPAPER,2021-05-28 13:31:15
PDMJEPAPER,2021-07-31 13:07:44
PDMJEPAPER,2021-10-30 13:05:34
PDMJEPAPER,2022-02-05 12:47:29
PDMJEPAPER,2022-05-21 14:09:38
PDMJEPAPER,2023-02-04 13:09:04
PDMJEPAPER,2023-05-20 18:02:44
PDMJEPAPER,2023-07-27 12:38:23
PDMJEPAPER,2023-10-27 12:45:55
PDMJEPAPER,2024-01-30 13:55:26
PDMJEPAPER,2024-05-27 13:41:04
PDMJEPAPER,2024-08-01 16:47:43
PDMJEPAPER,2024-10-28 16:38:58
PDMJEPAPER,2025-01-31 16:22:25
PDPL,2021-02-12 17:37:38
PDPL,2021-06-30 18:24:21
PDPL,2021-07-02 14:53:39
PDPL,2021-07-09 14:57:48
PDPL,2021-08-10 17:53:10
PDPL,2021-11-12 17:45:05
PDPL,2022-02-14 18:04:05
PDPL,2022-05-30 18:23:28
PDPL,2022-05-31 11:55:53
PDSL,2021-02-12 14:03:25
PDSL,2021-05-27 14:44:28
PDSL,2021-08-04 18:57:07
PDSL,2021-11-09 15:10:12
PDSL,2022-01-31 17:43:03
PDSL,2022-05-16 20:21:33
PDSL,2023-01-24 20:56:07
PDSL,2023-05-11 21:40:03
PDSL,2023-07-26 16:57:47
PDSL,2023-11-01 20:56:07
PDSL,2024-02-07 20:52:27
PDSL,2024-05-14 21:59:57
PDSL,2024-07-24 20:59:36
PDSL,2024-10-29 23:57:07
PDSL,2025-01-28 20:08:21
PEARLPOLY,2021-02-12 16:56:17
PEARLPOLY,2021-06-30 13:50:08
PEARLPOLY,2021-08-14 19:02:56
PEARLPOLY,2021-11-09 16:44:52
PEARLPOLY,2022-02-14 17:41:48
PEARLPOLY,2022-05-26 19:34:31
PEARLPOLY,2023-02-14 17:20:09
PEARLPOLY,2023-05-30 17:30:40
PEARLPOLY,2023-08-08 17:54:48
PEARLPOLY,2023-11-10 13:15:00
PEARLPOLY,2024-02-09 13:17:50
PEARLPOLY,2024-05-27 16:37:38
PEARLPOLY,2024-08-13 16:30:53
PEARLPOLY,2024-11-12 14:24:11
PEARLPOLY,2025-02-14 13:24:21
PEL,2021-02-11 15:09:24
PEL,2021-02-11 15:13:16
PEL,2021-05-13 17:14:25
PEL,2021-05-14 11:18:13
PEL,2021-08-06 14:32:54
PEL,2021-08-06 16:04:04
PEL,2021-11-11 15:10:23
PEL,2021-11-11 15:18:54
PEL,2021-11-11 18:48:21
PEL,2022-02-10 14:27:18
PEL,2022-02-10 18:38:57
PEL,2022-05-26 17:23:01
PEL,2023-02-08 15:35:07
PEL,2023-05-05 16:01:22
PEL,2023-07-28 15:42:08
PEL,2023-11-09 15:43:36
PEL,2024-01-29 15:41:49
PEL,2024-05-08 15:56:53
PEL,2024-08-13 15:33:45
PEL,2024-10-23 16:04:07
PEL,2025-01-27 15:59:37
PELATRO,2024-11-04 13:57:37
PENIND,2021-02-12 16:52:38
PENIND,2021-06-04 17:11:12
PENIND,2021-06-04 17:17:49
PENIND,2021-08-11 17:07:48
PENIND,2021-11-10 22:10:38
PENIND,2022-02-09 16:58:54
PENIND,2022-05-25 21:34:35
PENIND,2023-02-08 18:18:51
PENIND,2023-05-24 17:45:43
PENIND,2023-08-09 17:12:53
PENIND,2023-11-09 17:28:43
PENIND,2024-02-09 21:15:58
PENIND,2024-05-22 20:55:33
PENIND,2024-08-12 20:59:08
PENIND,2024-11-12 20:10:47
PENIND,2025-02-14 19:54:06
PENINLAND,2021-02-12 22:11:17
PENINLAND,2021-06-23 00:01:14
PENINLAND,2021-08-14 17:52:14
PENINLAND,2021-11-11 21:40:01
PENINLAND,2022-02-07 20:57:55
PENINLAND,2022-05-26 00:23:41
PENINLAND,2023-02-13 19:51:28
PENINLAND,2023-05-30 21:25:58
PENINLAND,2023-08-07 19:50:59
PENINLAND,2023-11-06 19:55:52
PENINLAND,2024-02-07 18:14:55
PENINLAND,2024-05-27 23:58:22
PENINLAND,2024-08-08 18:45:09
PENINLAND,2024-11-14 18:41:34
PENINLAND,2025-02-07 20:05:20
PENTAGOLD,2021-06-30 23:43:19
PENTAGOLD,2021-11-13 19:04:13
PENTAGOLD,2022-06-13 17:03:04
PENTAGON,2023-11-14 14:14:01
PENTAGON,2024-05-21 12:40:02
PENTAGON,2024-11-12 13:41:39
PENTAGON,2024-11-13 13:27:58
PERFECT,2021-07-02 00:53:25
PERFECT,2021-11-14 17:46:03
PERFECT,2022-05-30 17:16:22
PERFECT,2023-05-13 19:47:25
PERFECT,2023-11-10 19:07:58
PERFECT,2024-05-27 20:04:26
PERSISTENT,2021-01-28 22:45:35
PERSISTENT,2021-04-29 19:15:06
PERSISTENT,2021-07-22 20:07:33
PERSISTENT,2021-10-26 19:29:59
PERSISTENT,2022-01-20 20:02:18
PERSISTENT,2022-04-27 17:49:16
PERSISTENT,2023-01-18 16:22:49
PERSISTENT,2023-04-25 02:31:51
PERSISTENT,2023-07-20 15:34:21
PERSISTENT,2023-10-18 15:36:27
PERSISTENT,2024-01-20 15:43:54
PERSISTENT,2024-04-21 19:41:53
PERSISTENT,2024-07-18 15:41:27
PERSISTENT,2024-10-22 15:35:08
PERSISTENT,2025-01-22 15:29:08
PETRONET,2021-02-11 20:16:39
PETRONET,2021-06-08 20:54:28
PETRONET,2021-08-13 20:56:46
PETRONET,2021-11-09 18:26:00
PETRONET,2022-02-09 17:36:25
PETRONET,2022-05-11 18:48:23
PETRONET,2023-01-20 17:42:38
PETRONET,2023-05-03 16:56:57
PETRONET,2023-07-31 16:32:52
PETRONET,2023-10-30 14:03:03
PETRONET,2024-01-29 17:20:34
PETRONET,2024-05-22 16:37:40
PETRONET,2024-07-24 14:09:19
PETRONET,2024-10-24 16:26:35
PETRONET,2025-01-27 17:02:28
PFC,2021-02-11 15:17:06
PFC,2021-06-15 13:23:25
PFC,2021-08-12 14:51:55
PFC,2021-11-11 16:18:15
PFC,2022-02-11 14:50:24
PFC,2022-05-25 15:35:58
PFC,2023-02-13 16:17:23
PFC,2023-05-27 17:50:08
PFC,2023-08-11 16:18:25
PFC,2023-11-08 19:44:03
PFC,2024-02-08 15:13:56
PFC,2024-05-22 14:48:54
PFC,2024-08-06 14:32:21
PFC,2024-11-08 15:22:28
PFC,2025-02-12 13:08:59
PFIZER,2021-02-05 16:04:59
PFIZER,2021-05-26 16:21:58
PFIZER,2021-07-28 14:13:44
PFIZER,2021-11-03 18:19:12
PFIZER,2022-02-03 16:33:07
PFIZER,2022-05-20 19:40:42
PFIZER,2023-02-09 16:41:51
PFIZER,2023-05-15 17:51:08
PFIZER,2023-08-11 16:28:24
PFIZER,2023-10-28 15:48:47
PFIZER,2024-02-09 14:40:51
PFIZER,2024-05-17 19:34:38
PFIZER,2024-07-29 19:44:02
PFIZER,2024-10-28 18:05:20
PFIZER,2025-01-31 17:07:46
PFOCUS,2021-02-12 16:52:34
PFOCUS,2021-06-30 21:46:41
PFOCUS,2021-08-13 19:03:10
PFOCUS,2021-11-12 18:16:22
PFOCUS,2022-02-14 19:22:51
PFOCUS,2022-05-28 00:52:34
PFOCUS,2023-02-14 16:57:05
PFOCUS,2023-05-30 17:48:32
PFOCUS,2023-08-11 17:21:00
PFOCUS,2023-11-03 19:26:39
PFOCUS,2024-02-13 14:53:05
PFOCUS,2024-05-30 19:19:40
PFOCUS,2024-08-09 17:52:59
PFOCUS,2024-11-14 17:51:37
PFOCUS,2025-02-10 17:41:59
PFS,2021-02-04 19:15:32
PFS,2021-06-09 15:59:03
PFS,2021-06-09 16:00:41
PFS,2021-08-05 14:55:24
PFS,2021-08-05 15:24:15
PFS,2021-11-09 17:44:17
PFS,2022-05-27 17:46:32
PFS,2023-02-04 18:40:45
PFS,2023-05-18 20:06:28
PFS,2023-07-28 14:41:03
PFS,2023-10-27 19:44:33
PFS,2024-01-31 23:58:29
PFS,2024-05-30 23:56:25
PFS,2024-07-31 11:21:09
PFS,2024-10-28 18:21:18
PFS,2025-01-28 15:40:17
PGEL,2021-01-25 14:34:28
PGEL,2021-06-06 13:40:06
PGEL,2021-08-14 14:06:07
PGEL,2021-11-13 17:19:06
PGEL,2022-02-14 15:57:59
PGEL,2022-05-28 17:57:57
PGEL,2023-02-04 16:06:27
PGEL,2023-05-26 13:13:33
PGEL,2023-08-04 15:54:56
PGEL,2023-11-06 17:03:48
PGEL,2024-02-13 14:17:30
PGEL,2024-05-22 21:18:09
PGEL,2024-07-24 17:20:38
PGEL,2024-11-11 13:33:51
PGEL,2025-02-06 18:07:23
PGHH,2021-02-03 21:35:03
PGHH,2021-05-04 17:14:42
PGHH,2021-08-25 17:40:32
PGHH,2021-11-02 13:00:43
PGHH,2022-02-01 16:56:33
PGHH,2022-04-28 13:50:24
PGHH,2023-01-31 19:10:40
PGHH,2023-05-10 18:02:13
PGHH,2023-08-28 14:27:35
PGHH,2023-10-30 17:11:12
PGHH,2024-01-31 12:59:27
PGHH,2024-04-30 13:19:44
PGHH,2024-08-28 15:41:29
PGHH,2024-10-30 13:09:51
PGHH,2025-02-11 15:04:08
PGHL,2021-02-10 17:51:25
PGHL,2021-05-06 17:51:00
PGHL,2021-08-26 19:22:30
PGHL,2021-11-09 18:11:37
PGHL,2022-02-09 13:14:47
PGHL,2022-05-05 19:43:00
PGHL,2023-02-05 13:05:35
PGHL,2023-05-15 20:14:32
PGHL,2023-08-23 20:27:30
PGHL,2023-11-03 19:55:59
PGHL,2024-02-06 16:39:16
PGHL,2024-05-02 20:06:43
PGHL,2024-08-21 16:08:32
PGHL,2024-11-04 17:50:25
PGHL,2025-02-12 14:37:40
PGIL,2021-02-12 18:55:01
PGIL,2021-06-21 20:50:22
PGIL,2021-08-14 16:24:38
PGIL,2021-11-13 20:35:00
PGIL,2022-02-14 19:48:50
PGIL,2022-05-25 20:31:36
PGIL,2023-02-07 19:40:14
PGIL,2023-05-15 20:31:50
PGIL,2023-08-11 18:29:07
PGIL,2023-11-08 20:36:00
PGIL,2024-02-12 15:22:39
PGIL,2024-05-20 19:34:45
PGIL,2024-08-12 19:40:45
PGIL,2024-11-12 19:31:04
PGIL,2025-02-11 21:27:06
PHANTOMFX,2023-02-13 19:45:32
PHANTOMFX,2023-05-22 16:47:44
PHANTOMFX,2023-11-10 13:59:53
PHANTOMFX,2024-02-14 20:08:30
PHANTOMFX,2024-05-29 21:19:41
PHANTOMFX,2024-08-12 18:24:00
PHANTOMFX,2024-11-13 20:54:30
PHOENIXLTD,2021-02-12 19:55:16
PHOENIXLTD,2021-05-27 22:49:31
PHOENIXLTD,2021-08-06 19:09:31
PHOENIXLTD,2021-11-01 20:31:13
PHOENIXLTD,2022-02-07 19:24:42
PHOENIXLTD,2022-05-24 21:15:47
PHOENIXLTD,2023-02-07 18:05:49
PHOENIXLTD,2023-05-24 22:45:29
PHOENIXLTD,2023-08-08 20:09:29
PHOENIXLTD,2023-11-08 20:22:27
PHOENIXLTD,2024-02-12 19:37:11
PHOENIXLTD,2024-05-17 20:27:42
PHOENIXLTD,2024-07-31 19:46:35
PHOENIXLTD,2024-10-25 18:53:41
PHOENIXLTD,2025-01-30 18:43:51
PHOGLOBAL,2024-11-14 19:39:35
PIDILITIND,2021-01-28 18:41:12
PIDILITIND,2021-05-12 19:56:05
PIDILITIND,2021-08-11 13:34:07
PIDILITIND,2021-11-10 18:57:57
PIDILITIND,2022-01-25 14:32:30
PIDILITIND,2022-05-18 19:59:13
PIDILITIND,2023-01-24 17:04:46
PIDILITIND,2023-05-08 19:21:46
PIDILITIND,2023-08-10 13:40:11
PIDILITIND,2023-11-08 17:37:19
PIDILITIND,2024-01-23 17:42:00
PIDILITIND,2024-05-07 19:36:16
PIDILITIND,2024-08-07 14:20:10
PIDILITIND,2024-10-23 18:54:52
PIDILITIND,2025-01-22 18:42:32
PIGL,2021-07-01 12:12:15
PIGL,2021-07-26 12:17:27
PIGL,2021-07-26 12:17:27
PIGL,2021-11-13 21:55:07
PIGL,2021-11-13 21:55:07
PIGL,2021-11-14 13:59:50
PIGL,2022-05-30 21:36:11
PIGL,2023-05-27 02:23:41
PIGL,2023-08-11 18:47:48
PIGL,2023-11-10 22:59:41
PIGL,2024-02-13 21:47:21
PIGL,2024-05-30 22:36:14
PIGL,2024-08-13 16:51:07
PIGL,2024-11-11 21:19:54
PIGL,2025-02-13 18:15:12
PIIND,2021-02-02 21:30:12
PIIND,2021-05-18 22:38:40
PIIND,2021-05-19 00:21:09
PIIND,2021-05-20 16:14:14
PIIND,2021-07-30 21:49:29
PIIND,2021-07-30 21:59:11
PIIND,2021-11-12 20:16:46
PIIND,2021-11-12 20:30:00
PIIND,2022-02-03 17:35:45
PIIND,2022-02-03 18:00:04
PIIND,2022-05-17 20:07:33
PIIND,2023-02-14 18:50:51
PIIND,2023-05-18 20:38:31
PIIND,2023-08-09 20:00:58
PIIND,2023-11-08 20:35:40
PIIND,2024-02-09 15:53:20
PIIND,2024-05-21 21:34:37
PIIND,2024-08-06 18:36:48
PIIND,2024-11-13 17:09:57
PIIND,2025-02-06 17:30:50
PILANIINVS,2021-02-11 17:10:43
PILANIINVS,2021-06-29 17:22:27
PILANIINVS,2021-08-11 16:31:35
PILANIINVS,2021-11-06 16:51:37
PILANIINVS,2022-02-09 16:54:54
PILANIINVS,2022-05-27 16:49:17
PILANIINVS,2023-02-10 22:49:29
PILANIINVS,2023-05-29 16:58:59
PILANIINVS,2023-08-09 12:50:38
PILANIINVS,2023-11-07 16:42:43
PILANIINVS,2024-02-13 16:52:39
PILANIINVS,2024-05-28 16:50:07
PILANIINVS,2024-08-12 12:47:36
PILANIINVS,2024-11-11 16:24:59
PILANIINVS,2025-02-05 17:08:12
PILITA,2021-01-23 11:09:22
PILITA,2021-05-03 15:06:18
PILITA,2021-07-09 16:10:50
PILITA,2021-10-22 15:17:18
PILITA,2022-01-21 16:14:25
PILITA,2022-05-21 15:42:07
PILITA,2023-01-20 16:33:09
PILITA,2023-05-03 16:44:09
PILITA,2023-07-25 16:41:08
PILITA,2023-10-20 16:47:42
PILITA,2024-01-20 15:32:10
PILITA,2024-05-09 16:21:25
PILITA,2024-07-25 16:37:54
PILITA,2024-10-25 16:42:05
PILITA,2025-01-23 16:37:40
PIONDIST,2021-01-21 18:23:33
PIONDIST,2021-05-07 17:12:06
PIONDIST,2021-05-07 17:15:22
PIONDIST,2021-07-20 16:40:10
PIONDIST,2021-07-20 20:12:54
PIONDIST,2021-10-22 18:09:36
PIONDIST,2022-01-21 18:08:42
PIONDIST,2022-05-19 22:53:22
PIONEEREMB,2021-02-02 19:12:32
PIONEEREMB,2021-05-18 22:15:44
PIONEEREMB,2021-05-20 14:41:58
PIONEEREMB,2021-08-03 12:18:21
PIONEEREMB,2021-11-01 13:03:08
PIONEEREMB,2021-11-01 13:21:13
PIONEEREMB,2021-11-02 16:38:00
PIONEEREMB,2022-01-28 17:16:38
PIONEEREMB,2022-05-27 14:07:09
PIONEEREMB,2023-02-11 12:55:53
PIONEEREMB,2023-02-13 15:08:54
PIONEEREMB,2023-05-25 15:48:41
PIONEEREMB,2023-08-10 12:51:13
PIONEEREMB,2023-08-11 13:35:23
PIONEEREMB,2023-11-10 13:23:49
PIONEEREMB,2024-02-02 14:00:05
PIONEEREMB,2024-02-03 13:07:13
PIONEEREMB,2024-05-27 14:37:27
PIONEEREMB,2024-08-12 13:32:53
PIONEEREMB,2024-11-12 13:12:24
PIONEEREMB,2025-02-06 14:31:30
PITTIENG,2021-02-10 18:06:28
PITTIENG,2021-06-18 13:40:51
PITTIENG,2021-08-05 17:03:48
PITTIENG,2021-11-08 15:35:43
PITTIENG,2022-02-11 17:01:02
PITTIENG,2022-05-23 17:48:11
PITTIENG,2023-02-14 18:08:13
PITTIENG,2023-05-29 17:57:35
PITTIENG,2023-08-14 18:04:09
PITTIENG,2023-11-09 18:06:21
PITTIENG,2024-02-09 17:59:36
PITTIENG,2024-05-15 17:30:58
PITTIENG,2024-08-14 17:22:07
PITTIENG,2024-11-13 18:10:35
PITTIENG,2025-02-13 18:04:24
PIXTRANS,2022-05-13 19:28:04
PIXTRANS,2023-02-10 16:43:27
PIXTRANS,2023-05-12 17:16:15
PIXTRANS,2023-08-11 16:26:34
PIXTRANS,2023-11-10 16:27:25
PIXTRANS,2024-02-09 16:48:32
PIXTRANS,2024-05-24 16:42:51
PIXTRANS,2024-08-09 16:43:27
PIXTRANS,2024-11-08 16:39:02
PIXTRANS,2025-02-14 16:42:55
PKTEA,2021-02-05 12:36:23
PKTEA,2021-06-11 12:37:24
PKTEA,2021-08-09 12:31:40
PKTEA,2021-11-12 14:01:14
PKTEA,2022-02-11 12:44:34
PKTEA,2022-05-28 14:04:18
PKTEA,2023-02-04 14:28:18
PKTEA,2023-05-17 12:46:22
PKTEA,2023-07-27 12:46:32
PKTEA,2023-11-09 13:14:48
PKTEA,2024-01-16 13:36:39
PKTEA,2024-05-14 14:00:32
PKTEA,2024-07-22 13:11:55
PKTEA,2024-11-05 13:13:45
PKTEA,2025-02-14 14:03:11
PLADAINFO,2023-10-25 18:00:29
PLADAINFO,2024-05-29 17:49:02
PLADAINFO,2024-10-24 16:47:15
PLASTIBLEN,2021-01-15 19:57:33
PLASTIBLEN,2021-05-20 23:00:55
PLASTIBLEN,2021-07-19 14:56:35
PLASTIBLEN,2021-10-13 19:16:20
PLASTIBLEN,2022-01-13 18:12:10
PLASTIBLEN,2022-05-03 19:38:13
PLASTIBLEN,2022-07-12 14:31:16
PLASTIBLEN,2023-01-12 15:22:14
PLASTIBLEN,2023-05-03 20:05:27
PLASTIBLEN,2023-07-11 16:27:39
PLASTIBLEN,2023-10-11 16:12:25
PLASTIBLEN,2024-01-11 16:01:47
PLASTIBLEN,2024-05-02 17:28:35
PLASTIBLEN,2024-07-13 16:17:55
PLASTIBLEN,2024-10-11 15:00:56
PLASTIBLEN,2025-01-16 16:11:13
PLATIND,2024-03-21 14:05:44
PLATIND,2024-05-14 16:58:53
PLATIND,2024-08-12 19:52:56
PLATIND,2024-11-13 18:16:44
PLATIND,2025-02-13 16:23:53
PLAZACABLE,2023-11-01 16:12:51
PLAZACABLE,2023-11-14 16:22:34
PLAZACABLE,2024-02-14 16:54:02
PLAZACABLE,2024-05-30 15:07:21
PLAZACABLE,2024-08-13 16:33:15
PLAZACABLE,2024-11-14 16:46:03
PLAZACABLE,2025-02-14 13:02:05
PNB,2021-02-05 18:38:32
PNB,2021-06-04 19:38:20
PNB,2021-08-02 17:21:09
PNB,2021-10-27 20:04:04
PNB,2021-10-27 20:19:01
PNB,2022-01-27 18:10:48
PNB,2022-05-11 20:13:24
PNB,2023-01-30 14:33:23
PNB,2023-05-19 14:58:57
PNB,2023-07-26 13:31:40
PNB,2023-10-26 13:43:46
PNB,2024-01-25 14:20:35
PNB,2024-05-09 13:45:07
PNB,2024-07-27 15:27:33
PNB,2024-10-28 13:46:23
PNB,2025-01-31 13:15:24
PNBGILTS,2021-02-04 16:02:03
PNBGILTS,2021-06-22 15:29:58
PNBGILTS,2021-08-10 18:36:46
PNBGILTS,2021-11-11 17:02:45
PNBGILTS,2022-01-21 18:27:13
PNBGILTS,2022-05-05 21:38:57
PNBGILTS,2023-01-23 16:46:00
PNBGILTS,2023-05-03 13:14:35
PNBGILTS,2023-07-21 18:43:35
PNBGILTS,2023-10-20 16:28:27
PNBGILTS,2024-01-24 18:04:49
PNBGILTS,2024-05-01 19:35:13
PNBGILTS,2024-07-24 19:59:57
PNBGILTS,2024-10-24 13:02:25
PNBGILTS,2025-01-28 20:32:01
PNBHOUSING,2021-01-27 15:55:20
PNBHOUSING,2021-04-27 20:33:29
PNBHOUSING,2021-08-04 14:33:54
PNBHOUSING,2021-11-02 17:36:16
PNBHOUSING,2022-01-20 17:40:29
PNBHOUSING,2022-04-28 17:49:49
PNBHOUSING,2023-01-24 14:58:08
PNBHOUSING,2023-05-18 16:05:02
PNBHOUSING,2023-07-24 14:05:54
PNBHOUSING,2023-10-23 16:03:47
PNBHOUSING,2024-01-24 15:47:40
PNBHOUSING,2024-04-29 15:17:41
PNBHOUSING,2024-07-25 14:46:34
PNBHOUSING,2024-10-24 18:32:29
PNBHOUSING,2025-01-21 18:15:46
PNC,2021-02-08 18:04:21
PNC,2021-06-30 21:34:55
PNC,2021-07-09 12:06:30
PNC,2021-08-11 18:14:33
PNC,2021-11-11 18:30:12
PNC,2022-01-27 17:20:44
PNC,2022-05-06 19:56:47
PNC,2023-02-10 17:52:47
PNC,2023-05-26 20:43:24
PNC,2023-08-08 18:33:02
PNC,2023-11-09 18:05:57
PNC,2024-02-13 17:40:33
PNC,2024-05-21 18:52:46
PNC,2024-08-06 17:49:22
PNC,2024-11-12 19:10:11
PNC,2025-02-07 19:17:08
PNCINFRA,2021-02-03 13:47:54
PNCINFRA,2021-06-25 14:11:26
PNCINFRA,2021-08-11 14:23:50
PNCINFRA,2021-11-13 13:55:07
PNCINFRA,2022-02-12 14:52:46
PNCINFRA,2022-05-28 16:17:34
PNCINFRA,2023-02-14 16:24:12
PNCINFRA,2023-05-26 16:27:57
PNCINFRA,2023-08-11 15:22:44
PNCINFRA,2023-10-31 15:14:14
PNCINFRA,2024-02-06 12:44:24
PNCINFRA,2024-05-24 15:13:28
PNCINFRA,2024-08-10 15:08:40
PNCINFRA,2024-11-12 15:42:49
PNCINFRA,2025-02-10 15:12:32
PNGJL,2024-10-05 17:55:42
PNGJL,2024-11-12 16:28:18
PNGJL,2025-02-12 16:56:43
POCHIRAJU,2021-02-12 18:00:24
POCL,2023-05-29 16:50:26
POCL,2023-08-11 16:21:08
POCL,2023-11-07 16:26:41
POCL,2024-02-06 13:41:43
POCL,2024-05-28 16:51:37
POCL,2024-07-22 16:42:11
POCL,2024-10-16 16:41:32
POCL,2025-01-24 14:16:54
PODDARHOUS,2021-02-11 18:49:14
PODDARHOUS,2021-06-10 18:50:35
PODDARHOUS,2021-08-13 14:30:39
PODDARHOUS,2021-11-13 17:20:25
PODDARHOUS,2022-02-14 17:50:49
PODDARHOUS,2022-05-30 22:52:55
PODDARHOUS,2023-02-14 18:41:43
PODDARHOUS,2023-10-23 22:50:52
PODDARHOUS,2023-10-26 14:35:06
PODDARHOUS,2023-11-28 18:12:12
PODDARHOUS,2023-12-12 18:22:28
PODDARHOUS,2024-01-30 19:07:21
PODDARHOUS,2024-02-01 11:41:41
PODDARMENT,2021-02-06 12:09:16
PODDARMENT,2021-06-26 15:53:09
PODDARMENT,2021-07-31 16:13:53
PODDARMENT,2021-11-08 15:13:16
PODDARMENT,2022-01-17 13:09:40
PODDARMENT,2022-05-26 16:43:54
PODDARMENT,2023-01-16 15:08:15
PODDARMENT,2023-05-29 15:22:38
PODDARMENT,2023-08-05 20:19:16
PODDARMENT,2023-11-06 13:57:52
PODDARMENT,2024-02-09 15:03:04
PODDARMENT,2024-05-19 16:55:04
PODDARMENT,2024-08-08 13:59:29
PODDARMENT,2024-11-04 13:34:09
PODDARMENT,2025-02-12 14:17:45
POKARNA,2021-02-13 14:32:20
POKARNA,2021-06-21 18:46:14
POKARNA,2021-06-22 13:44:18
POKARNA,2021-08-09 15:00:43
POKARNA,2021-11-01 15:31:37
POKARNA,2022-01-28 15:21:31
POKARNA,2022-05-21 16:20:29
POKARNA,2023-02-14 15:27:20
POKARNA,2023-05-25 18:14:45
POKARNA,2023-08-09 14:50:22
POKARNA,2023-11-08 16:58:36
POKARNA,2024-02-06 15:39:20
POKARNA,2024-05-16 17:04:13
POKARNA,2024-08-13 17:21:52
POKARNA,2024-11-12 18:17:03
POKARNA,2025-01-30 14:46:31
POLICYBZR,2022-02-08 17:44:30
POLICYBZR,2022-05-27 21:30:00
POLICYBZR,2023-02-10 16:56:51
POLICYBZR,2023-05-22 18:00:21
POLICYBZR,2023-08-07 19:19:16
POLICYBZR,2023-11-04 19:10:21
POLICYBZR,2024-01-30 16:58:38
POLICYBZR,2024-05-07 18:09:20
POLICYBZR,2024-08-06 18:40:24
POLICYBZR,2024-11-05 20:30:45
POLICYBZR,2025-01-30 17:43:05
POLYCAB,2021-01-23 14:12:37
POLYCAB,2021-05-13 19:10:08
POLYCAB,2021-05-13 19:11:57
POLYCAB,2021-07-21 13:58:05
POLYCAB,2021-10-22 13:48:45
POLYCAB,2022-01-21 12:53:34
POLYCAB,2022-05-10 14:05:03
POLYCAB,2023-01-19 14:57:02
POLYCAB,2023-05-12 14:29:00
POLYCAB,2023-07-18 13:09:30
POLYCAB,2023-10-18 14:05:52
POLYCAB,2024-01-18 15:04:58
POLYCAB,2024-05-10 11:44:42
POLYCAB,2024-07-18 14:19:18
POLYCAB,2024-10-17 16:32:21
POLYCAB,2025-01-22 13:19:07
POLYMED,2021-01-27 17:48:22
POLYMED,2021-05-24 14:50:40
POLYMED,2021-07-29 13:34:43
POLYMED,2021-11-01 12:55:12
POLYMED,2022-01-31 12:39:47
POLYMED,2022-05-24 14:05:32
POLYMED,2023-01-28 12:43:51
POLYMED,2023-05-09 12:58:44
POLYMED,2023-08-07 12:13:11
POLYMED,2023-11-04 13:41:27
POLYMED,2024-01-31 11:54:15
POLYMED,2024-05-17 13:54:00
POLYMED,2024-07-22 13:21:10
POLYMED,2024-10-28 14:18:53
POLYMED,2025-02-03 14:25:24
POLYPLEX,2021-02-09 21:43:48
POLYPLEX,2021-05-25 20:54:40
POLYPLEX,2021-08-14 13:24:28
POLYPLEX,2021-11-14 19:59:26
POLYPLEX,2022-02-14 20:03:57
POLYPLEX,2022-05-25 20:26:26
POLYPLEX,2023-02-13 21:08:33
POLYPLEX,2023-05-23 20:11:05
POLYPLEX,2023-08-10 18:42:19
POLYPLEX,2023-11-06 19:36:07
POLYPLEX,2024-02-14 18:43:51
POLYPLEX,2024-05-17 18:44:45
POLYPLEX,2024-08-14 21:08:32
POLYPLEX,2024-11-12 16:56:03
POLYPLEX,2025-02-14 19:38:49
POLYSIL,2024-03-08 19:16:14
POLYSIL,2024-06-01 20:22:30
POLYSIL,2024-12-04 17:34:23
PONNIERODE,2021-02-05 12:36:55
PONNIERODE,2021-05-07 14:15:41
PONNIERODE,2021-05-07 16:12:36
PONNIERODE,2021-07-19 14:44:08
PONNIERODE,2021-10-22 15:01:14
PONNIERODE,2022-01-21 13:32:57
PONNIERODE,2022-05-06 15:18:02
PONNIERODE,2023-01-27 14:44:48
PONNIERODE,2023-04-28 14:43:24
PONNIERODE,2023-07-21 14:37:31
PONNIERODE,2023-11-03 14:32:36
PONNIERODE,2024-01-19 14:07:16
PONNIERODE,2024-04-26 13:54:40
PONNIERODE,2024-07-19 13:12:38
PONNIERODE,2024-10-18 13:24:51
PONNIERODE,2025-01-17 13:51:06
POONAWALLA,2021-02-06 18:10:21
POONAWALLA,2021-05-31 16:32:06
POONAWALLA,2021-05-31 22:48:24
POONAWALLA,2021-08-14 15:27:49
POONAWALLA,2021-10-27 16:55:18
POONAWALLA,2022-02-01 19:43:07
POONAWALLA,2022-05-12 18:43:59
POONAWALLA,2023-01-23 15:58:22
POONAWALLA,2023-04-26 14:03:02
POONAWALLA,2023-07-24 13:41:41
POONAWALLA,2023-10-20 20:14:52
POONAWALLA,2024-01-18 15:32:51
POONAWALLA,2024-04-29 16:34:19
POONAWALLA,2024-07-20 17:20:44
POONAWALLA,2024-10-25 14:44:53
POONAWALLA,2025-01-31 16:19:21
POSITRON,2024-11-12 19:56:36
POWERFUL,2021-07-20 14:34:01
POWERFUL,2021-08-07 23:53:08
POWERFUL,2021-11-15 16:46:21
POWERFUL,2022-05-31 12:35:17
POWERGRID,2021-02-11 17:49:54
POWERGRID,2021-06-17 18:28:27
POWERGRID,2021-08-10 18:19:51
POWERGRID,2021-11-09 18:11:25
POWERGRID,2021-11-09 20:54:42
POWERGRID,2022-02-09 16:42:04
POWERGRID,2022-02-09 17:42:23
POWERGRID,2022-05-21 17:34:41
POWERGRID,2023-01-31 20:04:32
POWERGRID,2023-05-19 17:50:41
POWERGRID,2023-07-31 19:43:40
POWERGRID,2023-11-07 18:07:05
POWERGRID,2024-02-07 15:29:40
POWERGRID,2024-05-22 18:45:18
POWERGRID,2024-07-26 20:21:28
POWERGRID,2024-11-06 16:36:54
POWERGRID,2025-02-03 20:22:55
POWERINDIA,2021-02-26 14:18:14
POWERINDIA,2021-05-05 15:22:27
POWERINDIA,2021-07-23 16:29:33
POWERINDIA,2021-10-22 16:06:21
POWERINDIA,2021-10-22 19:45:26
POWERINDIA,2022-02-09 16:10:52
POWERINDIA,2022-05-27 16:07:14
POWERINDIA,2022-05-27 19:29:52
POWERINDIA,2023-02-06 16:01:56
POWERINDIA,2023-05-24 14:37:03
POWERINDIA,2023-07-25 15:25:05
POWERINDIA,2023-11-06 16:00:00
POWERINDIA,2024-01-23 21:05:39
POWERINDIA,2024-05-21 18:15:06
POWERINDIA,2024-07-24 16:46:29
POWERINDIA,2024-10-29 16:13:18
POWERINDIA,2025-01-29 16:46:28
POWERMECH,2021-02-12 14:32:17
POWERMECH,2021-06-17 15:02:36
POWERMECH,2021-08-07 13:19:29
POWERMECH,2021-11-11 14:38:09
POWERMECH,2022-01-28 13:03:51
POWERMECH,2022-05-21 16:54:34
POWERMECH,2023-02-07 14:24:38
POWERMECH,2023-05-26 14:25:18
POWERMECH,2023-08-09 14:37:41
POWERMECH,2023-11-11 14:04:12
POWERMECH,2024-02-13 15:04:20
POWERMECH,2024-05-20 17:03:22
POWERMECH,2024-08-12 15:47:27
POWERMECH,2024-11-11 15:48:01
POWERMECH,2025-02-10 15:17:40
PPAP,2021-02-09 13:51:35
PPAP,2021-05-10 15:30:16
PPAP,2021-08-06 14:55:34
PPAP,2021-11-12 15:20:47
PPAP,2022-02-11 15:11:50
PPAP,2022-05-13 15:43:05
PPAP,2023-02-04 15:14:18
PPAP,2023-05-19 15:39:38
PPAP,2023-08-12 16:39:14
PPAP,2023-11-09 17:02:12
PPAP,2024-02-10 15:39:16
PPAP,2024-05-18 18:16:40
PPAP,2024-08-10 16:02:46
PPAP,2024-11-08 15:53:42
PPAP,2025-02-07 15:57:37
PPL,2021-02-08 12:56:31
PPL,2021-05-17 14:14:43
PPL,2021-07-30 11:19:38
PPL,2021-10-29 13:01:38
PPL,2022-02-11 13:03:46
PPL,2022-05-09 14:35:52
PPL,2023-05-23 13:28:17
PPL,2023-08-08 13:06:27
PPL,2023-11-09 12:36:58
PPL,2024-02-13 12:43:02
PPL,2024-05-24 13:50:57
PPL,2024-08-14 13:14:17
PPL,2024-11-14 15:34:42
PPL,2025-02-10 12:10:00
PPLPHARMA,2023-02-08 21:05:30
PPLPHARMA,2023-05-24 21:49:12
PPLPHARMA,2023-08-03 21:14:59
PPLPHARMA,2023-10-27 22:13:20
PPLPHARMA,2024-01-30 20:47:07
PPLPHARMA,2024-05-10 20:27:08
PPLPHARMA,2024-07-26 12:35:21
PPLPHARMA,2024-10-23 20:05:34
PPLPHARMA,2025-01-28 20:41:19
PPSL,2024-10-21 20:42:22
PRABHA,2025-03-21 11:24:09
PRABHAT,2021-02-13 13:31:37
PRADIP,2021-02-12 19:03:55
PRADIP,2021-06-30 19:32:55
PRADIP,2021-08-14 19:48:31
PRADIP,2021-11-13 19:02:22
PRADIP,2022-02-14 19:09:23
PRAENG,2021-02-13 16:45:36
PRAENG,2021-06-29 16:52:38
PRAENG,2021-08-14 16:39:54
PRAENG,2021-11-12 17:27:50
PRAENG,2022-02-11 17:10:32
PRAENG,2022-05-27 17:11:26
PRAENG,2023-02-11 18:27:43
PRAENG,2023-05-27 16:34:36
PRAENG,2023-08-11 16:21:13
PRAENG,2023-11-11 16:15:39
PRAENG,2024-02-12 16:13:41
PRAENG,2024-05-28 17:22:24
PRAENG,2024-08-07 17:28:37
PRAENG,2024-11-09 13:30:38
PRAENG,2025-02-13 17:25:47
PRAJIND,2021-02-04 14:36:02
PRAJIND,2021-05-06 16:11:59
PRAJIND,2021-08-11 15:18:13
PRAJIND,2021-10-27 15:19:22
PRAJIND,2022-02-08 16:00:01
PRAJIND,2022-05-25 16:44:42
PRAJIND,2023-02-03 16:35:34
PRAJIND,2023-05-25 16:08:43
PRAJIND,2023-07-26 14:45:06
PRAJIND,2023-10-31 14:38:45
PRAJIND,2024-02-01 14:50:42
PRAJIND,2024-05-30 15:29:03
PRAJIND,2024-07-25 15:57:36
PRAJIND,2024-10-25 17:47:27
PRAJIND,2025-01-30 16:00:34
PRAKASH,2021-02-08 14:27:56
PRAKASH,2021-05-31 14:32:45
PRAKASH,2021-08-06 12:50:00
PRAKASH,2021-10-25 12:57:06
PRAKASH,2022-02-04 13:11:05
PRAKASH,2022-05-03 14:28:23
PRAKASH,2023-02-07 13:21:59
PRAKASH,2023-05-16 13:47:20
PRAKASH,2023-07-31 12:27:07
PRAKASH,2023-11-07 12:58:29
PRAKASH,2024-02-09 13:38:05
PRAKASH,2024-05-17 13:48:55
PRAKASH,2024-08-12 14:08:55
PRAKASH,2024-11-14 14:01:45
PRAKASH,2025-02-08 14:25:39
PRAKASHSTL,2021-02-12 14:39:38
PRAKASHSTL,2021-08-12 15:28:28
PRAKASHSTL,2021-11-12 17:55:30
PRAKASHSTL,2022-02-14 15:35:19
PRAKASHSTL,2022-02-14 17:58:37
PRAKASHSTL,2022-05-27 15:32:04
PRAKASHSTL,2023-02-14 16:16:32
PRAKASHSTL,2023-05-26 15:18:25
PRAKASHSTL,2023-08-10 14:10:34
PRAKASHSTL,2023-11-07 17:24:51
PRAKASHSTL,2024-02-13 15:06:22
PRAKASHSTL,2024-05-28 14:48:17
PRAKASHSTL,2024-08-13 20:33:33
PRAKASHSTL,2024-11-13 15:03:09
PRAKASHSTL,2025-02-10 16:52:24
PRAMARA,2023-11-09 19:56:39
PRAMARA,2023-11-09 19:59:51
PRAMARA,2024-05-30 20:13:51
PRAMARA,2024-11-13 20:07:48
PRANIK,2024-11-13 14:45:09
PRANIK,2025-02-15 15:15:53
PRATHAM,2024-05-31 00:19:58
PRATHAM,2024-11-13 14:47:50
PRAXIS,2021-01-29 20:15:54
PRAXIS,2021-06-30 12:11:31
PRAXIS,2021-08-09 10:48:54
PRAXIS,2021-10-27 12:00:53
PRAXIS,2021-10-27 18:20:57
PRAXIS,2022-01-27 15:33:10
PRAXIS,2022-01-27 17:58:02
PRAXIS,2022-05-14 12:21:35
PRAXIS,2023-02-06 12:53:34
PRAXIS,2023-05-27 17:37:50
PRAXIS,2023-08-07 13:04:40
PRAXIS,2023-11-03 17:56:22
PRAXIS,2024-02-06 17:50:54
PRAXIS,2024-05-23 17:29:02
PRAXIS,2024-08-12 19:36:25
PRAXIS,2024-11-11 12:26:06
PRAXIS,2025-02-12 18:16:23
PRECAM,2021-02-10 15:11:56
PRECAM,2021-05-25 16:15:02
PRECAM,2021-08-10 16:20:35
PRECAM,2021-11-12 17:09:05
PRECAM,2022-02-11 14:52:21
PRECAM,2022-05-26 16:22:58
PRECAM,2023-02-10 18:43:16
PRECAM,2023-05-26 16:43:39
PRECAM,2023-08-10 16:59:22
PRECAM,2023-11-09 15:22:43
PRECAM,2024-02-08 15:16:28
PRECAM,2024-05-23 15:39:14
PRECAM,2024-08-09 13:40:39
PRECAM,2024-11-14 15:28:39
PRECAM,2025-02-12 17:52:25
PRECISION,2022-05-29 11:11:13
PRECISION,2023-05-29 17:33:53
PRECISION,2023-11-14 14:18:09
PRECISION,2024-05-28 17:03:46
PRECISION,2024-11-13 16:32:17
PRECOT,2021-02-10 10:51:10
PRECOT,2021-06-10 12:30:18
PRECOT,2021-08-13 11:43:30
PRECOT,2021-11-12 16:52:15
PRECOT,2022-02-09 12:28:57
PRECOT,2022-05-25 13:47:31
PRECOT,2023-02-13 11:30:59
PRECOT,2023-05-26 17:21:32
PRECOT,2023-08-10 13:35:57
PRECOT,2023-11-10 12:44:55
PRECOT,2024-02-12 12:22:16
PRECOT,2024-05-23 13:23:05
PRECOT,2024-08-14 11:27:41
PRECOT,2024-11-12 12:40:56
PRECOT,2025-02-12 11:52:34
PRECWIRE,2021-02-11 12:38:24
PRECWIRE,2021-02-11 12:44:41
PRECWIRE,2021-06-23 13:45:32
PRECWIRE,2021-06-23 14:01:18
PRECWIRE,2021-08-14 12:59:00
PRECWIRE,2021-11-03 13:06:31
PRECWIRE,2021-11-03 13:14:37
PRECWIRE,2022-02-07 13:13:50
PRECWIRE,2022-05-27 13:18:03
PRECWIRE,2023-02-11 13:04:11
PRECWIRE,2023-05-27 18:04:37
PRECWIRE,2023-08-10 13:22:09
PRECWIRE,2023-11-08 12:59:02
PRECWIRE,2024-02-08 13:48:46
PRECWIRE,2024-05-18 14:08:49
PRECWIRE,2024-08-10 15:13:29
PRECWIRE,2024-11-11 13:26:19
PRECWIRE,2025-02-12 16:38:12
PREMEXPLN,2021-02-08 14:18:45
PREMEXPLN,2021-06-28 16:34:05
PREMEXPLN,2021-07-29 18:14:49
PREMEXPLN,2021-10-28 15:55:42
PREMEXPLN,2022-02-14 15:27:42
PREMEXPLN,2022-05-26 16:20:55
PREMEXPLN,2023-02-10 15:39:01
PREMEXPLN,2023-05-16 17:16:24
PREMEXPLN,2023-07-19 14:28:39
PREMEXPLN,2023-10-30 14:01:50
PREMEXPLN,2024-01-24 13:49:37
PREMEXPLN,2024-05-30 15:06:23
PREMEXPLN,2024-07-18 14:51:34
PREMEXPLN,2024-11-11 15:51:27
PREMEXPLN,2025-02-12 15:50:58
PREMIER,2021-02-13 15:18:24
PREMIER,2021-06-30 20:13:42
PREMIER,2021-08-13 16:13:07
PREMIER,2021-11-10 16:50:17
PREMIER,2022-02-14 14:09:20
PREMIER,2022-05-30 20:11:55
PREMIER,2023-02-14 19:08:57
PREMIER,2023-05-30 19:46:39
PREMIER,2023-08-14 17:37:56
PREMIER,2023-11-06 19:03:05
PREMIER,2024-02-09 18:31:35
PREMIER,2024-05-24 19:36:13
PREMIER,2024-08-13 14:54:08
PREMIER,2024-11-14 16:54:11
PREMIER,2025-02-12 18:15:06
PREMIERENE,2024-11-08 17:02:30
PREMIERENE,2025-02-03 17:05:30
PREMIERPOL,2021-02-09 13:37:39
PREMIERPOL,2021-02-09 13:53:02
PREMIERPOL,2021-06-29 16:00:24
PREMIERPOL,2021-06-29 16:10:31
PREMIERPOL,2021-07-22 14:04:23
PREMIERPOL,2021-07-22 14:08:08
PREMIERPOL,2021-11-14 16:53:41
PREMIERPOL,2021-11-14 16:55:47
PREMIERPOL,2021-11-14 16:58:38
PREMIERPOL,2022-02-11 14:46:22
PREMIERPOL,2022-02-11 14:52:22
PREMIERPOL,2022-02-11 14:52:26
PREMIERPOL,2022-05-09 15:00:51
PREMIERPOL,2023-01-27 15:04:04
PREMIERPOL,2023-05-22 18:16:35
PREMIERPOL,2023-07-04 13:49:25
PREMIERPOL,2023-11-06 12:49:48
PREMIERPOL,2024-01-25 13:05:07
PREMIERPOL,2024-05-17 16:43:03
PREMIERPOL,2024-08-02 12:57:29
PREMIERPOL,2024-10-14 14:20:45
PREMIERPOL,2025-01-27 15:41:28
PREMIUM,2025-01-31 19:14:47
PRESSMN,2021-01-28 14:32:00
PRESSMN,2021-06-03 13:43:42
PRESSMN,2021-08-10 12:34:38
PRESSMN,2021-11-10 14:26:49
PRESSMN,2022-02-03 12:04:09
PRESSMN,2022-05-05 14:42:26
PRESSMN,2023-02-13 15:46:00
PRESSMN,2023-05-30 16:55:37
PRESSMN,2023-08-09 14:44:44
PRESSTONIC,2024-05-13 17:39:16
PRESSTONIC,2024-11-12 17:27:34
PRESTIGE,2021-02-11 18:18:49
PRESTIGE,2021-06-08 21:48:34
PRESTIGE,2021-08-10 18:13:25
PRESTIGE,2021-11-11 22:41:17
PRESTIGE,2022-02-09 18:53:59
PRESTIGE,2022-05-26 23:31:19
PRESTIGE,2023-02-14 17:55:59
PRESTIGE,2023-05-30 21:24:52
PRESTIGE,2023-08-08 18:44:11
PRESTIGE,2023-11-07 19:38:33
PRESTIGE,2024-02-13 19:07:15
PRESTIGE,2024-05-28 22:58:53
PRESTIGE,2024-07-31 19:01:15
PRESTIGE,2024-10-29 19:58:08
PRESTIGE,2025-01-30 19:44:57
PRICOLLTD,2021-02-10 19:00:02
PRICOLLTD,2021-05-26 18:13:23
PRICOLLTD,2021-08-10 17:02:12
PRICOLLTD,2021-11-08 16:54:05
PRICOLLTD,2022-02-09 17:21:44
PRICOLLTD,2022-05-23 18:25:40
PRICOLLTD,2023-02-08 17:52:09
PRICOLLTD,2023-05-10 16:27:03
PRICOLLTD,2023-08-02 17:40:29
PRICOLLTD,2023-11-08 17:14:11
PRICOLLTD,2024-02-01 17:32:42
PRICOLLTD,2024-05-15 17:50:55
PRICOLLTD,2024-07-31 17:10:38
PRICOLLTD,2024-11-06 17:46:40
PRICOLLTD,2025-01-30 16:16:47
PRIMESECU,2021-02-04 19:18:26
PRIMESECU,2021-06-24 20:19:24
PRIMESECU,2021-07-23 13:50:34
PRIMESECU,2021-11-09 14:35:43
PRIMESECU,2022-01-28 20:24:49
PRIMESECU,2022-05-24 19:42:13
PRIMESECU,2023-01-31 19:32:01
PRIMESECU,2023-04-21 21:24:36
PRIMESECU,2023-08-08 18:38:52
PRIMESECU,2023-10-30 19:28:59
PRIMESECU,2024-01-19 14:45:46
PRIMESECU,2024-04-25 17:19:24
PRIMESECU,2024-07-24 19:17:20
PRIMESECU,2024-10-22 19:14:03
PRIMESECU,2025-01-21 12:58:40
PRINCEPIPE,2021-02-03 17:34:11
PRINCEPIPE,2021-05-12 17:51:58
PRINCEPIPE,2021-08-05 17:59:56
PRINCEPIPE,2021-11-02 17:04:25
PRINCEPIPE,2022-02-03 15:59:35
PRINCEPIPE,2022-05-20 11:22:31
PRINCEPIPE,2023-02-07 15:58:29
PRINCEPIPE,2023-05-25 17:30:24
PRINCEPIPE,2023-08-10 16:37:34
PRINCEPIPE,2023-11-07 17:00:55
PRINCEPIPE,2024-02-05 18:57:19
PRINCEPIPE,2024-05-16 17:56:05
PRINCEPIPE,2024-08-01 14:33:53
PRINCEPIPE,2024-11-07 13:50:18
PRINCEPIPE,2025-02-11 14:45:16
PRITI,2021-06-30 17:10:31
PRITI,2021-06-30 17:10:31
PRITI,2021-06-30 17:14:08
PRITI,2021-11-13 17:10:14
PRITI,2022-05-28 17:06:40
PRITI,2023-02-11 16:12:33
PRITI,2023-05-25 12:18:36
PRITI,2023-08-12 16:03:43
PRITI,2023-11-06 13:13:17
PRITI,2024-02-09 11:51:36
PRITI,2024-05-27 16:11:19
PRITI,2024-08-12 16:40:08
PRITI,2024-11-14 17:49:56
PRITI,2025-02-14 16:40:54
PRITIKA,2023-05-16 18:00:31
PRITIKA,2023-08-08 13:41:58
PRITIKA,2023-11-07 14:26:56
PRITIKA,2024-01-30 15:44:53
PRITIKA,2024-05-21 14:35:04
PRITIKA,2024-08-03 17:12:33
PRITIKA,2024-11-07 12:24:13
PRITIKA,2024-11-07 16:14:05
PRITIKA,2025-02-10 12:58:27
PRITIKAUTO,2021-08-14 15:53:44
PRITIKAUTO,2021-11-11 15:49:09
PRITIKAUTO,2022-02-12 14:33:26
PRITIKAUTO,2022-05-07 14:20:15
PRITIKAUTO,2023-01-30 17:11:35
PRITIKAUTO,2023-05-20 16:16:08
PRITIKAUTO,2023-08-14 12:25:10
PRITIKAUTO,2023-11-08 13:39:22
PRITIKAUTO,2024-02-10 14:54:21
PRITIKAUTO,2024-05-23 14:42:48
PRITIKAUTO,2024-08-09 17:06:59
PRITIKAUTO,2024-11-12 17:54:19
PRITIKAUTO,2025-02-12 13:36:52
PRIVISCL,2021-02-05 14:48:57
PRIVISCL,2021-02-05 17:22:30
PRIVISCL,2021-05-14 18:36:34
PRIVISCL,2021-07-29 14:25:25
PRIVISCL,2021-07-29 17:07:36
PRIVISCL,2021-11-01 14:18:29
PRIVISCL,2021-11-01 14:28:00
PRIVISCL,2022-01-27 14:38:25
PRIVISCL,2022-05-05 18:27:07
PRIVISCL,2023-02-02 17:24:46
PRIVISCL,2023-05-29 16:50:36
PRIVISCL,2023-08-03 14:15:29
PRIVISCL,2023-11-06 14:16:36
PRIVISCL,2024-01-25 15:10:39
PRIVISCL,2024-05-02 15:34:07
PRIVISCL,2024-07-29 13:35:39
PRIVISCL,2024-10-24 14:02:35
PRIVISCL,2025-02-12 15:21:01
PRIZOR,2024-11-13 15:41:54
PRLIND,2024-06-07 14:58:52
PRLIND,2024-11-12 18:18:35
PROLIFE,2021-06-30 17:03:20
PROLIFE,2021-11-12 13:17:28
PROLIFE,2022-05-27 16:31:32
PROLIFE,2023-05-30 15:19:51
PROLIFE,2023-11-03 15:56:17
PROLIFE,2024-05-29 15:27:56
PROLIFE,2024-11-14 15:17:31
PROPEQUITY,2022-05-09 17:46:13
PROPEQUITY,2023-05-29 17:50:39
PROPEQUITY,2023-05-29 17:53:41
PROPEQUITY,2023-11-01 14:54:30
PROPEQUITY,2024-05-10 14:37:25
PROPEQUITY,2024-11-08 15:13:09
PROSEED,2021-02-13 17:16:05
PROV,2023-08-23 18:58:45
PROV,2023-08-23 19:00:27
PROV,2023-11-01 16:23:32
PROV,2024-05-24 18:46:11
PROV,2024-11-06 19:09:56
PROZONER,2021-02-12 18:01:58
PROZONER,2021-06-15 17:17:22
PROZONER,2021-06-22 22:24:55
PROZONER,2021-08-13 16:19:33
PROZONER,2021-11-11 18:18:09
PROZONER,2022-02-11 19:09:18
PROZONER,2022-05-28 14:56:30
PROZONER,2023-02-14 17:43:01
PROZONER,2023-05-30 19:31:40
PROZONER,2023-08-11 19:09:28
PROZONER,2023-11-10 16:52:33
PROZONER,2024-02-14 18:00:27
PROZONER,2024-05-28 16:32:58
PROZONER,2024-08-13 19:45:00
PROZONER,2024-11-14 18:03:22
PROZONER,2025-02-11 16:18:09
PRSMJOHNSN,2021-01-28 11:04:05
PRSMJOHNSN,2021-05-19 11:20:53
PRSMJOHNSN,2021-07-29 10:49:20
PRSMJOHNSN,2021-10-28 10:52:35
PRSMJOHNSN,2022-02-01 10:45:28
PRSMJOHNSN,2022-05-11 11:50:21
PRSMJOHNSN,2023-02-01 11:38:43
PRSMJOHNSN,2023-05-10 11:55:33
PRSMJOHNSN,2023-08-02 11:57:17
PRSMJOHNSN,2023-11-03 12:20:10
PRSMJOHNSN,2024-02-01 12:21:57
PRSMJOHNSN,2024-05-16 14:05:00
PRSMJOHNSN,2024-08-09 12:14:14
PRSMJOHNSN,2024-11-13 12:28:04
PRSMJOHNSN,2025-02-06 12:53:28
PRUDENT,2022-05-30 20:19:10
PRUDENT,2023-01-23 18:11:05
PRUDENT,2023-05-24 19:37:31
PRUDENT,2023-07-25 15:09:14
PRUDENT,2023-10-26 17:36:04
PRUDENT,2024-01-25 13:17:39
PRUDENT,2024-05-06 19:46:32
PRUDENT,2024-08-08 18:19:55
PRUDENT,2024-10-30 15:37:44
PRUDENT,2025-01-27 17:47:02
PRUDMOULI,2021-02-16 12:22:07
PRUDMOULI,2021-06-30 15:02:01
PRUDMOULI,2021-08-13 19:15:07
PRUDMOULI,2021-11-15 16:24:54
PRUDMOULI,2022-02-14 16:32:08
PRUDMOULI,2022-05-30 21:07:33
PRUDMOULI,2023-02-14 17:36:52
PRUDMOULI,2023-05-30 22:01:01
PRUDMOULI,2023-08-14 18:50:55
PRUDMOULI,2023-11-14 19:59:57
PRUDMOULI,2024-02-14 16:56:19
PRUDMOULI,2024-05-30 20:11:48
PRUDMOULI,2024-08-14 19:00:53
PRUDMOULI,2024-11-14 18:33:54
PRUDMOULI,2025-02-10 18:20:47
PSB,2021-02-06 17:03:50
PSB,2021-02-06 17:51:38
PSB,2021-05-22 17:24:00
PSB,2021-05-24 10:21:50
PSB,2021-07-29 14:03:06
PSB,2021-11-01 13:49:14
PSB,2022-02-07 14:02:54
PSB,2022-05-19 14:47:17
PSB,2023-01-21 15:50:45
PSB,2023-05-02 15:27:27
PSB,2023-08-05 14:50:57
PSB,2023-11-03 19:01:31
PSB,2024-01-31 18:11:15
PSB,2024-05-10 19:42:53
PSB,2024-07-26 16:20:27
PSB,2024-10-19 19:04:52
PSB,2025-01-15 18:19:02
PSFL,2024-11-14 20:18:19
PSPPROJECT,2021-01-27 12:29:06
PSPPROJECT,2021-06-18 13:51:49
PSPPROJECT,2021-07-19 13:24:34
PSPPROJECT,2021-10-27 13:24:05
PSPPROJECT,2022-01-27 12:55:57
PSPPROJECT,2022-05-27 13:11:59
PSPPROJECT,2023-01-18 12:55:24
PSPPROJECT,2023-05-18 13:25:59
PSPPROJECT,2023-07-27 13:09:41
PSPPROJECT,2023-11-02 11:22:18
PSPPROJECT,2024-02-09 12:50:06
PSPPROJECT,2024-05-24 13:13:27
PSPPROJECT,2024-08-02 12:24:26
PSPPROJECT,2024-10-25 14:12:41
PSPPROJECT,2025-02-07 13:17:12
PTC,2021-02-12 20:28:17
PTC,2021-06-24 19:25:47
PTC,2021-08-11 18:22:05
PTC,2021-11-11 19:14:58
PTC,2022-05-31 21:50:37
PTC,2022-07-05 19:59:13
PTC,2023-02-13 21:13:18
PTC,2023-05-27 16:16:25
PTC,2023-08-12 15:10:12
PTC,2023-11-10 18:39:36
PTC,2024-02-14 19:21:22
PTC,2024-06-07 20:39:17
PTC,2024-08-13 18:13:35
PTC,2024-11-12 19:03:07
PTC,2025-02-12 18:18:37
PTCIL,2023-08-12 18:48:50
PTCIL,2023-11-10 17:09:44
PTCIL,2024-02-13 18:02:55
PTCIL,2024-05-28 20:06:11
PTCIL,2024-07-30 19:01:07
PTCIL,2024-11-14 17:43:04
PTCIL,2025-02-14 20:30:38
PTL,2021-02-03 16:05:21
PTL,2021-02-04 10:30:37
PTL,2021-05-12 15:27:56
PTL,2021-08-04 15:11:15
PTL,2021-10-29 15:20:13
PTL,2022-02-02 16:33:19
PTL,2022-05-12 15:36:47
PTL,2023-02-02 12:58:56
PTL,2023-05-05 17:15:34
PTL,2023-08-10 15:18:25
PTL,2023-11-07 16:20:08
PTL,2024-02-07 16:13:26
PTL,2024-05-14 12:28:04
PTL,2024-08-07 15:55:45
PTL,2024-11-13 16:16:59
PTL,2025-02-06 12:19:03
PULZ,2021-06-28 21:34:44
PULZ,2021-11-02 18:15:35
PULZ,2022-05-31 16:40:37
PULZ,2023-05-25 18:02:31
PULZ,2023-11-04 19:41:47
PULZ,2024-05-30 20:42:54
PULZ,2024-11-14 21:51:58
PUNJABCHEM,2021-01-28 13:31:38
PUNJABCHEM,2021-05-27 16:39:48
PUNJABCHEM,2021-08-11 16:55:30
PUNJABCHEM,2021-10-29 14:08:35
PUNJABCHEM,2022-01-27 13:42:52
PUNJABCHEM,2022-05-05 14:17:14
PUNJABCHEM,2023-01-24 12:03:01
PUNJABCHEM,2023-05-04 14:17:31
PUNJABCHEM,2023-08-03 18:04:20
PUNJABCHEM,2023-10-26 13:00:37
PUNJABCHEM,2024-02-06 13:01:04
PUNJABCHEM,2024-05-06 14:18:30
PUNJABCHEM,2024-08-01 17:18:34
PUNJABCHEM,2024-10-28 13:28:58
PUNJABCHEM,2025-01-28 14:18:07
PURVA,2021-02-11 17:22:00
PURVA,2021-08-13 13:48:29
PURVA,2021-11-12 16:26:12
PURVA,2022-02-11 15:51:50
PURVA,2022-05-27 17:31:41
PURVA,2023-02-10 15:47:58
PURVA,2023-05-26 15:52:29
PURVA,2023-08-11 17:36:15
PURVA,2023-11-14 16:24:23
PURVA,2024-01-23 16:41:57
PURVA,2024-05-23 17:32:09
PURVA,2024-07-31 17:56:22
PURVA,2024-11-08 16:31:30
PURVA,2025-02-14 16:23:22
PURVFLEXI,2024-05-30 16:34:06
PURVFLEXI,2024-11-14 16:52:54
PVP,2021-02-10 14:01:49
PVP,2021-06-14 21:05:59
PVP,2021-06-22 22:44:06
PVP,2021-08-11 16:59:25
PVP,2021-09-15 12:33:39
PVP,2021-11-11 19:04:41
PVP,2022-02-11 14:44:08
PVP,2022-05-25 20:05:57
PVP,2023-02-13 18:16:23
PVP,2023-05-23 20:33:38
PVP,2023-08-02 18:51:40
PVP,2023-11-08 16:56:42
PVP,2024-02-13 19:49:05
PVP,2024-05-28 20:08:58
PVP,2024-08-12 18:41:01
PVP,2024-11-12 19:40:07
PVP,2025-02-14 19:30:28
PVRINOX,2021-01-15 14:16:42
PVRINOX,2021-06-02 14:58:27
PVRINOX,2021-07-29 14:43:05
PVRINOX,2021-10-22 13:22:42
PVRINOX,2022-01-21 13:29:22
PVRINOX,2022-05-09 17:27:07
PVRINOX,2023-01-19 15:36:20
PVRINOX,2023-05-15 18:06:37
PVRINOX,2023-08-01 14:19:39
PVRINOX,2023-10-19 12:40:19
PVRINOX,2024-01-31 14:16:46
PVRINOX,2024-05-14 13:19:58
PVRINOX,2024-07-19 19:20:35
PVRINOX,2024-10-15 13:09:43
PVRINOX,2025-02-06 13:50:50
PVSL,2024-04-08 13:59:41
PVSL,2024-05-28 20:23:00
PVSL,2024-05-28 20:32:01
PVSL,2024-08-13 18:33:25
PVSL,2024-11-13 18:11:54
PVSL,2025-02-12 14:38:24
PYRAMID,2023-09-15 12:48:02
PYRAMID,2023-11-08 13:12:25
PYRAMID,2024-02-08 13:24:09
PYRAMID,2024-05-22 13:55:42
PYRAMID,2024-08-09 13:25:58
PYRAMID,2024-11-12 16:48:36
PYRAMID,2025-02-03 17:44:51
QFIL,2023-05-23 14:03:27
QFIL,2023-11-04 13:28:44
QFIL,2024-05-22 15:23:00
QFIL,2024-10-28 12:01:03
QFIL,2024-10-28 14:30:47
QMSMEDI,2023-05-26 16:52:18
QMSMEDI,2023-08-09 15:53:49
QMSMEDI,2023-11-13 14:37:55
QMSMEDI,2024-02-13 16:39:25
QMSMEDI,2024-05-23 16:37:22
QMSMEDI,2024-08-13 18:12:16
QMSMEDI,2024-11-14 16:36:33
QMSMEDI,2025-02-14 18:09:32
QPOWER,2025-03-15 16:49:26
QUADFUTURE,2025-02-13 19:34:44
QUADPRO,2021-11-13 16:31:26
QUADPRO,2022-05-21 10:00:54
QUADPRO,2023-05-28 11:28:28
QUADPRO,2023-11-11 11:29:25
QUADPRO,2024-05-28 16:25:41
QUADPRO,2024-11-14 16:41:48
QUESS,2021-01-27 21:33:09
QUESS,2021-06-03 21:18:22
QUESS,2021-08-05 19:14:10
QUESS,2021-11-13 20:57:42
QUESS,2022-02-10 20:02:17
QUESS,2022-05-26 23:07:15
QUESS,2023-02-03 21:58:05
QUESS,2023-05-17 23:00:45
QUESS,2023-08-02 20:59:22
QUESS,2023-11-06 21:49:11
QUESS,2024-02-02 22:07:02
QUESS,2024-05-09 22:12:31
QUESS,2024-07-29 20:18:39
QUESS,2024-10-28 21:35:27
QUESS,2025-01-29 21:26:16
QUESTLAB,2024-05-30 18:29:33
QUESTLAB,2024-11-14 14:00:31
QUESTLAB,2024-11-15 13:08:52
QUICKHEAL,2021-02-03 18:12:29
QUICKHEAL,2021-05-15 18:43:01
QUICKHEAL,2021-08-07 17:54:24
QUICKHEAL,2021-10-25 19:15:41
QUICKHEAL,2022-01-24 17:07:44
QUICKHEAL,2022-05-05 19:23:10
QUICKHEAL,2023-01-24 19:44:47
QUICKHEAL,2023-01-24 19:47:58
QUICKHEAL,2023-04-17 19:48:27
QUICKHEAL,2023-07-20 19:58:38
QUICKHEAL,2023-10-26 20:43:26
QUICKHEAL,2024-01-24 19:45:09
QUICKHEAL,2024-04-25 22:58:23
QUICKHEAL,2024-07-26 20:56:36
QUICKHEAL,2024-10-17 20:46:29
QUICKHEAL,2025-02-04 21:16:35
QUICKTOUCH,2023-05-30 23:11:16
QUICKTOUCH,2023-10-27 19:16:55
QUICKTOUCH,2024-05-29 19:28:27
QUICKTOUCH,2024-12-03 17:54:36
QUINTEGRA,2021-02-10 15:48:15
QUINTEGRA,2021-06-29 16:40:34
QUINTEGRA,2021-08-11 15:41:26
QUINTEGRA,2021-11-09 15:30:17
QUINTEGRA,2022-02-11 16:06:14
QUINTEGRA,2022-05-25 11:55:06
QUINTEGRA,2023-02-09 12:34:45
QUINTEGRA,2023-05-29 13:02:19
QUINTEGRA,2023-08-02 14:37:06
QUINTEGRA,2023-11-08 14:40:14
QUINTEGRA,2024-02-13 13:30:15
QUINTEGRA,2024-05-29 13:59:34
QUINTEGRA,2024-08-07 14:57:29
QUINTEGRA,2024-11-13 14:52:52
QUINTEGRA,2025-02-11 12:51:40
QVCEL,2024-11-14 23:59:21
RACE,2023-05-29 20:54:39
RACE,2023-05-30 13:01:24
RACE,2023-08-12 16:36:36
RACE,2023-11-06 20:03:14
RACE,2024-02-12 18:48:23
RACE,2024-05-28 15:48:37
RACE,2024-08-13 16:55:05
RACE,2024-11-12 15:21:56
RACE,2025-02-11 16:52:05
RACLGEAR,2025-01-31 16:27:40
RADAAN,2021-02-14 19:41:59
RADAAN,2021-06-30 22:38:07
RADAAN,2021-08-14 15:25:21
RADAAN,2021-11-13 19:47:00
RADAAN,2021-11-15 15:38:31
RADAAN,2022-02-12 20:10:48
RADAAN,2022-05-30 22:18:53
RADAAN,2023-02-14 21:51:24
RADAAN,2023-05-30 14:21:00
RADAAN,2023-08-15 15:26:11
RADAAN,2023-08-15 15:28:08
RADAAN,2023-11-14 19:39:23
RADAAN,2024-02-14 19:47:19
RADAAN,2024-05-25 17:00:49
RADAAN,2024-08-14 18:25:34
RADAAN,2024-11-14 18:16:04
RADAAN,2025-02-14 19:23:11
RADHIKAJWE,2023-01-31 13:08:25
RADHIKAJWE,2023-05-29 14:49:25
RADHIKAJWE,2023-08-14 13:21:56
RADHIKAJWE,2023-11-09 16:13:36
RADHIKAJWE,2024-02-12 14:20:28
RADHIKAJWE,2024-05-30 15:50:21
RADHIKAJWE,2024-08-13 17:11:12
RADHIKAJWE,2024-10-28 14:25:47
RADHIKAJWE,2025-01-16 16:53:44
RADIANTCMS,2023-01-28 16:08:16
RADIANTCMS,2023-05-22 18:33:57
RADIANTCMS,2023-08-08 15:34:06
RADIANTCMS,2023-11-07 14:27:04
RADIANTCMS,2024-02-13 14:48:32
RADIANTCMS,2024-05-23 17:14:56
RADIANTCMS,2024-08-07 15:24:49
RADIANTCMS,2024-11-13 13:46:32
RADIANTCMS,2025-02-13 17:34:55
RADICO,2021-01-28 13:32:42
RADICO,2021-06-01 14:18:22
RADICO,2021-07-28 13:29:28
RADICO,2021-11-02 13:48:39
RADICO,2021-11-02 15:00:13
RADICO,2022-02-03 13:54:45
RADICO,2022-05-30 16:26:05
RADICO,2023-02-14 15:48:05
RADICO,2023-05-25 15:51:39
RADICO,2023-08-03 16:01:25
RADICO,2023-11-06 16:07:52
RADICO,2024-02-06 17:38:26
RADICO,2024-05-14 15:58:00
RADICO,2024-08-07 18:07:37
RADICO,2024-10-24 15:57:14
RADICO,2025-01-29 14:22:58
RADIOCITY,2021-01-21 18:09:55
RADIOCITY,2021-05-20 17:51:31
RADIOCITY,2021-07-22 17:59:50
RADIOCITY,2021-10-21 18:06:15
RADIOCITY,2022-01-24 17:55:35
RADIOCITY,2022-05-24 17:55:14
RADIOCITY,2023-01-24 17:26:28
RADIOCITY,2023-05-23 17:36:26
RADIOCITY,2023-07-27 16:53:53
RADIOCITY,2023-10-26 18:02:29
RADIOCITY,2024-01-23 17:05:10
RADIOCITY,2024-05-22 18:24:03
RADIOCITY,2024-08-01 17:38:59
RADIOCITY,2024-10-24 16:46:36
RADIOCITY,2025-01-28 17:19:32
RADIOWALLA,2024-05-30 16:39:47
RADIOWALLA,2024-10-29 13:24:39
RADIOWALLA,2024-10-30 15:40:32
RAILTEL,2021-03-22 20:04:11
RAILTEL,2021-03-22 20:58:53
RAILTEL,2021-06-25 20:47:33
RAILTEL,2021-06-25 20:48:25
RAILTEL,2021-08-12 18:17:52
RAILTEL,2021-11-11 19:26:25
RAILTEL,2022-02-14 17:58:33
RAILTEL,2022-05-24 20:42:53
RAILTEL,2023-01-31 18:40:53
RAILTEL,2023-05-17 18:09:22
RAILTEL,2023-07-27 18:05:53
RAILTEL,2023-10-26 19:38:01
RAILTEL,2024-01-24 18:25:00
RAILTEL,2024-05-02 17:19:59
RAILTEL,2024-08-01 17:55:28
RAILTEL,2024-10-28 21:51:57
RAILTEL,2025-01-27 20:33:39
RAIN,2021-02-25 16:07:22
RAIN,2021-04-29 14:35:41
RAIN,2021-07-31 13:37:21
RAIN,2021-10-30 19:37:56
RAIN,2022-02-25 19:34:52
RAIN,2022-05-04 18:54:27
RAIN,2023-02-27 20:05:03
RAIN,2023-05-09 20:24:04
RAIN,2023-08-04 19:52:09
RAIN,2023-11-07 20:35:46
RAIN,2024-02-23 20:34:07
RAIN,2024-05-09 19:39:01
RAIN,2024-08-06 21:26:41
RAIN,2024-11-06 20:13:36
RAIN,2025-02-25 21:48:20
RAINBOW,2022-05-30 14:04:51
RAINBOW,2023-02-09 13:23:49
RAINBOW,2023-05-14 17:11:30
RAINBOW,2023-08-07 15:45:35
RAINBOW,2023-10-30 17:02:29
RAINBOW,2024-01-24 16:08:05
RAINBOW,2024-05-19 18:22:57
RAINBOW,2024-08-13 16:10:54
RAINBOW,2024-10-27 18:23:33
RAINBOW,2025-02-09 17:47:40
RAJESHEXPO,2021-02-13 21:45:08
RAJESHEXPO,2021-02-13 21:56:47
RAJESHEXPO,2021-06-30 17:30:03
RAJESHEXPO,2021-06-30 21:26:59
RAJESHEXPO,2021-08-14 20:21:01
RAJESHEXPO,2021-08-14 22:51:28
RAJESHEXPO,2021-08-26 16:05:47
RAJESHEXPO,2021-08-26 16:07:51
RAJESHEXPO,2021-11-15 21:35:28
RAJESHEXPO,2021-11-15 23:54:50
RAJESHEXPO,2022-02-14 20:55:33
RAJESHEXPO,2022-02-15 19:26:36
RAJESHEXPO,2022-05-30 23:15:11
RAJESHEXPO,2022-05-30 23:56:04
RAJESHEXPO,2023-02-14 20:46:44
RAJESHEXPO,2023-02-14 20:49:20
RAJESHEXPO,2023-05-30 23:05:28
RAJESHEXPO,2023-05-30 23:19:20
RAJESHEXPO,2023-08-14 21:30:13
RAJESHEXPO,2023-11-14 23:42:51
RAJESHEXPO,2023-11-14 23:44:37
RAJESHEXPO,2024-02-14 20:09:17
RAJESHEXPO,2024-02-14 20:11:35
RAJESHEXPO,2024-05-31 00:44:48
RAJESHEXPO,2024-05-31 00:57:43
RAJESHEXPO,2024-08-14 19:35:27
RAJESHEXPO,2024-08-14 19:44:54
RAJESHEXPO,2024-11-14 23:21:26
RAJESHEXPO,2024-11-14 23:23:02
RAJINDLTD,2024-11-04 15:55:54
RAJINDLTD,2025-01-29 10:50:01
RAJMET,2021-06-21 13:08:39
RAJMET,2021-06-21 13:10:46
RAJMET,2021-08-11 13:14:40
RAJMET,2021-11-09 13:32:59
RAJMET,2021-11-09 13:34:52
RAJMET,2022-02-08 13:38:30
RAJMET,2022-02-08 13:40:50
RAJMET,2022-04-27 14:34:49
RAJMET,2023-01-30 13:11:43
RAJMET,2023-04-21 13:17:24
RAJMET,2023-07-26 12:51:40
RAJMET,2023-10-31 12:43:17
RAJMET,2024-01-15 13:38:44
RAJMET,2024-05-10 18:16:18
RAJMET,2024-08-14 16:08:41
RAJMET,2024-11-14 16:39:15
RAJMET,2025-01-30 14:36:55
RAJPUTANA,2024-12-21 16:25:14
RAJRATAN,2021-01-21 12:19:51
RAJRATAN,2021-04-24 13:55:33
RAJRATAN,2021-07-21 13:00:05
RAJRATAN,2021-10-21 13:11:38
RAJRATAN,2022-01-18 13:18:13
RAJRATAN,2022-04-21 14:01:01
RAJRATAN,2023-01-23 16:41:46
RAJRATAN,2023-04-21 13:51:28
RAJRATAN,2023-07-21 13:34:27
RAJRATAN,2023-10-21 14:10:54
RAJRATAN,2024-01-20 13:45:38
RAJRATAN,2024-04-23 13:46:04
RAJRATAN,2024-07-30 12:53:35
RAJRATAN,2024-10-21 15:47:58
RAJRATAN,2025-01-23 13:49:25
RAJRAYON,2021-02-13 18:08:24
RAJRAYON,2021-07-01 19:23:54
RAJRAYON,2021-08-13 19:21:42
RAJRAYON,2021-11-11 19:10:31
RAJRAYON,2022-02-14 17:58:38
RAJRILTD,2022-05-30 17:35:09
RAJRILTD,2023-02-15 11:35:55
RAJRILTD,2023-05-27 18:21:07
RAJRILTD,2023-08-11 18:05:30
RAJRILTD,2023-11-09 14:27:02
RAJRILTD,2024-02-10 17:07:01
RAJRILTD,2024-05-28 19:25:39
RAJRILTD,2024-08-13 14:18:53
RAJRILTD,2024-11-14 13:37:59
RAJRILTD,2025-02-11 16:49:07
RAJSREESUG,2021-02-11 17:53:47
RAJSREESUG,2021-09-03 18:33:44
RAJSREESUG,2021-09-03 18:35:02
RAJSREESUG,2021-09-04 15:28:39
RAJSREESUG,2021-09-04 15:30:33
RAJSREESUG,2021-11-11 15:03:20
RAJSREESUG,2022-02-10 18:09:16
RAJSREESUG,2022-05-17 19:31:58
RAJSREESUG,2023-02-09 18:03:11
RAJSREESUG,2023-05-15 14:10:29
RAJSREESUG,2023-08-07 16:24:10
RAJSREESUG,2023-11-04 17:08:42
RAJSREESUG,2024-02-12 16:03:16
RAJSREESUG,2024-05-22 16:16:42
RAJSREESUG,2024-08-08 16:09:23
RAJSREESUG,2024-11-14 16:08:51
RAJSREESUG,2025-02-14 19:48:51
RAJTV,2021-02-12 14:10:48
RAJTV,2021-06-30 14:46:38
RAJTV,2021-08-13 13:25:38
RAJTV,2021-11-12 15:31:18
RAJTV,2022-02-14 16:28:08
RAJTV,2022-05-30 15:17:37
RAJTV,2023-02-16 11:35:00
RAJTV,2023-05-25 14:36:35
RAJTV,2023-08-14 14:42:19
RAJTV,2023-11-06 15:14:33
RAJTV,2024-02-14 14:55:21
RAJTV,2024-05-23 14:49:51
RAJTV,2024-08-13 15:30:04
RAJTV,2024-11-09 15:12:55
RAJTV,2025-02-13 19:24:57
RAJVIR,2021-02-12 17:32:30
RALLIS,2021-01-18 14:15:15
RALLIS,2021-04-22 19:01:00
RALLIS,2021-07-21 17:29:43
RALLIS,2021-10-19 15:59:35
RALLIS,2022-01-19 17:54:41
RALLIS,2022-04-21 16:46:43
RALLIS,2023-01-18 16:27:49
RALLIS,2023-04-25 18:18:54
RALLIS,2023-07-15 16:50:52
RALLIS,2023-10-25 17:31:10
RALLIS,2024-01-23 15:55:53
RALLIS,2024-04-22 17:16:06
RALLIS,2024-07-18 17:42:21
RALLIS,2024-10-15 17:24:38
RALLIS,2025-01-17 17:03:05
RAMANEWS,2021-02-12 13:40:51
RAMANEWS,2021-05-28 18:37:04
RAMANEWS,2021-08-14 12:56:47
RAMANEWS,2021-11-13 13:21:49
RAMANEWS,2022-02-12 12:39:08
RAMANEWS,2022-05-31 14:35:39
RAMANEWS,2023-02-14 17:24:40
RAMANEWS,2023-05-29 13:02:27
RAMANEWS,2023-08-11 17:45:21
RAMANEWS,2023-11-04 12:33:50
RAMANEWS,2024-02-10 13:38:54
RAMANEWS,2024-05-20 14:02:16
RAMANEWS,2024-08-14 12:34:11
RAMANEWS,2024-11-11 12:54:54
RAMANEWS,2025-02-05 14:13:47
RAMAPHO,2023-02-14 15:26:29
RAMAPHO,2023-05-18 18:57:00
RAMAPHO,2023-08-14 14:47:31
RAMAPHO,2023-11-09 15:35:06
RAMAPHO,2024-02-12 18:48:01
RAMAPHO,2024-05-30 15:52:32
RAMAPHO,2024-08-14 14:14:03
RAMAPHO,2024-11-13 14:22:47
RAMAPHO,2025-02-13 14:43:11
RAMASTEEL,2021-02-12 13:29:12
RAMASTEEL,2021-06-18 16:29:46
RAMASTEEL,2021-08-14 14:33:13
RAMASTEEL,2021-11-13 13:08:05
RAMASTEEL,2022-02-14 14:54:50
RAMASTEEL,2022-05-30 15:14:55
RAMASTEEL,2023-02-14 17:07:58
RAMASTEEL,2023-05-30 17:24:58
RAMASTEEL,2023-08-14 13:29:08
RAMASTEEL,2023-11-10 15:18:00
RAMASTEEL,2024-02-14 17:45:17
RAMASTEEL,2024-05-30 20:25:58
RAMASTEEL,2024-08-14 17:54:54
RAMASTEEL,2024-11-14 18:05:05
RAMASTEEL,2025-02-14 17:56:38
RAMCOCEM,2021-02-03 12:53:35
RAMCOCEM,2021-02-03 13:19:27
RAMCOCEM,2021-05-24 13:36:00
RAMCOCEM,2021-05-24 14:44:14
RAMCOCEM,2021-07-27 13:06:32
RAMCOCEM,2021-10-25 13:06:44
RAMCOCEM,2022-01-24 17:14:20
RAMCOCEM,2022-05-23 16:10:43
RAMCOCEM,2023-02-07 13:19:08
RAMCOCEM,2023-05-18 15:20:23
RAMCOCEM,2023-08-07 13:17:17
RAMCOCEM,2023-11-09 13:37:11
RAMCOCEM,2024-02-08 18:14:33
RAMCOCEM,2024-05-22 17:55:23
RAMCOCEM,2024-07-25 16:46:18
RAMCOCEM,2024-11-11 16:56:56
RAMCOCEM,2025-02-06 17:45:40
RAMCOIND,2021-02-02 18:25:10
RAMCOIND,2021-05-24 17:58:03
RAMCOIND,2021-07-27 17:35:00
RAMCOIND,2021-10-26 20:44:15
RAMCOIND,2022-01-21 17:15:02
RAMCOIND,2022-05-18 16:45:43
RAMCOIND,2023-01-27 13:08:50
RAMCOIND,2023-05-22 13:37:37
RAMCOIND,2023-08-11 17:03:07
RAMCOIND,2023-11-10 13:00:00
RAMCOIND,2024-02-08 14:19:50
RAMCOIND,2024-05-28 14:26:45
RAMCOIND,2024-08-03 13:44:45
RAMCOIND,2024-11-11 15:18:54
RAMCOIND,2025-02-10 13:28:10
RAMCOSYS,2021-02-03 18:06:23
RAMCOSYS,2021-05-25 16:34:28
RAMCOSYS,2021-07-28 16:30:48
RAMCOSYS,2021-10-27 17:01:48
RAMCOSYS,2022-02-12 12:40:22
RAMCOSYS,2022-05-19 14:18:11
RAMCOSYS,2023-02-01 13:11:12
RAMCOSYS,2023-05-17 13:20:03
RAMCOSYS,2023-08-07 18:11:15
RAMCOSYS,2023-10-30 17:40:26
RAMCOSYS,2024-02-07 14:32:13
RAMCOSYS,2024-05-21 19:51:13
RAMCOSYS,2024-07-24 19:45:11
RAMCOSYS,2024-11-08 19:02:21
RAMCOSYS,2025-02-05 14:00:35
RAMKY,2021-02-12 18:36:54
RAMKY,2021-06-14 16:46:44
RAMKY,2021-08-06 18:16:06
RAMKY,2021-11-02 19:34:38
RAMKY,2022-02-05 18:50:42
RAMKY,2022-05-27 19:48:45
RAMKY,2023-02-10 17:54:58
RAMKY,2023-05-30 19:53:51
RAMKY,2023-08-10 19:53:24
RAMKY,2023-11-09 19:19:29
RAMKY,2024-02-12 19:09:26
RAMKY,2024-05-29 15:54:08
RAMKY,2024-08-13 22:37:50
RAMKY,2024-11-13 20:55:13
RAMKY,2025-02-11 19:08:07
RAMRAT,2023-02-08 13:49:22
RAMRAT,2023-05-26 18:10:03
RAMRAT,2023-08-09 17:50:28
RAMRAT,2023-11-07 18:22:28
RAMRAT,2024-02-02 18:30:17
RAMRAT,2024-05-14 13:15:07
RAMRAT,2024-08-02 18:44:09
RAMRAT,2024-10-28 18:34:36
RAMRAT,2025-01-29 15:10:35
RAMSARUP,2022-03-11 11:51:44
RAMSARUP,2022-03-11 11:56:09
RAMSARUP,2022-03-11 12:01:22
RAMSARUP,2022-03-11 12:11:47
RAMSARUP,2022-03-11 12:28:46
RAMSARUP,2022-03-11 12:33:46
RAMSARUP,2022-03-11 12:36:34
RAMSARUP,2022-03-11 12:54:56
RAMSARUP,2022-03-11 12:58:24
RAMSARUP,2022-03-11 13:07:37
RAMSARUP,2022-03-11 13:12:10
RAMSARUP,2022-03-11 13:16:07
RAMSARUP,2022-03-11 13:18:13
RAMSARUP,2022-04-18 18:17:12
RAMSARUP,2022-04-18 18:19:09
RAMSARUP,2022-04-18 18:21:23
RAMSARUP,2022-04-20 09:11:50
RANASUG,2021-02-09 15:49:29
RANASUG,2021-06-21 15:23:27
RANASUG,2021-08-13 16:31:10
RANASUG,2021-11-12 13:46:31
RANASUG,2022-02-10 16:59:32
RANASUG,2022-05-30 15:36:01
RANASUG,2023-02-10 13:56:31
RANASUG,2023-05-30 18:43:08
RANASUG,2023-08-11 14:49:21
RANASUG,2023-11-14 17:52:55
RANASUG,2024-02-14 17:07:10
RANASUG,2024-05-29 17:40:34
RANASUG,2024-08-13 13:43:58
RANASUG,2024-11-14 13:33:18
RANASUG,2025-02-28 18:06:12
RANEENGINE,2021-01-29 12:01:13
RANEENGINE,2021-05-19 12:14:24
RANEENGINE,2021-07-22 12:11:58
RANEENGINE,2021-10-21 12:39:49
RANEENGINE,2022-01-25 12:26:03
RANEENGINE,2022-05-16 13:19:58
RANEENGINE,2023-02-07 12:05:43
RANEENGINE,2023-05-04 12:53:59
RANEENGINE,2023-07-25 12:26:43
RANEENGINE,2023-10-31 13:05:19
RANEENGINE,2024-01-31 11:37:16
RANEENGINE,2024-05-07 12:03:11
RANEENGINE,2024-07-23 11:36:25
RANEENGINE,2024-10-23 14:06:37
RANEENGINE,2025-01-29 12:00:30
RANEHOLDIN,2021-02-09 11:49:29
RANEHOLDIN,2021-05-27 16:40:18
RANEHOLDIN,2021-08-06 13:16:13
RANEHOLDIN,2021-11-02 12:52:56
RANEHOLDIN,2022-02-08 12:53:55
RANEHOLDIN,2022-05-26 18:38:15
RANEHOLDIN,2023-05-12 13:38:03
RANEHOLDIN,2023-08-04 12:29:55
RANEHOLDIN,2023-11-09 12:20:51
RANEHOLDIN,2024-02-08 17:47:49
RANEHOLDIN,2024-05-15 14:49:14
RANEHOLDIN,2024-08-02 13:11:53
RANEHOLDIN,2024-11-05 13:40:45
RANEHOLDIN,2025-02-06 12:53:53
RAPPID,2024-11-14 18:21:04
RATEGAIN,2022-02-11 21:24:14
RATEGAIN,2022-05-16 15:54:29
RATEGAIN,2023-02-10 14:10:58
RATEGAIN,2023-05-19 14:23:09
RATEGAIN,2023-08-07 14:36:48
RATEGAIN,2023-10-27 13:38:55
RATEGAIN,2024-02-02 14:11:30
RATEGAIN,2024-05-21 14:20:48
RATEGAIN,2024-08-12 14:24:06
RATEGAIN,2024-11-11 14:28:33
RATEGAIN,2025-02-14 11:48:38
RATNAMANI,2021-02-02 15:53:17
RATNAMANI,2021-06-02 18:46:07
RATNAMANI,2021-08-06 17:49:10
RATNAMANI,2021-10-28 17:24:53
RATNAMANI,2022-02-08 17:37:19
RATNAMANI,2022-05-18 19:53:03
RATNAMANI,2023-02-13 18:18:32
RATNAMANI,2023-05-10 16:53:45
RATNAMANI,2023-08-09 15:48:51
RATNAMANI,2023-11-02 17:50:02
RATNAMANI,2024-02-08 16:24:20
RATNAMANI,2024-05-16 20:23:14
RATNAMANI,2024-08-13 17:54:25
RATNAMANI,2024-11-14 17:40:36
RATNAMANI,2025-02-12 17:49:10
RATNAVEER,2023-09-25 13:35:46
RATNAVEER,2023-10-28 15:30:40
RATNAVEER,2024-01-31 16:15:46
RATNAVEER,2024-05-22 18:27:31
RATNAVEER,2024-07-17 18:37:57
RATNAVEER,2024-11-09 16:19:13
RATNAVEER,2025-01-28 16:55:25
RAYMOND,2021-02-09 16:52:57
RAYMOND,2021-05-06 17:26:05
RAYMOND,2021-07-29 17:32:01
RAYMOND,2021-10-27 18:12:39
RAYMOND,2022-01-25 18:58:47
RAYMOND,2022-05-17 10:17:06
RAYMOND,2023-02-01 15:09:24
RAYMOND,2023-05-09 14:53:31
RAYMOND,2023-08-11 13:08:35
RAYMOND,2023-11-08 14:55:23
RAYMOND,2024-02-01 13:31:16
RAYMOND,2024-05-03 13:14:12
RAYMOND,2024-08-06 14:13:32
RAYMOND,2024-11-04 19:30:43
RAYMOND,2025-01-29 16:12:16
RAYMONDLSL,2024-11-05 22:37:25
RAYMONDLSL,2025-01-30 13:21:19
RBA,2021-02-09 19:43:51
RBA,2021-05-26 17:18:16
RBA,2021-08-13 15:46:07
RBA,2021-11-12 16:16:46
RBA,2022-01-24 17:49:08
RBA,2022-05-30 16:01:00
RBA,2023-02-08 16:02:39
RBA,2023-05-17 17:01:22
RBA,2023-08-07 10:38:11
RBA,2023-11-08 14:33:18
RBA,2024-01-29 16:27:43
RBA,2024-05-16 17:53:09
RBA,2024-07-29 18:25:02
RBA,2024-10-28 16:14:04
RBA,2025-01-29 16:09:26
RBL,2021-02-01 10:49:37
RBL,2021-05-17 12:17:36
RBL,2021-07-26 11:28:46
RBL,2021-10-19 12:12:06
RBL,2022-01-27 11:23:31
RBL,2022-05-18 12:54:05
RBL,2023-02-09 12:30:21
RBL,2023-05-03 13:15:04
RBL,2023-07-24 12:43:17
RBL,2023-11-02 13:02:43
RBL,2024-01-30 12:18:11
RBL,2024-05-03 12:24:37
RBL,2024-07-22 12:14:04
RBL,2024-10-25 11:08:52
RBL,2025-01-28 15:58:12
RBLBANK,2021-01-28 15:59:10
RBLBANK,2021-05-04 16:17:05
RBLBANK,2021-08-02 15:50:01
RBLBANK,2021-10-28 17:25:52
RBLBANK,2022-01-27 18:02:32
RBLBANK,2022-05-12 15:59:02
RBLBANK,2023-01-20 15:47:57
RBLBANK,2023-04-29 13:36:15
RBLBANK,2023-07-22 12:40:08
RBLBANK,2023-10-21 14:35:51
RBLBANK,2024-01-19 15:28:04
RBLBANK,2024-04-27 11:55:43
RBLBANK,2024-07-20 12:32:29
RBLBANK,2024-10-19 12:33:45
RBLBANK,2025-01-18 12:46:41
RBMINFRA,2023-05-30 16:38:51
RBMINFRA,2023-10-23 17:59:31
RBMINFRA,2024-01-25 21:38:50
RBMINFRA,2024-05-29 19:37:18
RBMINFRA,2024-08-15 15:31:04
RBMINFRA,2024-11-14 16:36:15
RBMINFRA,2025-02-14 23:39:29
RBS,2024-05-29 18:35:28
RBS,2024-11-13 15:32:28
RBZJEWEL,2024-02-05 14:56:36
RBZJEWEL,2024-05-14 17:58:44
RBZJEWEL,2024-08-14 16:40:31
RBZJEWEL,2024-11-14 13:10:18
RBZJEWEL,2025-02-11 15:09:57
RCDL,2023-11-10 20:13:28
RCDL,2024-05-29 18:21:31
RCDL,2024-11-14 19:35:23
RCF,2021-02-05 15:34:47
RCF,2021-05-27 14:59:21
RCF,2021-08-12 17:39:36
RCF,2021-11-10 16:26:39
RCF,2022-02-10 17:06:36
RCF,2022-05-28 10:50:10
RCF,2023-02-07 15:54:57
RCF,2023-05-30 19:15:33
RCF,2023-08-11 17:31:32
RCF,2023-11-10 15:39:31
RCF,2024-02-13 16:17:07
RCF,2024-05-17 15:37:16
RCF,2024-08-12 16:16:21
RCF,2024-11-13 18:07:42
RCF,2025-02-12 15:57:30
RCOM,2021-02-13 21:30:47
RCOM,2021-06-26 20:19:17
RCOM,2021-08-14 20:00:09
RCOM,2021-11-27 11:57:06
RCOM,2022-02-12 20:43:34
RCOM,2022-05-28 16:00:45
RCOM,2023-02-15 14:51:25
RCOM,2023-05-27 14:47:17
RCOM,2023-08-12 17:16:45
RCOM,2023-11-11 13:42:14
RCOM,2024-02-10 12:16:38
RCOM,2024-05-30 00:30:44
RCOM,2024-08-10 12:20:43
RCOM,2024-11-09 13:06:08
RCOM,2025-02-06 23:06:51
RECLTD,2021-02-04 15:43:47
RECLTD,2021-05-28 22:03:40
RECLTD,2021-08-05 14:50:28
RECLTD,2021-10-29 17:09:38
RECLTD,2022-02-04 15:10:40
RECLTD,2022-05-13 18:50:29
RECLTD,2023-01-30 18:36:17
RECLTD,2023-05-17 17:31:06
RECLTD,2023-07-26 15:48:14
RECLTD,2023-11-01 13:04:10
RECLTD,2024-01-23 14:24:23
RECLTD,2024-04-30 14:11:29
RECLTD,2024-07-27 14:33:24
RECLTD,2024-10-26 15:32:22
RECLTD,2025-02-06 15:04:39
REDINGTON,2021-02-08 16:25:37
REDINGTON,2021-05-27 17:48:29
REDINGTON,2021-08-12 15:59:24
REDINGTON,2021-11-09 16:20:27
REDINGTON,2022-02-08 17:10:39
REDINGTON,2022-05-21 17:33:29
REDINGTON,2023-02-01 15:54:38
REDINGTON,2023-05-16 16:00:08
REDINGTON,2023-08-01 17:01:43
REDINGTON,2023-11-06 18:12:08
REDINGTON,2024-02-06 18:15:39
REDINGTON,2024-05-15 19:48:06
REDINGTON,2024-07-31 18:46:41
REDINGTON,2024-10-29 18:45:44
REDINGTON,2025-02-05 16:56:27
REDTAPE,2023-11-09 12:53:41
REDTAPE,2024-01-24 14:17:55
REDTAPE,2024-05-29 14:26:15
REDTAPE,2024-08-14 14:31:43
REDTAPE,2024-11-13 15:19:09
REDTAPE,2025-02-12 13:38:37
REFEX,2021-02-12 18:25:53
REFEX,2021-02-12 18:37:14
REFEX,2021-02-12 18:55:42
REFEX,2021-06-30 18:40:16
REFEX,2021-08-09 17:13:24
REFEX,2021-10-28 16:50:52
REFEX,2022-01-21 16:58:14
REFEX,2022-05-06 17:54:11
REFEX,2023-02-02 13:22:34
REFEX,2023-05-18 17:52:43
REFEX,2023-08-03 14:00:11
REFEX,2023-10-20 16:18:57
REFEX,2024-02-08 14:11:56
REFEX,2024-05-24 14:27:45
REFEX,2024-08-05 15:14:17
REFEX,2024-11-13 15:45:32
REFEX,2025-01-27 13:11:47
REFRACTORY,2024-06-05 21:46:52
REFRACTORY,2024-11-13 12:34:04
REGENCERAM,2021-02-13 17:41:49
REGENCERAM,2021-06-29 18:36:11
REGENCERAM,2021-08-11 17:13:16
REGENCERAM,2021-11-10 17:13:48
REGENCERAM,2022-02-10 17:44:41
REGENCERAM,2022-05-30 21:09:48
REGENCERAM,2023-02-10 13:38:00
REGENCERAM,2023-05-26 20:38:50
REGENCERAM,2023-08-04 14:48:58
REGENCERAM,2023-11-09 21:19:10
REGENCERAM,2024-02-05 20:08:09
REGENCERAM,2024-05-30 17:18:20
REGENCERAM,2024-08-14 16:34:16
REGENCERAM,2024-11-11 16:18:20
REGENCERAM,2025-02-14 18:18:52
RELAXO,2021-01-30 16:37:07
RELAXO,2021-05-20 14:49:36
RELAXO,2021-07-31 15:30:48
RELAXO,2021-11-01 15:39:42
RELAXO,2022-01-29 14:28:38
RELAXO,2022-05-11 16:03:50
RELAXO,2023-02-04 18:26:14
RELAXO,2023-05-10 15:14:32
RELAXO,2023-07-24 15:30:28
RELAXO,2023-11-01 14:58:17
RELAXO,2024-01-31 16:27:58
RELAXO,2024-05-09 17:10:50
RELAXO,2024-07-31 17:35:46
RELAXO,2024-11-08 16:22:30
RELAXO,2025-01-31 17:04:16
RELCAPITAL,2021-02-01 17:55:27
RELCAPITAL,2021-02-01 17:59:45
RELCAPITAL,2021-05-08 18:19:02
RELCAPITAL,2021-05-08 18:21:40
RELCAPITAL,2021-08-06 17:04:28
RELCAPITAL,2021-08-06 17:07:23
RELCAPITAL,2021-11-12 17:27:43
RELCAPITAL,2021-11-12 17:32:01
RELCAPITAL,2022-02-04 11:59:36
RELCAPITAL,2022-05-10 22:08:51
RELCAPITAL,2023-02-10 16:01:01
RELCAPITAL,2023-05-29 19:30:16
RELCAPITAL,2023-07-30 11:59:46
RELCAPITAL,2023-11-08 12:36:39
RELCAPITAL,2024-02-14 16:49:54
RELCAPITAL,2024-05-30 20:00:12
RELCAPITAL,2024-08-09 18:54:41
RELCAPITAL,2024-11-14 18:08:34
RELCHEMQ,2022-05-26 21:59:54
RELCHEMQ,2023-02-09 12:30:42
RELCHEMQ,2023-05-26 12:04:01
RELCHEMQ,2023-08-11 12:32:57
RELCHEMQ,2023-11-09 12:15:37
RELCHEMQ,2024-02-14 11:58:15
RELCHEMQ,2024-05-24 16:20:38
RELCHEMQ,2024-08-14 12:31:49
RELCHEMQ,2024-11-12 12:17:01
RELCHEMQ,2025-02-12 12:12:29
RELIABLE,2021-06-30 19:25:41
RELIABLE,2021-11-13 17:16:45
RELIABLE,2022-05-31 12:31:59
RELIABLE,2023-02-14 16:38:25
RELIABLE,2023-05-30 17:24:54
RELIABLE,2023-08-17 16:51:46
RELIABLE,2023-11-14 17:35:03
RELIABLE,2024-02-14 16:43:03
RELIABLE,2024-05-30 17:36:57
RELIABLE,2024-08-12 17:40:08
RELIABLE,2024-11-13 17:35:29
RELIABLE,2025-02-14 15:36:25
RELIANCE,2021-01-22 19:50:19
RELIANCE,2021-04-30 19:34:56
RELIANCE,2021-07-23 19:37:56
RELIANCE,2021-10-22 20:17:39
RELIANCE,2022-01-21 19:48:07
RELIANCE,2022-05-06 19:44:28
RELIANCE,2023-01-20 19:07:53
RELIANCE,2023-04-21 19:24:25
RELIANCE,2023-07-21 19:39:21
RELIANCE,2023-10-27 19:25:53
RELIANCE,2024-01-19 18:13:53
RELIANCE,2024-04-22 19:01:25
RELIANCE,2024-07-19 19:16:04
RELIANCE,2024-10-14 19:02:31
RELIANCE,2025-01-16 19:25:42
RELIGARE,2021-02-10 19:15:10
RELIGARE,2021-06-23 11:56:34
RELIGARE,2021-08-12 18:20:48
RELIGARE,2021-11-12 17:18:40
RELIGARE,2022-02-11 20:32:45
RELIGARE,2022-05-25 20:45:37
RELIGARE,2023-02-10 17:19:21
RELIGARE,2023-05-11 19:23:31
RELIGARE,2023-08-08 16:11:54
RELIGARE,2023-11-02 18:37:22
RELIGARE,2024-02-07 16:09:54
RELIGARE,2024-05-21 18:26:26
RELIGARE,2024-08-13 16:45:20
RELIGARE,2024-11-12 17:18:09
RELIGARE,2025-02-03 21:30:32
RELINFRA,2021-02-01 16:36:49
RELINFRA,2021-05-28 17:19:06
RELINFRA,2021-06-18 13:17:33
RELINFRA,2021-08-10 17:35:47
RELINFRA,2021-10-28 16:54:33
RELINFRA,2022-02-12 15:32:13
RELINFRA,2022-05-14 14:41:08
RELINFRA,2023-02-03 17:51:58
RELINFRA,2023-05-30 21:37:21
RELINFRA,2023-08-11 18:33:52
RELINFRA,2023-11-08 18:27:37
RELINFRA,2024-02-09 18:36:31
RELINFRA,2024-05-30 19:40:04
RELINFRA,2024-08-14 18:43:37
RELINFRA,2024-11-14 20:18:40
RELINFRA,2025-02-14 23:20:06
RELTD,2024-08-05 16:14:02
RELTD,2024-11-12 16:41:32
RELTD,2025-02-05 16:09:07
REMSONSIND,2021-02-10 18:05:52
REMSONSIND,2021-06-28 18:57:34
REMSONSIND,2021-08-13 17:31:04
REMSONSIND,2021-11-12 17:30:01
REMSONSIND,2022-02-14 19:08:49
REMSONSIND,2022-05-30 20:09:45
REMSONSIND,2023-02-03 17:07:36
REMSONSIND,2023-05-26 17:38:53
REMSONSIND,2023-08-08 17:25:38
REMSONSIND,2023-11-08 17:13:21
REMSONSIND,2024-02-09 18:42:46
REMSONSIND,2024-05-28 18:24:24
REMSONSIND,2024-08-14 16:55:55
REMSONSIND,2024-11-12 17:14:49
REMSONSIND,2025-02-07 12:09:09
REMUS,2023-06-02 13:04:06
REMUS,2023-10-19 14:22:57
REMUS,2024-05-16 14:37:01
REMUS,2024-11-09 15:07:29
RENUKA,2021-02-09 18:07:26
RENUKA,2021-06-25 23:37:15
RENUKA,2021-08-02 18:01:37
RENUKA,2021-10-28 18:19:52
RENUKA,2022-02-11 18:30:59
RENUKA,2022-05-24 18:06:51
RENUKA,2023-02-13 19:19:28
RENUKA,2023-05-26 18:02:22
RENUKA,2023-08-11 17:35:36
RENUKA,2023-11-08 18:30:43
RENUKA,2024-02-09 19:18:32
RENUKA,2024-05-30 00:11:49
RENUKA,2024-08-02 18:33:08
RENUKA,2024-10-28 18:32:39
RENUKA,2025-02-11 19:32:52
REPCOHOME,2021-02-11 19:16:28
REPCOHOME,2021-06-26 19:32:27
REPCOHOME,2021-08-13 19:52:48
REPCOHOME,2021-11-13 15:19:26
REPCOHOME,2022-02-14 20:09:31
REPCOHOME,2022-05-23 18:58:03
REPCOHOME,2023-02-13 18:51:36
REPCOHOME,2023-05-26 16:19:43
REPCOHOME,2023-08-04 18:17:45
REPCOHOME,2023-11-06 18:40:31
REPCOHOME,2024-02-12 20:42:52
REPCOHOME,2024-05-14 18:00:38
REPCOHOME,2024-08-01 18:14:43
REPCOHOME,2024-11-12 18:35:33
REPCOHOME,2025-02-12 19:09:30
REPL,2021-02-10 14:24:33
REPL,2021-02-10 14:26:23
REPL,2021-06-28 14:21:34
REPL,2021-08-11 13:22:18
REPL,2021-11-09 14:14:12
REPL,2021-11-09 14:21:56
REPL,2022-02-11 16:03:56
REPL,2022-02-11 16:28:09
REPL,2022-02-11 16:30:57
REPL,2022-05-19 18:44:23
REPL,2023-02-09 15:05:53
REPL,2023-05-24 15:57:48
REPL,2023-08-09 20:59:39
REPL,2023-11-10 16:58:04
REPL,2024-02-02 19:55:53
REPL,2024-05-20 19:16:55
REPL,2024-08-14 14:48:49
REPL,2024-11-12 17:56:31
REPL,2025-02-14 15:04:33
REPRO,2021-02-12 17:38:29
REPRO,2021-06-29 16:14:02
REPRO,2021-08-10 12:08:59
REPRO,2021-11-02 13:41:19
REPRO,2022-02-11 17:07:58
REPRO,2022-05-25 19:14:37
REPRO,2023-01-25 13:30:13
REPRO,2023-05-10 21:26:07
REPRO,2023-08-09 14:44:34
REPRO,2023-11-03 15:36:06
REPRO,2024-02-02 14:07:25
REPRO,2024-05-10 15:01:22
REPRO,2024-08-09 14:30:08
REPRO,2024-11-08 16:10:48
REPRO,2025-02-12 19:20:29
RESPONIND,2021-02-13 15:35:27
RESPONIND,2021-06-14 13:51:37
RESPONIND,2021-08-13 15:24:19
RESPONIND,2021-10-28 16:46:06
RESPONIND,2022-02-14 18:02:20
RESPONIND,2022-02-14 18:08:40
RESPONIND,2022-05-27 19:28:37
RESPONIND,2023-01-27 13:23:43
RESPONIND,2023-05-04 13:04:12
RESPONIND,2023-07-26 15:02:37
RESPONIND,2023-11-01 16:49:21
RESPONIND,2024-02-05 15:41:25
RESPONIND,2024-05-28 16:01:57
RESPONIND,2024-08-12 18:17:48
RESPONIND,2024-10-22 17:14:18
RESPONIND,2025-02-10 16:24:45
RETAIL,2024-07-17 16:11:33
RETAIL,2024-08-12 14:25:23
RETAIL,2024-11-12 19:41:11
RETAIL,2025-02-11 17:27:32
REXPIPES,2021-11-14 17:40:25
REXPIPES,2022-05-28 18:08:45
REXPIPES,2022-05-28 18:09:51
REXPIPES,2023-05-30 18:41:24
REXPIPES,2023-11-09 19:59:45
REXPIPES,2024-05-20 19:32:20
REXPIPES,2024-11-04 17:47:04
REXPIPES,2024-11-04 17:47:56
RGL,2021-02-12 17:43:34
RGL,2021-05-28 18:12:40
RGL,2021-08-11 18:21:22
RGL,2021-11-08 19:05:22
RGL,2022-02-07 18:59:31
RGL,2022-05-30 20:18:26
RGL,2023-02-06 18:57:08
RGL,2023-05-26 20:03:14
RGL,2023-08-10 20:49:41
RGL,2023-11-09 19:37:02
RGL,2024-02-12 19:45:37
RGL,2024-05-29 20:36:52
RGL,2024-08-12 18:07:44
RGL,2024-11-13 19:05:06
RGL,2025-02-13 19:09:10
RHFL,2021-01-22 16:24:48
RHFL,2021-05-07 21:10:38
RHFL,2021-07-31 17:58:36
RHFL,2021-11-11 18:21:46
RHFL,2022-01-24 18:23:28
RHFL,2022-05-06 17:19:55
RHFL,2023-02-02 19:50:22
RHFL,2023-05-27 20:52:03
RHFL,2023-07-28 19:28:34
RHFL,2023-11-01 16:19:09
RHFL,2024-01-09 18:37:52
RHFL,2024-05-30 21:33:00
RHFL,2024-08-12 17:38:17
RHFL,2025-01-08 20:35:53
RHFL,2025-02-11 19:54:53
RHIM,2021-02-13 09:32:29
RHIM,2021-06-25 20:20:31
RHIM,2021-08-11 14:11:45
RHIM,2021-11-12 18:13:09
RHIM,2022-02-10 18:37:27
RHIM,2022-05-27 15:08:17
RHIM,2023-02-14 16:14:12
RHIM,2023-05-31 18:55:16
RHIM,2023-08-10 19:03:26
RHIM,2023-11-08 18:19:20
RHIM,2024-02-13 16:21:30
RHIM,2024-05-29 16:11:36
RHIM,2024-08-14 17:05:21
RHIM,2024-11-07 18:11:04
RHIM,2025-02-11 18:36:58
RHL,2023-05-23 18:22:57
RHL,2023-08-09 13:21:27
RHL,2023-11-08 17:43:10
RHL,2024-02-12 17:44:46
RHL,2024-05-22 14:18:35
RHL,2024-08-08 17:19:19
RHL,2024-11-08 15:44:20
RHL,2025-02-06 14:44:18
RICHA,2022-05-24 15:46:55
RICHA,2023-05-17 15:19:30
RICHA,2023-11-10 19:23:40
RICHA,2024-05-30 19:53:59
RICHA,2024-11-14 16:23:45
RICOAUTO,2021-02-12 14:36:55
RICOAUTO,2021-06-21 14:28:24
RICOAUTO,2021-06-22 16:05:45
RICOAUTO,2021-08-13 14:26:42
RICOAUTO,2021-11-12 17:54:54
RICOAUTO,2022-02-11 14:18:25
RICOAUTO,2022-05-31 00:36:39
RICOAUTO,2023-02-14 17:40:56
RICOAUTO,2023-05-29 17:50:04
RICOAUTO,2023-08-11 18:39:40
RICOAUTO,2023-11-10 16:22:27
RICOAUTO,2024-02-07 15:05:55
RICOAUTO,2024-05-24 14:10:26
RICOAUTO,2024-08-13 13:17:44
RICOAUTO,2024-11-11 13:25:21
RICOAUTO,2025-02-12 13:02:38
RIIL,2021-01-14 19:24:34
RIIL,2021-04-14 21:37:07
RIIL,2021-07-20 13:34:41
RIIL,2021-07-20 13:40:44
RIIL,2021-10-20 18:13:16
RIIL,2021-10-20 18:15:35
RIIL,2022-01-20 14:13:08
RIIL,2022-01-20 14:15:59
RIIL,2022-04-20 20:44:06
RIIL,2023-01-20 14:10:26
RIIL,2023-04-20 19:25:00
RIIL,2023-07-20 17:13:23
RIIL,2023-10-26 18:15:30
RIIL,2024-01-15 14:40:17
RIIL,2024-04-18 17:08:23
RIIL,2024-07-18 16:27:34
RIIL,2024-10-11 18:12:10
RIIL,2025-01-15 16:35:06
RILINFRA,2023-05-30 15:45:29
RILINFRA,2023-11-08 17:42:22
RILINFRA,2024-05-30 18:48:46
RILINFRA,2024-11-12 16:09:26
RISHABH,2023-09-30 22:51:26
RISHABH,2023-11-10 17:23:04
RISHABH,2024-02-12 18:41:15
RISHABH,2024-05-29 16:42:08
RISHABH,2024-08-09 16:28:08
RISHABH,2024-11-12 16:28:21
RISHABH,2025-02-07 16:23:39
RITCO,2022-05-31 09:28:40
RITCO,2023-02-06 17:00:55
RITCO,2023-05-22 18:59:54
RITCO,2023-08-10 17:37:37
RITCO,2023-11-09 21:58:50
RITCO,2024-02-02 17:38:00
RITCO,2024-05-22 18:36:08
RITCO,2024-08-06 17:42:35
RITCO,2024-11-13 19:37:15
RITCO,2025-02-11 16:20:18
RITES,2021-02-10 14:04:06
RITES,2021-06-16 14:05:15
RITES,2021-08-12 13:21:02
RITES,2021-11-11 15:37:55
RITES,2022-02-08 18:32:52
RITES,2022-05-25 18:43:06
RITES,2023-02-09 15:39:22
RITES,2023-05-18 16:30:13
RITES,2023-07-28 15:46:12
RITES,2023-10-31 15:09:06
RITES,2024-02-01 15:32:07
RITES,2024-05-28 14:36:36
RITES,2024-07-31 14:02:44
RITES,2024-11-06 13:43:46
RITES,2025-01-28 13:31:41
RITEZONE,2023-05-29 19:49:34
RITEZONE,2023-11-10 20:41:22
RITEZONE,2024-05-29 22:10:34
RITEZONE,2024-11-14 21:41:51
RKDL,2021-02-10 18:08:06
RKDL,2021-06-25 18:42:49
RKDL,2021-08-12 17:37:14
RKDL,2021-11-15 16:54:36
RKDL,2022-02-14 19:42:56
RKDL,2022-05-27 18:32:57
RKDL,2023-02-11 18:29:09
RKDL,2023-05-27 18:27:30
RKDL,2023-08-12 19:12:53
RKDL,2023-11-09 13:09:41
RKDL,2024-02-10 13:38:09
RKDL,2024-05-29 19:31:36
RKDL,2024-08-13 16:53:37
RKDL,2024-11-12 13:58:29
RKDL,2025-02-11 17:32:44
RKEC,2021-02-12 18:44:56
RKEC,2021-06-29 17:24:55
RKEC,2021-08-14 16:57:53
RKEC,2021-11-13 16:12:15
RKEC,2022-02-14 16:34:42
RKEC,2022-05-29 14:51:30
RKEC,2023-01-23 16:27:44
RKEC,2023-05-29 20:02:11
RKEC,2023-08-12 15:39:34
RKEC,2023-11-11 17:44:26
RKEC,2024-02-14 18:16:00
RKEC,2024-05-23 14:54:27
RKEC,2024-08-13 13:43:47
RKEC,2024-11-14 14:06:26
RKEC,2025-02-12 19:39:08
RKFORGE,2021-01-22 16:12:37
RKFORGE,2021-05-15 15:02:06
RKFORGE,2021-07-26 13:36:25
RKFORGE,2021-10-11 13:59:05
RKFORGE,2022-01-18 12:53:56
RKFORGE,2022-05-03 15:21:23
RKFORGE,2023-01-20 14:21:48
RKFORGE,2023-04-28 14:32:51
RKFORGE,2023-07-21 14:38:54
RKFORGE,2023-10-19 14:41:18
RKFORGE,2024-01-18 13:56:46
RKFORGE,2024-05-02 14:42:42
RKFORGE,2024-07-24 15:27:26
RKFORGE,2024-10-24 13:38:01
RKFORGE,2025-01-17 16:22:33
RKSWAMY,2024-03-26 12:38:28
RKSWAMY,2024-05-24 21:51:32
RKSWAMY,2024-08-08 13:03:37
RKSWAMY,2024-11-13 14:04:51
RKSWAMY,2025-02-12 13:40:08
RMCL,2023-08-28 18:40:29
RMCL,2023-12-13 17:26:09
RMCL,2023-12-14 10:59:23
RMCL,2023-12-14 11:00:40
RMCL,2023-12-14 11:01:52
RMCL,2024-02-22 14:18:24
RMCL,2024-02-22 14:20:11
RMCL,2024-02-22 14:21:54
RMCL,2024-07-31 13:24:43
RMCL,2024-08-14 17:32:18
RMCL,2024-11-14 17:22:40
RMDRIP,2021-06-28 19:21:18
RMDRIP,2021-11-01 17:24:16
RMDRIP,2022-06-02 13:56:22
RMDRIP,2023-01-19 16:56:30
RMDRIP,2023-05-27 19:09:49
RMDRIP,2023-11-10 15:16:33
RMDRIP,2023-11-24 13:20:46
RMDRIP,2024-05-30 17:00:50
RMDRIP,2024-11-14 23:56:14
RMDRIP,2024-11-15 16:07:58
RML,2021-01-27 12:32:51
RML,2021-05-21 12:49:13
RML,2021-07-20 12:06:03
RML,2021-10-20 13:20:40
RML,2022-01-24 12:47:57
RML,2022-05-20 13:13:03
RML,2023-02-08 13:26:11
RML,2023-05-05 14:06:30
RML,2023-07-26 13:15:47
RML,2023-10-30 13:52:54
RML,2024-01-25 19:03:19
RML,2024-05-09 13:01:23
RML,2024-07-24 12:56:17
RML,2024-10-24 13:08:44
RML,2025-01-30 12:41:33
RNAVAL,2021-04-08 20:03:31
RNAVAL,2021-06-07 21:17:27
RNAVAL,2021-06-08 19:08:33
RNAVAL,2021-12-11 15:06:25
RNAVAL,2021-12-11 15:06:26
RNAVAL,2021-12-11 15:06:28
RNAVAL,2022-12-17 15:24:12
RNAVAL,2022-12-17 15:31:56
RNAVAL,2023-03-31 17:53:54
RNAVAL,2023-03-31 18:05:12
RNAVAL,2023-03-31 18:14:18
RNAVAL,2023-03-31 18:21:51
RNAVAL,2023-03-31 18:24:23
RNAVAL,2023-04-19 18:05:01
RNAVAL,2023-04-19 18:21:20
RNAVAL,2023-12-09 18:01:54
RNAVAL,2024-02-13 19:25:43
RNAVAL,2024-11-11 19:55:01
RNAVAL,2024-11-11 19:57:04
RNAVAL,2024-11-12 15:21:46
RNAVAL,2024-11-12 15:22:50
RNAVAL,2024-11-12 15:24:13
RNAVAL,2024-11-12 15:25:07
RNFI,2024-11-12 18:07:26
ROCKINGDCE,2023-12-21 16:45:18
ROCKINGDCE,2023-12-22 16:08:26
ROCKINGDCE,2024-05-29 16:50:27
ROCKINGDCE,2024-11-14 16:59:19
ROHITFERRO,2021-02-12 18:02:33
ROHITFERRO,2021-06-29 19:14:04
ROHITFERRO,2021-08-13 18:35:29
ROHITFERRO,2021-11-10 18:02:26
ROHITFERRO,2022-02-11 18:21:25
ROHLTD,2021-02-12 14:21:58
ROHLTD,2021-06-18 14:03:15
ROHLTD,2021-08-14 12:37:20
ROHLTD,2021-11-11 15:08:36
ROHLTD,2022-02-11 17:13:02
ROHLTD,2022-05-30 21:14:26
ROHLTD,2023-02-13 14:15:41
ROHLTD,2023-05-30 15:56:23
ROHLTD,2023-08-07 13:12:15
ROHLTD,2023-11-08 14:03:12
ROHLTD,2024-02-09 13:58:57
ROHLTD,2024-05-30 16:43:30
ROHLTD,2024-08-14 13:10:16
ROHLTD,2024-11-14 13:24:12
ROHLTD,2025-02-12 14:13:00
ROLEXRINGS,2021-08-14 15:28:18
ROLEXRINGS,2021-11-01 13:39:31
ROLEXRINGS,2022-02-03 22:30:54
ROLEXRINGS,2022-05-23 15:01:26
ROLEXRINGS,2023-02-07 13:50:37
ROLEXRINGS,2023-05-25 17:13:45
ROLEXRINGS,2023-08-10 14:19:50
ROLEXRINGS,2023-11-07 13:48:00
ROLEXRINGS,2024-02-01 13:49:31
ROLEXRINGS,2024-05-20 18:18:56
ROLEXRINGS,2024-08-09 14:09:58
ROLEXRINGS,2024-11-07 13:20:41
ROLEXRINGS,2025-02-14 14:05:51
ROLLT,2021-02-18 19:30:20
ROLLT,2021-09-04 23:17:25
ROLLT,2021-09-22 17:43:30
ROLLT,2021-11-15 23:46:55
ROLLT,2022-02-11 22:42:27
ROLLT,2022-06-01 00:00:59
ROLLT,2023-02-13 18:54:04
ROLLT,2023-05-29 17:45:58
ROLLT,2023-08-10 17:06:25
ROLLT,2023-11-09 13:56:03
ROLLT,2024-02-13 18:58:35
ROLLT,2024-05-29 17:39:29
ROLLT,2024-08-14 15:38:12
ROLLT,2024-11-14 14:16:10
ROLLT,2025-02-13 17:43:52
ROLTA,2021-02-12 01:16:15
ROLTA,2021-11-02 05:34:21
ROLTA,2021-12-09 20:31:01
ROLTA,2021-12-09 20:32:39
ROLTA,2022-04-10 21:37:05
ROLTA,2023-12-01 17:15:23
ROLTA,2024-12-30 16:47:21
ROLTA,2025-01-04 13:52:58
ROLTA,2025-01-04 13:59:07
ROLTA,2025-03-21 18:39:07
ROLTA,2025-03-21 18:44:13
ROLTA,2025-03-21 18:51:03
ROLTA,2025-03-28 19:16:35
ROML,2021-02-13 19:12:22
ROML,2021-06-24 20:06:49
ROML,2021-08-13 19:30:57
ROML,2021-11-12 19:02:38
ROML,2022-02-11 18:46:13
ROML,2022-05-21 18:02:11
ROML,2023-02-14 18:44:15
ROML,2023-05-26 00:00:48
ROML,2023-05-26 16:20:58
ROML,2023-08-11 20:15:46
ROML,2023-11-09 21:35:03
ROML,2024-02-13 20:05:30
ROML,2024-05-27 18:43:50
ROML,2024-08-14 19:01:22
ROML,2024-11-11 18:59:51
ROML,2025-02-07 18:20:05
ROSSARI,2021-01-23 12:57:42
ROSSARI,2021-05-14 18:49:43
ROSSARI,2021-07-30 17:33:24
ROSSARI,2021-10-30 16:25:45
ROSSARI,2022-02-14 17:21:03
ROSSARI,2022-05-19 22:58:26
ROSSARI,2023-02-04 15:00:42
ROSSARI,2023-04-29 16:44:39
ROSSARI,2023-07-29 14:44:50
ROSSARI,2023-10-21 14:59:07
ROSSARI,2024-01-20 17:58:41
ROSSARI,2024-04-29 19:24:05
ROSSARI,2024-07-20 19:24:15
ROSSARI,2024-10-19 15:22:06
ROSSARI,2025-01-21 19:04:57
ROSSELLIND,2021-02-08 18:48:33
ROSSELLIND,2021-06-29 23:26:51
ROSSELLIND,2021-07-27 14:39:37
ROSSELLIND,2021-08-03 18:31:49
ROSSELLIND,2021-11-09 15:18:37
ROSSELLIND,2022-02-09 18:53:42
ROSSELLIND,2022-02-09 19:11:42
ROSSELLIND,2022-05-27 17:45:16
ROSSELLIND,2023-02-08 16:23:35
ROSSELLIND,2023-05-27 20:06:53
ROSSELLIND,2023-08-03 14:06:26
ROSSELLIND,2023-11-06 14:39:50
ROSSELLIND,2024-02-05 15:28:14
ROSSELLIND,2024-05-29 17:06:20
ROSSELLIND,2024-08-12 19:48:10
ROSSELLIND,2024-10-30 18:07:23
ROSSELLIND,2025-01-27 17:48:48
ROSSTECH,2024-12-09 16:45:09
ROSSTECH,2025-02-06 18:15:05
ROTO,2022-05-26 18:56:04
ROTO,2023-02-10 16:04:55
ROTO,2023-05-23 18:22:28
ROTO,2023-08-11 17:07:53
ROTO,2023-11-10 17:30:27
ROTO,2024-02-14 18:14:04
ROTO,2024-05-30 18:34:44
ROTO,2024-08-09 19:16:15
ROTO,2024-11-14 17:39:21
ROTO,2025-02-12 18:31:47
ROUTE,2021-01-28 19:27:24
ROUTE,2021-05-18 15:21:53
ROUTE,2021-07-28 15:36:31
ROUTE,2021-10-18 16:35:25
ROUTE,2022-01-27 19:48:04
ROUTE,2022-05-18 14:57:37
ROUTE,2023-01-23 17:07:03
ROUTE,2023-05-19 14:43:25
ROUTE,2023-07-28 14:27:31
ROUTE,2023-10-27 15:32:36
ROUTE,2024-01-23 15:37:42
ROUTE,2024-05-06 15:57:30
ROUTE,2024-07-19 21:16:38
ROUTE,2024-10-21 22:35:30
ROUTE,2025-01-28 13:18:33
ROXHITECH,2023-12-05 15:42:35
ROXHITECH,2024-02-12 17:20:09
ROXHITECH,2024-05-30 18:14:35
ROXHITECH,2024-11-13 17:00:21
RPEL,2024-10-18 13:37:27
RPEL,2025-01-20 17:52:31
RPGLIFE,2021-01-25 17:44:12
RPGLIFE,2021-04-30 18:18:58
RPGLIFE,2021-04-30 18:20:49
RPGLIFE,2021-07-28 17:22:16
RPGLIFE,2021-10-29 17:31:33
RPGLIFE,2022-01-25 17:29:58
RPGLIFE,2022-04-29 18:22:20
RPGLIFE,2023-02-02 13:14:23
RPGLIFE,2023-04-28 18:54:53
RPGLIFE,2023-07-28 17:51:40
RPGLIFE,2023-10-18 18:24:48
RPGLIFE,2024-02-01 17:52:27
RPGLIFE,2024-04-30 19:35:01
RPGLIFE,2024-07-19 17:58:56
RPGLIFE,2024-11-07 18:08:09
RPGLIFE,2025-01-24 20:32:53
RPOWER,2021-01-21 17:59:57
RPOWER,2021-05-07 19:52:59
RPOWER,2021-08-09 17:21:46
RPOWER,2021-10-27 16:10:36
RPOWER,2022-02-10 16:37:38
RPOWER,2022-05-14 14:43:35
RPOWER,2023-01-28 18:12:02
RPOWER,2023-05-03 21:13:02
RPOWER,2023-08-09 21:09:51
RPOWER,2023-10-31 18:18:54
RPOWER,2024-02-03 11:32:43
RPOWER,2024-05-25 11:14:44
RPOWER,2024-08-14 15:53:24
RPOWER,2024-11-12 21:40:18
RPOWER,2025-02-05 20:29:36
RPPINFRA,2021-02-15 12:04:08
RPPINFRA,2021-06-01 23:28:00
RPPINFRA,2021-06-01 23:32:46
RPPINFRA,2021-08-19 19:54:18
RPPINFRA,2021-08-19 20:04:42
RPPINFRA,2021-11-12 00:08:46
RPPINFRA,2021-11-12 18:31:52
RPPINFRA,2022-02-15 15:22:21
RPPINFRA,2022-05-30 21:55:31
RPPINFRA,2023-02-11 20:27:54
RPPINFRA,2023-05-30 19:39:38
RPPINFRA,2023-05-30 19:41:16
RPPINFRA,2023-08-12 19:45:34
RPPINFRA,2023-08-12 19:47:11
RPPINFRA,2023-11-08 23:50:53
RPPINFRA,2024-02-14 15:43:06
RPPINFRA,2024-05-30 00:50:52
RPPINFRA,2024-08-12 21:15:54
RPPINFRA,2024-11-13 18:39:34
RPPINFRA,2025-02-14 17:10:56
RPPL,2021-06-24 18:06:18
RPPL,2021-06-24 18:17:40
RPPL,2021-06-24 18:17:40
RPPL,2021-11-12 14:05:28
RPPL,2021-11-12 14:08:08
RPPL,2021-11-12 14:08:08
RPPL,2022-02-14 15:46:40
RPPL,2022-05-30 16:20:24
RPPL,2023-02-07 13:34:35
RPPL,2023-05-15 18:52:36
RPPL,2023-08-11 15:54:25
RPPL,2023-11-02 15:53:54
RPPL,2024-02-09 13:57:31
RPPL,2024-05-28 14:52:04
RPPL,2024-07-30 17:39:44
RPPL,2024-10-28 15:58:24
RPPL,2025-02-05 17:35:36
RPSGVENT,2021-02-12 12:45:54
RPSGVENT,2021-06-16 12:37:03
RPSGVENT,2021-08-11 12:10:31
RPSGVENT,2021-11-12 12:54:03
RPSGVENT,2022-02-09 13:42:54
RPSGVENT,2022-05-13 12:52:46
RPSGVENT,2023-02-13 13:51:58
RPSGVENT,2023-05-19 13:33:40
RPSGVENT,2023-08-10 16:03:29
RPSGVENT,2023-11-10 13:00:38
RPSGVENT,2024-02-09 13:30:38
RPSGVENT,2024-05-23 15:05:02
RPSGVENT,2024-08-09 15:02:11
RPSGVENT,2024-11-06 15:22:42
RPSGVENT,2025-02-14 13:01:25
RPTECH,2024-02-29 15:01:32
RPTECH,2024-05-24 15:58:55
RPTECH,2024-08-09 16:06:39
RPTECH,2024-10-29 14:31:22
RPTECH,2025-02-12 16:49:50
RRKABEL,2023-11-06 20:11:15
RRKABEL,2024-01-29 18:52:11
RRKABEL,2024-05-28 19:31:45
RRKABEL,2024-07-30 17:12:05
RRKABEL,2024-10-24 17:48:26
RRKABEL,2025-01-28 19:10:42
RSSOFTWARE,2021-01-23 23:07:38
RSSOFTWARE,2021-01-25 13:43:50
RSSOFTWARE,2021-05-19 20:40:26
RSSOFTWARE,2021-08-09 20:20:09
RSSOFTWARE,2021-08-11 13:33:04
RSSOFTWARE,2021-11-08 22:46:43
RSSOFTWARE,2022-02-02 21:24:05
RSSOFTWARE,2022-04-22 18:35:05
RSSOFTWARE,2023-02-01 13:35:29
RSSOFTWARE,2023-04-25 13:59:29
RSSOFTWARE,2023-07-25 19:06:09
RSSOFTWARE,2023-11-10 13:57:05
RSSOFTWARE,2024-01-25 12:50:23
RSSOFTWARE,2024-04-18 18:33:22
RSSOFTWARE,2024-07-09 14:52:58
RSSOFTWARE,2024-10-29 12:38:13
RSSOFTWARE,2025-01-22 12:52:41
RSWM,2021-02-11 18:10:50
RSWM,2021-05-28 17:03:45
RSWM,2021-08-12 17:09:18
RSWM,2021-11-08 16:28:02
RSWM,2022-02-07 17:58:39
RSWM,2022-05-27 18:58:22
RSWM,2023-02-09 16:06:51
RSWM,2023-05-26 17:58:47
RSWM,2023-08-10 17:19:06
RSWM,2023-11-09 17:20:53
RSWM,2024-02-09 16:59:52
RSWM,2024-05-24 19:48:04
RSWM,2024-08-09 18:35:13
RSWM,2024-11-12 17:58:32
RSWM,2025-02-12 18:18:43
RSYSTEMS,2021-02-16 14:29:07
RSYSTEMS,2021-05-07 12:49:53
RSYSTEMS,2021-08-06 14:07:40
RSYSTEMS,2021-11-02 12:56:00
RSYSTEMS,2022-02-18 14:08:42
RSYSTEMS,2022-05-10 13:07:25
RSYSTEMS,2023-02-13 13:21:43
RSYSTEMS,2023-05-03 20:28:13
RSYSTEMS,2023-07-31 19:26:32
RSYSTEMS,2023-11-07 20:28:47
RSYSTEMS,2024-02-15 12:57:02
RSYSTEMS,2024-05-02 22:33:04
RSYSTEMS,2024-08-07 20:59:23
RSYSTEMS,2024-11-08 10:27:24
RSYSTEMS,2025-02-13 20:26:02
RTNINDIA,2021-01-28 18:16:27
RTNINDIA,2021-06-18 22:17:59
RTNINDIA,2021-08-13 19:53:24
RTNINDIA,2021-11-03 21:05:45
RTNINDIA,2022-02-14 17:37:42
RTNINDIA,2022-05-30 19:28:23
RTNINDIA,2023-02-10 18:47:22
RTNINDIA,2023-05-29 20:06:55
RTNINDIA,2023-08-09 14:26:03
RTNINDIA,2023-11-09 15:16:51
RTNINDIA,2024-02-08 13:25:41
RTNINDIA,2024-05-29 14:30:15
RTNINDIA,2024-08-12 14:02:24
RTNINDIA,2024-11-12 15:14:30
RTNINDIA,2025-02-04 14:25:56
RTNPOWER,2021-01-28 17:51:28
RTNPOWER,2021-06-18 20:48:03
RTNPOWER,2021-08-13 16:35:35
RTNPOWER,2021-11-03 20:12:42
RTNPOWER,2022-01-21 10:26:05
RTNPOWER,2022-05-12 20:28:44
RTNPOWER,2023-01-23 17:34:08
RTNPOWER,2023-05-04 19:51:14
RTNPOWER,2023-07-25 19:59:07
RTNPOWER,2023-11-01 19:39:46
RTNPOWER,2024-01-23 16:54:22
RTNPOWER,2024-05-22 17:55:03
RTNPOWER,2024-08-01 17:29:48
RTNPOWER,2024-10-23 17:41:09
RTNPOWER,2025-01-22 14:32:54
RUBFILA,2024-08-13 18:24:23
RUBFILA,2024-11-07 17:02:45
RUBFILA,2025-02-12 19:40:55
RUBYMILLS,2021-02-11 17:35:55
RUBYMILLS,2021-06-29 19:04:28
RUBYMILLS,2021-08-13 19:11:06
RUBYMILLS,2021-11-13 18:26:59
RUBYMILLS,2022-02-14 18:17:13
RUBYMILLS,2022-05-30 20:11:50
RUBYMILLS,2023-02-13 18:52:42
RUBYMILLS,2023-05-30 18:45:31
RUBYMILLS,2023-08-14 19:28:25
RUBYMILLS,2023-11-04 18:53:38
RUBYMILLS,2024-02-07 18:57:30
RUBYMILLS,2024-05-21 20:17:42
RUBYMILLS,2024-08-12 19:58:33
RUBYMILLS,2024-11-13 18:54:31
RUBYMILLS,2025-02-13 20:32:06
RUCHINFRA,2021-02-11 15:41:34
RUCHINFRA,2021-06-28 16:39:58
RUCHINFRA,2021-08-12 15:32:41
RUCHINFRA,2021-11-11 18:29:33
RUCHINFRA,2022-02-11 17:04:08
RUCHINFRA,2022-05-27 18:58:21
RUCHINFRA,2023-02-13 16:16:19
RUCHINFRA,2023-05-29 16:24:08
RUCHINFRA,2023-08-07 16:46:33
RUCHINFRA,2023-11-07 18:10:10
RUCHINFRA,2024-02-05 16:59:39
RUCHINFRA,2024-05-21 17:57:46
RUCHINFRA,2024-08-07 16:48:04
RUCHINFRA,2024-11-11 16:27:58
RUCHINFRA,2025-02-05 16:34:59
RUCHIRA,2021-02-12 14:38:30
RUCHIRA,2021-06-18 12:39:59
RUCHIRA,2021-08-13 11:54:17
RUCHIRA,2021-11-12 12:30:18
RUCHIRA,2022-02-11 11:55:27
RUCHIRA,2022-05-27 12:34:14
RUCHIRA,2023-02-09 13:11:22
RUCHIRA,2023-05-29 13:27:27
RUCHIRA,2023-08-11 13:59:17
RUCHIRA,2023-11-08 15:04:37
RUCHIRA,2024-02-12 14:05:12
RUCHIRA,2024-05-27 13:29:49
RUCHIRA,2024-08-09 13:35:50
RUCHIRA,2024-11-11 13:32:44
RUCHIRA,2025-02-13 12:51:56
RULKA,2024-06-10 19:02:30
RULKA,2024-11-16 11:11:25
RUPA,2021-01-29 16:07:34
RUPA,2021-05-31 17:39:00
RUPA,2021-08-11 16:23:07
RUPA,2021-11-01 16:31:39
RUPA,2022-02-08 16:55:33
RUPA,2022-05-23 18:51:12
RUPA,2023-02-10 16:27:23
RUPA,2023-05-24 18:08:20
RUPA,2023-08-11 19:11:54
RUPA,2023-11-06 18:49:02
RUPA,2024-02-08 17:35:35
RUPA,2024-05-23 17:42:05
RUPA,2024-08-09 18:58:12
RUPA,2024-11-09 15:29:04
RUPA,2025-02-06 18:36:40
RUSHABEAR,2021-03-03 11:28:17
RUSHABEAR,2021-03-03 11:30:00
RUSHABEAR,2021-03-03 11:31:48
RUSHABEAR,2021-03-03 11:33:36
RUSHABEAR,2021-03-03 12:58:30
RUSHABEAR,2021-03-03 13:00:20
RUSHABEAR,2021-03-03 15:58:12
RUSHABEAR,2021-03-31 16:44:59
RUSHABEAR,2021-03-31 16:46:25
RUSHABEAR,2021-03-31 16:47:28
RUSHABEAR,2021-03-31 16:48:27
RUSHABEAR,2021-06-30 16:24:12
RUSHABEAR,2021-08-12 16:18:17
RUSHABEAR,2021-11-12 15:57:48
RUSHABEAR,2022-02-10 18:19:28
RUSHABEAR,2025-02-13 19:10:27
RUSHIL,2021-02-12 14:41:01
RUSHIL,2021-06-25 09:45:18
RUSHIL,2021-08-13 14:53:44
RUSHIL,2021-11-03 13:20:29
RUSHIL,2022-02-12 13:25:48
RUSHIL,2022-05-24 14:37:34
RUSHIL,2023-02-12 14:16:59
RUSHIL,2023-05-04 16:35:29
RUSHIL,2023-08-09 18:48:25
RUSHIL,2023-11-06 16:13:37
RUSHIL,2024-01-25 13:44:03
RUSHIL,2024-05-09 15:54:59
RUSHIL,2024-08-01 15:12:18
RUSHIL,2024-10-26 15:30:55
RUSHIL,2025-01-28 14:33:18
RUSTOMJEE,2023-02-07 17:59:10
RUSTOMJEE,2023-05-22 15:04:16
RUSTOMJEE,2023-08-07 14:28:52
RUSTOMJEE,2023-11-04 13:03:06
RUSTOMJEE,2024-01-30 13:41:54
RUSTOMJEE,2024-05-15 14:02:31
RUSTOMJEE,2024-08-05 13:37:06
RUSTOMJEE,2024-11-11 13:20:46
RUSTOMJEE,2025-02-11 13:49:34
RVHL,2021-02-05 14:18:58
RVHL,2021-05-27 15:03:01
RVHL,2021-08-12 13:54:24
RVHL,2021-11-10 14:32:54
RVHL,2022-02-08 13:38:52
RVHL,2022-05-25 14:18:43
RVHL,2023-02-03 17:48:46
RVHL,2023-05-29 18:06:29
RVHL,2023-05-30 10:22:55
RVHL,2023-08-11 18:26:57
RVHL,2023-11-07 17:01:59
RVHL,2024-02-14 15:57:02
RVHL,2024-05-29 18:25:30
RVHL,2024-08-12 18:29:20
RVHL,2024-11-12 22:16:54
RVHL,2025-02-12 18:15:31
RVNL,2021-02-11 14:41:35
RVNL,2021-06-29 17:06:36
RVNL,2021-08-12 20:31:12
RVNL,2021-11-10 15:43:50
RVNL,2022-02-09 16:23:51
RVNL,2022-05-30 18:09:23
RVNL,2022-05-30 18:21:42
RVNL,2022-05-31 15:35:08
RVNL,2023-02-10 16:21:38
RVNL,2023-05-29 17:33:25
RVNL,2023-08-12 15:23:52
RVNL,2023-11-09 16:42:38
RVNL,2024-02-08 16:22:46
RVNL,2024-05-17 16:56:11
RVNL,2024-08-08 14:16:59
RVNL,2024-11-07 15:45:37
RVNL,2025-02-14 20:26:00
RVTH,2024-09-17 17:03:49
RVTH,2024-10-25 18:46:12
RVTH,2025-02-14 21:34:25
S&SPOWER,2021-02-05 19:19:27
S&SPOWER,2021-06-29 20:33:05
S&SPOWER,2021-08-13 20:40:41
S&SPOWER,2021-11-15 19:20:20
S&SPOWER,2022-02-11 19:29:17
S&SPOWER,2022-05-31 21:21:26
S&SPOWER,2023-02-14 19:17:01
S&SPOWER,2023-05-30 19:46:29
S&SPOWER,2023-08-08 19:36:16
S&SPOWER,2023-11-07 19:45:12
S&SPOWER,2024-02-09 21:02:17
S&SPOWER,2024-05-30 19:22:19
S&SPOWER,2024-08-15 15:13:00
S&SPOWER,2024-11-14 14:40:40
S&SPOWER,2025-02-12 19:50:46
SAAKSHI,2023-11-09 18:51:21
SAAKSHI,2024-05-28 19:00:41
SAAKSHI,2024-11-13 17:43:23
SABAR,2023-05-30 17:48:54
SABAR,2023-05-30 18:01:25
SABAR,2023-11-08 18:34:47
SABAR,2023-11-08 18:45:29
SABAR,2024-05-28 15:20:47
SABAR,2024-11-14 19:16:14
SABEVENTS,2021-02-12 15:08:07
SABEVENTS,2021-06-01 14:22:31
SABEVENTS,2021-08-12 14:20:24
SABEVENTS,2021-11-11 13:52:04
SABEVENTS,2021-11-11 17:14:26
SABEVENTS,2022-02-11 14:00:02
SABEVENTS,2022-05-21 14:17:07
SABEVENTS,2023-01-31 14:23:30
SABEVENTS,2023-05-29 17:33:25
SABEVENTS,2023-08-11 17:28:30
SABEVENTS,2023-11-09 12:22:21
SABEVENTS,2024-02-12 16:10:09
SABEVENTS,2024-05-24 19:03:28
SABEVENTS,2024-08-13 14:53:56
SABEVENTS,2024-10-28 15:47:31
SABEVENTS,2025-01-31 14:30:25
SABTN,2021-02-10 12:56:30
SABTN,2021-06-28 19:02:13
SABTN,2021-08-12 13:33:48
SABTN,2021-11-12 16:08:56
SABTN,2021-11-15 11:14:43
SABTN,2022-02-11 13:09:16
SABTN,2022-05-25 19:11:36
SABTN,2023-02-15 15:50:17
SABTN,2023-05-26 20:23:21
SABTN,2023-08-14 10:21:40
SABTN,2023-11-09 12:54:18
SABTN,2024-02-14 12:43:33
SADBHAV,2021-02-12 19:09:27
SADBHAV,2021-06-30 23:33:16
SADBHAV,2021-08-14 14:20:23
SADBHAV,2021-11-14 19:29:18
SADBHAV,2022-02-14 16:26:24
SADBHAV,2022-05-31 00:10:21
SADBHAV,2023-02-15 14:59:51
SADBHAV,2023-05-28 22:55:50
SADBHAV,2023-08-14 22:38:50
SADBHAV,2023-11-09 22:18:01
SADBHAV,2024-02-09 18:59:59
SADBHAV,2024-05-22 00:11:28
SADBHAV,2024-08-14 21:21:07
SADBHAV,2024-11-14 22:19:48
SADBHAV,2025-02-14 19:55:37
SADBHIN,2021-02-10 19:21:35
SADBHIN,2021-06-29 00:08:21
SADBHIN,2021-08-12 22:46:43
SADBHIN,2021-11-13 21:48:51
SADBHIN,2022-02-12 23:19:27
SADBHIN,2022-05-28 23:04:53
SADBHIN,2023-02-15 15:10:13
SADBHIN,2023-05-28 18:58:34
SADBHIN,2023-08-14 20:53:17
SADBHIN,2023-11-07 23:56:50
SADBHIN,2024-02-08 20:57:06
SADBHIN,2024-05-21 20:23:55
SADBHIN,2024-08-12 22:22:36
SADBHIN,2024-11-12 23:53:11
SADBHIN,2025-02-12 22:07:10
SADHAV,2024-05-14 15:04:22
SADHAV,2024-11-12 14:01:27
SADHNANIQ,2023-05-24 18:45:11
SADHNANIQ,2023-08-07 18:47:30
SADHNANIQ,2023-10-26 19:22:45
SADHNANIQ,2024-01-30 17:45:49
SADHNANIQ,2024-05-17 18:29:27
SADHNANIQ,2024-08-08 18:41:33
SADHNANIQ,2024-11-13 18:35:59
SADHNANIQ,2025-02-03 18:32:57
SAFARI,2021-02-12 12:42:46
SAFARI,2021-05-13 13:38:01
SAFARI,2021-08-04 16:46:37
SAFARI,2021-08-11 13:16:31
SAFARI,2021-10-30 13:39:51
SAFARI,2022-02-08 13:48:28
SAFARI,2022-05-13 14:08:14
SAFARI,2023-02-08 13:24:50
SAFARI,2023-05-16 13:52:31
SAFARI,2023-08-09 14:00:51
SAFARI,2023-11-01 14:01:48
SAFARI,2024-02-07 13:33:45
SAFARI,2024-05-14 13:57:00
SAFARI,2024-08-07 13:33:15
SAFARI,2024-11-08 13:46:06
SAFARI,2025-02-04 13:22:13
SAGARDEEP,2021-02-08 17:33:34
SAGARDEEP,2021-06-15 18:45:54
SAGARDEEP,2021-08-14 16:20:53
SAGARDEEP,2021-11-12 19:40:02
SAGARDEEP,2022-02-09 18:37:36
SAGARDEEP,2022-05-24 20:35:49
SAGARDEEP,2023-02-02 18:17:57
SAGARDEEP,2023-05-24 18:41:03
SAGARDEEP,2023-08-10 18:53:37
SAGARDEEP,2023-11-07 19:45:42
SAGARDEEP,2024-02-08 18:29:41
SAGARDEEP,2024-05-28 21:11:07
SAGARDEEP,2024-08-09 19:10:41
SAGARDEEP,2024-11-12 21:18:10
SAGARDEEP,2025-02-11 19:17:44
SAGCEM,2021-01-20 17:48:56
SAGCEM,2021-05-12 19:13:11
SAGCEM,2021-07-28 17:33:03
SAGCEM,2021-10-27 18:07:32
SAGCEM,2021-10-28 17:05:08
SAGCEM,2022-01-28 17:25:00
SAGCEM,2022-05-12 15:11:59
SAGCEM,2023-01-23 18:35:11
SAGCEM,2023-05-10 19:29:40
SAGCEM,2023-07-27 17:51:37
SAGCEM,2023-10-19 16:57:02
SAGCEM,2024-01-24 16:52:56
SAGCEM,2024-05-14 20:19:24
SAGCEM,2024-07-18 16:25:04
SAGCEM,2024-10-23 19:38:59
SAGCEM,2025-01-24 17:20:04
SAGILITY,2024-11-25 23:27:50
SAGILITY,2025-02-05 18:36:01
SAHAJ,2023-11-14 16:30:01
SAHAJ,2024-05-30 16:35:46
SAHAJ,2024-11-25 19:00:03
SAHAJSOLAR,2024-10-30 12:27:28
SAHANA,2023-10-24 16:22:17
SAHANA,2024-05-18 19:57:02
SAHANA,2024-11-14 19:37:21
SAHASRA,2024-11-21 17:48:33
SAHYADRI,2023-05-23 16:51:21
SAHYADRI,2023-08-05 18:09:50
SAHYADRI,2023-11-04 19:24:12
SAHYADRI,2024-02-10 13:54:26
SAHYADRI,2024-05-25 16:05:56
SAHYADRI,2024-08-07 14:12:04
SAHYADRI,2024-11-08 16:48:04
SAHYADRI,2025-02-06 14:34:41
SAIFL,2024-05-31 18:44:18
SAIFL,2024-11-15 19:24:59
SAIL,2021-01-29 22:14:31
SAIL,2021-06-11 02:03:05
SAIL,2021-08-06 18:58:59
SAIL,2021-10-29 19:27:26
SAIL,2022-02-09 20:19:44
SAIL,2022-05-24 18:47:08
SAIL,2023-02-13 20:05:16
SAIL,2023-05-25 23:19:55
SAIL,2023-08-10 19:24:57
SAIL,2023-11-10 15:49:52
SAIL,2024-02-12 19:15:10
SAIL,2024-05-20 19:47:54
SAIL,2024-08-08 18:54:03
SAIL,2024-11-07 18:48:06
SAIL,2025-02-11 20:48:56
SAILIFE,2025-02-06 22:26:59
SAJHOTELS,2024-11-14 19:30:17
SAJHOTELS,2025-02-14 16:59:32
SAKAR,2021-02-05 12:21:05
SAKAR,2021-05-31 12:27:19
SAKAR,2021-08-12 13:58:55
SAKAR,2021-10-29 14:18:25
SAKAR,2022-02-08 13:42:40
SAKAR,2022-05-20 12:49:37
SAKAR,2023-02-10 14:43:07
SAKAR,2023-05-26 14:46:56
SAKAR,2023-08-14 15:04:11
SAKAR,2023-11-06 17:07:23
SAKAR,2024-02-10 16:26:14
SAKAR,2024-05-21 12:41:35
SAKAR,2024-08-13 12:08:20
SAKAR,2024-10-22 12:44:06
SAKAR,2025-02-08 12:21:38
SAKHTISUG,2021-02-10 18:19:42
SAKHTISUG,2021-06-30 13:50:23
SAKHTISUG,2021-08-13 14:09:48
SAKHTISUG,2021-11-13 12:34:14
SAKHTISUG,2022-02-14 14:03:11
SAKHTISUG,2022-05-25 14:07:40
SAKHTISUG,2023-02-15 12:20:28
SAKHTISUG,2023-05-29 13:34:42
SAKHTISUG,2023-08-14 13:20:53
SAKHTISUG,2023-11-09 17:16:29
SAKHTISUG,2024-02-12 13:13:20
SAKHTISUG,2024-05-29 12:56:46
SAKHTISUG,2024-08-14 17:13:54
SAKHTISUG,2024-11-12 16:30:37
SAKHTISUG,2025-02-13 13:03:22
SAKSOFT,2021-02-04 13:25:23
SAKSOFT,2021-05-26 13:31:49
SAKSOFT,2021-08-10 13:12:11
SAKSOFT,2021-11-11 13:39:23
SAKSOFT,2022-02-03 13:28:42
SAKSOFT,2022-05-26 13:26:41
SAKSOFT,2023-02-02 13:42:45
SAKSOFT,2023-05-25 13:40:36
SAKSOFT,2023-08-14 13:55:03
SAKSOFT,2023-11-07 14:45:03
SAKSOFT,2024-02-08 13:18:20
SAKSOFT,2024-05-27 14:32:35
SAKSOFT,2024-08-07 13:23:39
SAKSOFT,2024-11-11 13:47:29
SAKSOFT,2025-02-03 13:36:23
SAKUMA,2021-02-13 13:27:50
SAKUMA,2021-06-29 17:40:53
SAKUMA,2021-08-13 13:09:01
SAKUMA,2021-11-13 12:50:13
SAKUMA,2022-02-14 14:20:32
SAKUMA,2022-05-28 14:12:23
SAKUMA,2023-05-25 16:32:50
SAKUMA,2023-08-14 11:37:11
SAKUMA,2023-11-11 15:23:10
SAKUMA,2024-02-13 18:32:58
SAKUMA,2024-05-30 17:01:25
SAKUMA,2024-08-14 16:19:34
SAKUMA,2024-11-14 15:58:14
SAKUMA,2025-02-14 15:04:56
SALASAR,2021-02-13 18:39:44
SALASAR,2021-06-01 14:20:10
SALASAR,2021-08-14 15:59:21
SALASAR,2021-10-30 16:25:13
SALASAR,2022-02-11 14:05:05
SALASAR,2022-05-30 15:14:35
SALASAR,2023-02-11 13:47:39
SALASAR,2023-05-27 19:31:49
SALASAR,2023-08-12 14:41:55
SALASAR,2023-11-07 13:40:17
SALASAR,2024-02-05 16:00:03
SALASAR,2024-05-30 15:51:22
SALASAR,2024-08-15 19:12:48
SALASAR,2024-10-22 13:58:27
SALASAR,2025-02-14 14:35:03
SALONA,2021-02-12 19:27:31
SALONA,2021-06-28 19:11:29
SALONA,2021-08-12 18:17:22
SALONA,2021-11-11 19:25:09
SALONA,2022-02-14 17:47:51
SALONA,2022-05-30 20:24:18
SALONA,2023-02-14 12:37:20
SALONA,2023-05-26 16:52:32
SALONA,2023-05-29 14:44:00
SALONA,2023-08-11 19:18:23
SALONA,2023-11-09 15:22:41
SALONA,2024-02-12 18:37:21
SALONA,2024-05-29 15:40:03
SALONA,2024-08-12 20:19:47
SALONA,2024-11-12 19:38:43
SALONA,2025-02-12 15:46:42
SALSTEEL,2021-02-10 17:39:34
SALSTEEL,2021-06-30 17:20:47
SALSTEEL,2021-08-12 18:38:27
SALSTEEL,2021-11-12 20:15:30
SALSTEEL,2022-02-12 17:50:36
SALSTEEL,2022-05-28 18:36:09
SALSTEEL,2023-02-06 18:56:45
SALSTEEL,2023-05-29 18:42:58
SALSTEEL,2023-08-10 17:58:15
SALSTEEL,2023-11-04 16:58:57
SALSTEEL,2024-02-08 17:32:49
SALSTEEL,2024-05-30 13:51:51
SALSTEEL,2024-08-09 16:54:01
SALSTEEL,2024-11-12 17:30:41
SALSTEEL,2025-02-12 13:18:27
SALZERELEC,2021-02-04 13:19:59
SALZERELEC,2021-06-15 14:51:28
SALZERELEC,2021-08-12 13:15:15
SALZERELEC,2021-11-01 18:33:44
SALZERELEC,2022-02-07 13:02:17
SALZERELEC,2022-05-21 13:05:30
SALZERELEC,2023-02-10 12:55:51
SALZERELEC,2023-05-24 14:08:26
SALZERELEC,2023-08-07 18:13:45
SALZERELEC,2023-11-04 14:24:16
SALZERELEC,2024-02-08 13:51:33
SALZERELEC,2024-05-28 19:51:03
SALZERELEC,2024-08-06 14:38:03
SALZERELEC,2024-11-11 14:53:31
SALZERELEC,2025-02-11 18:35:21
SAMBHAAV,2021-02-12 13:15:31
SAMBHAAV,2021-06-04 14:28:37
SAMBHAAV,2021-08-12 14:26:48
SAMBHAAV,2021-11-12 13:18:11
SAMBHAAV,2022-02-14 12:57:09
SAMBHAAV,2022-05-13 13:34:06
SAMBHAAV,2023-01-28 13:24:35
SAMBHAAV,2023-05-26 14:38:59
SAMBHAAV,2023-08-12 16:44:56
SAMBHAAV,2023-11-02 12:25:18
SAMBHAAV,2024-02-09 16:24:20
SAMBHAAV,2024-05-04 17:15:13
SAMBHAAV,2024-08-12 12:25:30
SAMBHAAV,2024-10-26 12:38:37
SAMBHAAV,2025-02-10 12:56:11
SAMHI,2023-10-11 20:04:53
SAMHI,2023-11-08 20:21:53
SAMHI,2024-02-02 20:43:12
SAMHI,2024-05-29 22:14:26
SAMHI,2024-08-02 18:00:11
SAMHI,2024-11-08 17:25:51
SAMHI,2025-01-29 18:10:33
SAMMAANCAP,2021-02-12 16:19:08
SAMMAANCAP,2021-05-19 20:04:30
SAMMAANCAP,2021-08-05 20:09:08
SAMMAANCAP,2021-11-11 16:42:32
SAMMAANCAP,2022-02-09 16:52:15
SAMMAANCAP,2022-05-20 20:01:21
SAMMAANCAP,2023-02-14 16:03:17
SAMMAANCAP,2023-05-22 16:19:44
SAMMAANCAP,2023-08-14 15:42:10
SAMMAANCAP,2023-11-14 16:41:13
SAMMAANCAP,2024-02-14 16:19:25
SAMMAANCAP,2024-05-24 17:03:40
SAMMAANCAP,2024-08-13 17:05:40
SAMMAANCAP,2024-11-14 20:13:52
SAMMAANCAP,2025-02-11 13:15:18
SAMPANN,2021-01-22 17:36:02
SAMPANN,2021-06-18 13:56:31
SAMPANN,2021-08-13 13:31:59
SAMPANN,2021-10-23 13:04:29
SAMPANN,2022-01-24 18:15:40
SAMPANN,2022-04-18 12:31:40
SAMPANN,2023-02-06 13:03:56
SAMPANN,2023-05-08 13:22:46
SAMPANN,2023-08-11 13:06:33
SAMPANN,2023-11-08 13:00:19
SAMPANN,2024-02-12 13:05:10
SAMPANN,2024-05-23 13:12:25
SAMPANN,2024-08-12 13:18:34
SAMPANN,2024-11-11 16:54:24
SAMPANN,2025-01-24 13:19:15
SANATHAN,2025-01-17 14:41:30
SANATHAN,2025-02-10 17:46:39
SANCO,2021-02-12 14:28:38
SANCO,2021-06-30 15:01:30
SANCO,2021-08-13 13:46:19
SANCO,2021-11-13 14:20:57
SANCO,2022-02-11 14:17:28
SANCO,2022-05-28 19:47:17
SANCO,2023-03-03 13:59:57
SANCO,2023-05-31 23:31:34
SANCO,2023-08-14 21:36:29
SANCO,2023-11-11 23:26:04
SANCO,2024-02-12 16:16:30
SANCO,2024-05-29 23:57:04
SANCO,2024-08-12 14:40:10
SANCO,2024-11-13 22:49:54
SANCO,2025-02-13 15:50:15
SANDESH,2021-02-09 18:40:39
SANDESH,2021-06-29 18:44:47
SANDESH,2021-08-13 18:39:38
SANDESH,2021-10-30 19:07:37
SANDESH,2022-02-11 18:23:59
SANDESH,2022-05-25 19:13:36
SANDESH,2023-02-14 20:12:10
SANDESH,2023-05-26 18:57:48
SANDESH,2023-08-12 18:57:55
SANDESH,2023-11-08 19:00:13
SANDESH,2024-02-10 19:53:02
SANDESH,2024-05-29 20:44:33
SANDESH,2024-08-13 13:40:10
SANDESH,2024-11-12 13:28:47
SANDESH,2025-02-13 18:52:17
SANDHAR,2021-02-13 14:31:11
SANDHAR,2021-05-21 14:41:38
SANDHAR,2021-08-06 13:55:51
SANDHAR,2021-08-06 16:14:57
SANDHAR,2021-11-12 14:26:26
SANDHAR,2022-02-02 13:57:29
SANDHAR,2022-05-18 14:23:21
SANDHAR,2023-02-09 13:43:29
SANDHAR,2023-05-25 14:36:05
SANDHAR,2023-08-09 13:48:43
SANDHAR,2023-11-09 13:39:35
SANDHAR,2024-02-08 17:09:15
SANDHAR,2024-05-23 17:42:43
SANDHAR,2024-08-08 17:28:57
SANDHAR,2024-11-11 13:57:12
SANDHAR,2025-02-12 18:13:05
SANDUMA,2023-11-08 17:45:01
SANDUMA,2024-02-08 17:07:22
SANDUMA,2024-05-15 20:08:28
SANDUMA,2024-08-05 19:48:55
SANDUMA,2024-11-13 18:52:20
SANDUMA,2025-02-14 21:02:37
SANGAMIND,2021-01-21 17:06:51
SANGAMIND,2021-01-28 12:23:38
SANGAMIND,2021-05-05 16:17:47
SANGAMIND,2021-05-06 17:16:27
SANGAMIND,2021-07-21 17:23:51
SANGAMIND,2021-10-16 16:03:41
SANGAMIND,2022-01-22 16:04:11
SANGAMIND,2022-05-31 15:05:54
SANGAMIND,2023-02-13 18:11:40
SANGAMIND,2023-04-28 20:01:31
SANGAMIND,2023-08-10 15:57:31
SANGAMIND,2023-10-26 16:14:26
SANGAMIND,2024-02-03 16:17:41
SANGAMIND,2024-05-10 14:52:23
SANGAMIND,2024-08-12 15:58:56
SANGAMIND,2024-10-25 18:56:32
SANGAMIND,2025-02-12 16:31:01
SANGANI,2023-11-09 20:20:57
SANGANI,2024-05-29 23:12:37
SANGANI,2024-11-14 20:49:53
SANGHIIND,2021-01-29 18:49:31
SANGHIIND,2021-06-10 18:13:56
SANGHIIND,2021-08-12 17:59:56
SANGHIIND,2021-11-12 17:17:28
SANGHIIND,2022-02-09 17:16:09
SANGHIIND,2022-05-24 18:25:19
SANGHIIND,2023-02-14 18:34:46
SANGHIIND,2023-05-17 17:34:11
SANGHIIND,2023-08-14 14:48:42
SANGHIIND,2023-10-21 19:06:29
SANGHIIND,2024-01-27 14:06:53
SANGHIIND,2024-04-27 14:43:09
SANGHIIND,2024-07-29 13:36:16
SANGHIIND,2024-10-26 17:11:39
SANGHIIND,2025-01-27 17:04:54
SANGHVIFOR,2021-03-03 09:57:18
SANGHVIMOV,2021-02-11 16:22:33
SANGHVIMOV,2021-05-27 14:33:53
SANGHVIMOV,2021-08-10 13:04:31
SANGHVIMOV,2021-11-12 13:47:21
SANGHVIMOV,2022-02-09 15:29:27
SANGHVIMOV,2022-05-25 14:38:20
SANGHVIMOV,2023-02-10 13:32:34
SANGHVIMOV,2023-05-24 13:58:46
SANGHVIMOV,2023-08-07 13:11:08
SANGHVIMOV,2023-11-07 13:27:22
SANGHVIMOV,2024-02-07 13:31:04
SANGHVIMOV,2024-05-16 15:14:38
SANGHVIMOV,2024-08-07 14:26:07
SANGHVIMOV,2024-11-14 14:53:56
SANGHVIMOV,2025-02-13 14:13:38
SANGINITA,2021-01-29 16:01:41
SANGINITA,2021-05-13 17:02:08
SANGINITA,2021-07-16 14:22:48
SANGINITA,2021-10-13 16:09:14
SANGINITA,2022-01-11 16:07:12
SANGINITA,2022-04-27 17:05:45
SANGINITA,2023-01-11 16:14:10
SANGINITA,2023-04-18 17:05:20
SANGINITA,2023-07-14 16:14:30
SANGINITA,2023-10-13 16:12:25
SANGINITA,2024-01-11 16:53:14
SANGINITA,2024-05-30 18:18:08
SANGINITA,2024-07-12 16:10:42
SANGINITA,2024-10-11 16:41:10
SANGINITA,2025-01-11 16:34:18
SANOFI,2021-02-23 18:01:41
SANOFI,2021-04-27 20:09:31
SANOFI,2021-07-27 14:02:01
SANOFI,2021-10-26 16:17:13
SANOFI,2022-02-24 16:18:35
SANOFI,2022-04-26 14:31:54
SANOFI,2023-02-23 17:24:27
SANOFI,2023-05-10 14:22:16
SANOFI,2023-08-10 15:45:49
SANOFI,2023-11-08 17:30:55
SANOFI,2024-02-23 17:56:23
SANOFI,2024-05-13 19:06:31
SANOFI,2024-07-26 15:46:23
SANOFI,2024-11-07 17:52:09
SANOFI,2025-02-27 21:39:24
SANOFICONR,2024-09-18 16:37:28
SANOFICONR,2024-11-12 16:49:28
SANOFICONR,2025-02-20 19:58:55
SANSERA,2021-11-10 18:55:08
SANSERA,2021-11-12 11:05:02
SANSERA,2022-02-07 19:12:47
SANSERA,2022-05-23 19:57:01
SANSERA,2023-02-06 18:05:47
SANSERA,2023-05-22 17:19:52
SANSERA,2023-05-22 17:29:05
SANSERA,2023-08-01 16:28:04
SANSERA,2023-11-08 19:14:40
SANSERA,2024-02-12 17:27:28
SANSERA,2024-05-16 18:19:07
SANSERA,2024-08-08 17:15:34
SANSERA,2024-11-11 16:58:14
SANSERA,2025-02-10 18:34:03
SANSTAR,2024-08-14 14:45:51
SANSTAR,2024-11-14 18:06:52
SANSTAR,2025-02-12 17:48:14
SANWARIA,2021-02-02 20:23:32
SANWARIA,2021-06-30 20:50:58
SANWARIA,2021-08-14 15:33:38
SANWARIA,2021-12-18 21:02:34
SANWARIA,2021-12-23 20:43:52
SANWARIA,2022-02-14 21:07:20
SANWARIA,2022-06-01 20:19:14
SANWARIA,2023-02-13 22:06:23
SANWARIA,2023-05-29 21:34:26
SANWARIA,2023-08-14 20:59:09
SANWARIA,2023-11-14 21:19:17
SANWARIA,2024-02-14 20:31:28
SANWARIA,2024-05-28 20:47:20
SANWARIA,2024-08-13 20:28:24
SANWARIA,2024-11-18 15:55:50
SANWARIA,2025-02-14 19:54:24
SAPPHIRE,2022-02-11 14:39:36
SAPPHIRE,2022-05-18 10:30:13
SAPPHIRE,2023-02-09 13:22:49
SAPPHIRE,2023-05-12 13:51:49
SAPPHIRE,2023-08-02 13:38:52
SAPPHIRE,2023-11-02 13:26:32
SAPPHIRE,2024-02-09 13:19:00
SAPPHIRE,2024-05-10 13:46:46
SAPPHIRE,2024-07-30 13:18:12
SAPPHIRE,2024-10-28 13:38:28
SAPPHIRE,2025-02-06 13:40:46
SARDAEN,2021-02-13 14:14:22
SARDAEN,2021-05-22 14:57:32
SARDAEN,2021-07-31 14:03:40
SARDAEN,2021-10-30 19:09:25
SARDAEN,2022-02-05 14:16:15
SARDAEN,2022-05-21 16:55:24
SARDAEN,2023-02-10 20:35:26
SARDAEN,2023-05-27 15:17:35
SARDAEN,2023-07-29 14:38:45
SARDAEN,2023-10-27 17:58:10
SARDAEN,2024-02-03 14:45:16
SARDAEN,2024-05-25 15:11:32
SARDAEN,2024-08-03 16:08:45
SARDAEN,2024-11-14 16:39:12
SARDAEN,2025-02-08 16:08:23
SAREGAMA,2021-01-21 12:41:59
SAREGAMA,2021-05-12 13:47:25
SAREGAMA,2021-07-22 12:09:55
SAREGAMA,2021-10-11 14:11:20
SAREGAMA,2021-10-11 16:25:05
SAREGAMA,2022-01-19 14:23:58
SAREGAMA,2022-01-19 17:33:41
SAREGAMA,2022-05-02 15:35:44
SAREGAMA,2023-01-20 16:24:32
SAREGAMA,2023-05-19 11:53:55
SAREGAMA,2023-07-27 14:23:14
SAREGAMA,2023-11-01 12:06:18
SAREGAMA,2024-02-09 11:57:27
SAREGAMA,2024-05-23 12:13:09
SAREGAMA,2024-08-02 12:17:49
SAREGAMA,2024-11-05 12:15:56
SAREGAMA,2025-02-10 13:17:34
SARLAPOLY,2021-02-11 14:36:13
SARLAPOLY,2021-06-25 15:42:05
SARLAPOLY,2021-08-10 14:24:45
SARLAPOLY,2021-10-30 20:29:28
SARLAPOLY,2022-02-12 14:49:22
SARLAPOLY,2022-05-25 16:41:51
SARLAPOLY,2023-01-28 14:44:08
SARLAPOLY,2023-05-13 16:54:40
SARLAPOLY,2023-08-10 18:43:56
SARLAPOLY,2023-11-04 19:23:56
SARLAPOLY,2024-01-24 18:00:56
SARLAPOLY,2024-05-14 11:57:40
SARLAPOLY,2024-07-29 17:12:58
SARLAPOLY,2024-10-28 17:19:29
SARLAPOLY,2025-01-30 16:39:26
SAROJA,2023-11-09 18:32:52
SAROJA,2023-11-09 19:35:00
SAROJA,2024-05-29 15:28:58
SAROJA,2024-11-13 19:07:53
SARTELE,2023-11-27 17:21:56
SARTELE,2024-05-20 17:17:44
SARTELE,2024-11-12 15:04:56
SARTELE,2024-11-12 15:06:44
SARTELE,2025-02-14 12:40:27
SARVESHWAR,2021-07-21 00:11:34
SARVESHWAR,2021-11-08 15:39:39
SARVESHWAR,2021-11-08 15:39:39
SARVESHWAR,2021-11-14 22:43:10
SARVESHWAR,2022-05-31 00:00:37
SARVESHWAR,2023-02-15 17:56:07
SARVESHWAR,2023-05-31 00:41:11
SARVESHWAR,2023-08-14 22:33:15
SARVESHWAR,2023-11-10 20:40:00
SARVESHWAR,2024-02-12 19:36:02
SARVESHWAR,2024-05-16 19:09:12
SARVESHWAR,2024-08-13 22:22:40
SARVESHWAR,2024-10-18 20:13:02
SARVESHWAR,2025-02-12 19:59:26
SASKEN,2021-01-20 14:51:04
SASKEN,2021-04-13 15:52:58
SASKEN,2021-04-22 20:22:41
SASKEN,2021-04-22 20:31:34
SASKEN,2021-07-21 16:13:22
SASKEN,2021-10-21 16:48:48
SASKEN,2021-10-21 16:51:02
SASKEN,2022-01-20 16:04:24
SASKEN,2022-01-20 16:05:36
SASKEN,2022-04-21 16:28:35
SASKEN,2023-01-24 17:16:19
SASKEN,2023-05-02 21:20:49
SASKEN,2023-07-26 18:51:00
SASKEN,2023-10-20 18:50:58
SASKEN,2024-01-23 18:06:15
SASKEN,2024-05-07 18:34:37
SASKEN,2024-07-31 17:11:05
SASKEN,2024-07-31 17:38:37
SASKEN,2024-10-25 18:13:21
SASKEN,2025-01-24 17:27:08
SATECH,2024-11-11 10:24:36
SATHAISPAT,2021-02-12 16:38:51
SATHAISPAT,2021-06-30 14:39:38
SATHAISPAT,2021-10-13 15:14:39
SATHAISPAT,2021-11-13 13:42:24
SATHAISPAT,2022-02-14 18:39:19
SATHAISPAT,2022-05-16 18:19:53
SATHAISPAT,2023-03-20 19:30:30
SATHAISPAT,2023-04-14 16:46:41
SATIA,2021-02-12 13:15:09
SATIA,2021-05-10 16:36:18
SATIA,2021-08-13 14:53:52
SATIA,2021-11-12 13:31:35
SATIA,2022-02-11 13:56:20
SATIA,2022-05-27 16:37:05
SATIA,2023-02-11 10:51:18
SATIA,2023-04-28 15:43:12
SATIA,2023-08-11 12:25:37
SATIA,2023-11-03 15:42:21
SATIA,2024-02-10 13:38:16
SATIA,2024-05-27 15:29:17
SATIA,2024-08-09 14:22:19
SATIA,2024-11-13 14:50:58
SATIA,2025-02-11 14:59:33
SATIN,2021-02-12 15:24:17
SATIN,2021-06-14 17:35:25
SATIN,2021-08-09 14:04:11
SATIN,2021-10-29 17:30:28
SATIN,2022-01-31 17:07:31
SATIN,2022-05-04 17:53:47
SATIN,2023-01-23 16:40:08
SATIN,2023-04-29 16:05:31
SATIN,2023-07-28 15:02:50
SATIN,2023-10-27 14:41:55
SATIN,2024-02-02 16:42:03
SATIN,2024-04-29 14:26:42
SATIN,2024-07-31 14:41:47
SATIN,2024-11-08 14:37:11
SATIN,2025-02-10 15:23:57
SATIPOLY,2024-08-13 13:44:34
SATIPOLY,2024-11-13 13:34:00
SAURASHCEM,2024-05-28 20:22:54
SAURASHCEM,2024-05-28 20:26:00
SAURASHCEM,2024-08-09 18:23:23
SAURASHCEM,2024-11-13 19:36:13
SAURASHCEM,2025-02-13 18:24:49
SBC,2022-02-09 22:04:19
SBC,2022-05-18 15:40:03
SBC,2023-02-03 17:40:29
SBC,2023-05-18 22:39:06
SBC,2023-08-11 16:57:49
SBC,2023-11-09 19:18:07
SBC,2024-01-24 18:31:21
SBC,2024-05-16 17:24:15
SBC,2024-07-26 19:51:53
SBC,2024-10-22 21:29:36
SBC,2025-01-24 19:55:32
SBCL,2021-06-29 19:08:31
SBCL,2021-06-30 15:46:27
SBCL,2021-08-12 16:03:52
SBCL,2021-11-02 16:39:34
SBCL,2022-02-02 15:49:25
SBCL,2022-05-30 15:48:02
SBCL,2023-02-07 16:23:24
SBCL,2023-05-17 16:00:32
SBCL,2023-07-31 15:54:53
SBCL,2023-11-06 14:58:34
SBCL,2024-02-07 16:20:55
SBCL,2024-05-29 12:56:36
SBCL,2024-08-06 13:52:27
SBCL,2024-11-06 15:21:13
SBCL,2025-02-12 15:52:41
SBFC,2023-08-29 19:23:11
SBFC,2023-10-27 14:06:07
SBFC,2024-01-25 13:57:24
SBFC,2024-04-27 15:31:08
SBFC,2024-07-27 14:45:16
SBFC,2024-10-26 16:40:23
SBFC,2025-01-25 16:24:21
SBGLP,2023-05-26 03:43:37
SBGLP,2023-08-14 18:09:56
SBGLP,2023-11-07 21:19:26
SBGLP,2024-02-07 16:51:07
SBGLP,2024-05-24 19:21:36
SBGLP,2024-08-10 17:35:08
SBGLP,2024-10-26 21:33:26
SBGLP,2025-02-04 18:46:47
SBICARD,2021-01-21 17:39:47
SBICARD,2021-04-26 15:43:28
SBICARD,2021-07-23 16:21:00
SBICARD,2021-10-28 15:26:19
SBICARD,2022-01-24 16:34:48
SBICARD,2022-04-29 15:31:17
SBICARD,2023-01-24 14:17:03
SBICARD,2023-04-28 17:42:27
SBICARD,2023-07-28 15:54:48
SBICARD,2023-10-27 18:10:49
SBICARD,2024-01-25 17:34:16
SBICARD,2024-04-26 18:04:17
SBICARD,2024-07-26 18:49:41
SBICARD,2024-10-29 15:19:32
SBICARD,2025-01-28 17:57:05
SBILIFE,2021-01-22 14:12:11
SBILIFE,2021-05-03 14:53:20
SBILIFE,2021-07-26 15:16:13
SBILIFE,2021-10-28 13:20:33
SBILIFE,2022-01-21 15:08:01
SBILIFE,2022-04-28 15:14:08
SBILIFE,2023-01-21 17:32:05
SBILIFE,2023-04-26 19:15:42
SBILIFE,2023-07-25 18:47:27
SBILIFE,2023-10-27 14:50:50
SBILIFE,2024-01-25 14:26:32
SBILIFE,2024-04-26 15:48:48
SBILIFE,2024-07-24 15:33:14
SBILIFE,2024-07-24 18:50:21
SBILIFE,2024-10-23 14:40:42
SBILIFE,2025-01-17 14:35:42
SBIN,2021-02-04 13:34:46
SBIN,2021-05-21 14:12:10
SBIN,2021-08-04 13:33:13
SBIN,2021-11-03 13:42:53
SBIN,2022-02-05 13:32:40
SBIN,2022-05-13 13:20:15
SBIN,2023-02-03 17:09:13
SBIN,2023-05-18 13:42:34
SBIN,2023-08-04 13:24:00
SBIN,2023-11-04 13:55:48
SBIN,2024-02-03 13:35:05
SBIN,2024-05-09 13:46:08
SBIN,2024-08-03 13:33:29
SBIN,2024-11-08 13:41:03
SBIN,2025-02-06 14:23:58
SCHAEFFLER,2021-02-17 12:02:04
SCHAEFFLER,2021-04-26 17:03:47
SCHAEFFLER,2021-07-21 17:46:58
SCHAEFFLER,2021-10-28 19:07:33
SCHAEFFLER,2022-02-16 20:51:09
SCHAEFFLER,2022-04-26 18:29:58
SCHAEFFLER,2023-02-17 11:24:30
SCHAEFFLER,2023-04-19 10:34:43
SCHAEFFLER,2023-07-26 17:27:10
SCHAEFFLER,2023-10-27 16:08:17
SCHAEFFLER,2024-02-16 17:54:09
SCHAEFFLER,2024-04-25 18:22:34
SCHAEFFLER,2024-07-23 17:32:18
SCHAEFFLER,2024-10-23 16:01:01
SCHAEFFLER,2025-02-27 16:52:46
SCHAND,2021-02-12 12:55:48
SCHAND,2021-06-22 13:48:45
SCHAND,2021-08-12 19:21:52
SCHAND,2021-11-13 13:49:45
SCHAND,2022-02-04 16:49:25
SCHAND,2022-05-24 19:00:35
SCHAND,2023-02-10 17:28:08
SCHAND,2023-05-30 15:13:29
SCHAND,2023-08-11 14:14:16
SCHAND,2023-11-10 16:34:10
SCHAND,2024-02-06 16:33:04
SCHAND,2024-05-24 17:45:50
SCHAND,2024-08-12 16:20:43
SCHAND,2024-11-11 17:28:26
SCHAND,2025-02-07 14:32:50
SCHNEIDER,2021-02-10 16:06:56
SCHNEIDER,2021-06-23 22:03:12
SCHNEIDER,2021-08-12 20:18:24
SCHNEIDER,2021-11-11 15:12:23
SCHNEIDER,2022-02-10 16:43:16
SCHNEIDER,2022-05-21 20:20:03
SCHNEIDER,2023-02-13 16:03:22
SCHNEIDER,2023-05-23 16:39:58
SCHNEIDER,2023-08-09 18:05:04
SCHNEIDER,2023-11-07 16:31:42
SCHNEIDER,2024-02-08 16:34:16
SCHNEIDER,2024-05-23 15:38:10
SCHNEIDER,2024-08-05 16:05:39
SCHNEIDER,2024-11-14 12:29:06
SCHNEIDER,2025-02-11 13:26:40
SCI,2021-02-05 18:20:54
SCI,2021-05-13 20:25:33
SCI,2021-05-13 20:52:57
SCI,2021-08-03 15:09:25
SCI,2021-11-01 18:03:46
SCI,2022-01-31 18:25:00
SCI,2022-05-06 20:52:01
SCI,2023-02-03 19:28:50
SCI,2023-05-09 21:28:42
SCI,2023-08-04 20:37:57
SCI,2023-11-03 18:44:16
SCI,2024-02-09 20:48:28
SCI,2024-05-17 18:15:35
SCI,2024-08-09 17:50:25
SCI,2024-11-08 18:55:53
SCI,2025-02-07 19:00:49
SCILAL,2024-03-22 11:15:09
SCILAL,2024-04-29 18:21:46
SCILAL,2024-08-13 13:19:25
SCILAL,2024-11-06 13:26:31
SCILAL,2025-02-04 19:01:12
SCML,2023-12-18 16:21:47
SCML,2024-05-29 19:04:36
SCML,2024-11-14 17:14:16
SCPL,2023-01-20 15:51:52
SCPL,2023-04-20 12:09:31
SCPL,2023-07-18 13:18:47
SCPL,2023-11-04 12:57:53
SCPL,2024-02-05 16:55:22
SCPL,2024-05-11 21:21:01
SCPL,2024-07-15 15:57:11
SCPL,2024-11-12 13:36:48
SCPL,2025-02-07 17:28:00
SDBL,2021-02-10 17:17:29
SDBL,2021-06-03 19:21:48
SDBL,2021-08-11 17:16:36
SDBL,2021-10-30 19:46:02
SDBL,2022-02-10 18:39:09
SDBL,2022-04-26 20:20:03
SDBL,2023-01-24 16:03:41
SDBL,2023-04-27 14:44:28
SDBL,2023-07-31 16:04:35
SDBL,2023-10-13 16:06:14
SDBL,2024-01-17 15:10:31
SDBL,2024-04-25 16:33:38
SDBL,2024-08-05 15:12:20
SDBL,2024-11-14 13:46:21
SDBL,2025-01-28 17:27:46
SDREAMS,2024-11-12 19:34:42
SEAMECLTD,2021-02-10 14:54:17
SEAMECLTD,2021-06-07 17:25:01
SEAMECLTD,2021-08-13 14:29:24
SEAMECLTD,2021-11-12 14:51:24
SEAMECLTD,2022-02-14 14:56:04
SEAMECLTD,2022-05-30 15:19:06
SEAMECLTD,2023-02-09 15:59:33
SEAMECLTD,2023-05-24 14:00:08
SEAMECLTD,2023-08-10 14:25:13
SEAMECLTD,2023-11-06 20:43:38
SEAMECLTD,2024-02-12 14:59:21
SEAMECLTD,2024-05-28 18:19:29
SEAMECLTD,2024-08-08 15:27:01
SEAMECLTD,2024-11-12 15:06:00
SEAMECLTD,2025-02-11 17:04:36
SECL,2021-01-22 16:03:31
SECL,2021-02-03 19:36:29
SECL,2021-11-15 22:45:20
SECL,2021-12-23 17:50:22
SECL,2022-05-13 19:23:55
SECL,2023-05-30 18:32:08
SECL,2023-06-01 14:09:29
SECL,2023-11-01 13:52:34
SECL,2024-06-21 18:15:40
SECL,2024-11-14 18:38:23
SECMARK,2023-11-08 15:18:01
SECMARK,2024-02-08 16:49:19
SECMARK,2024-05-14 16:49:22
SECMARK,2024-08-13 18:55:59
SECMARK,2024-11-12 17:12:07
SECMARK,2025-02-14 19:02:52
SECURCRED,2021-03-06 12:59:59
SECURCRED,2021-11-23 22:06:41
SECURCRED,2021-12-25 12:12:57
SECURCRED,2022-05-30 21:07:29
SECURCRED,2023-01-31 20:16:47
SECURCRED,2023-05-23 22:23:39
SECURCRED,2023-08-11 18:44:59
SECURCRED,2023-11-22 13:30:20
SECURCRED,2024-01-19 18:39:25
SECURKLOUD,2021-02-03 18:21:41
SECURKLOUD,2021-06-30 11:09:27
SECURKLOUD,2021-08-06 10:13:27
SECURKLOUD,2021-11-15 17:14:19
SECURKLOUD,2022-02-08 08:29:56
SECURKLOUD,2022-04-29 10:34:40
SECURKLOUD,2023-01-31 18:22:17
SECURKLOUD,2023-05-29 18:57:05
SECURKLOUD,2023-08-10 13:58:17
SECURKLOUD,2023-11-06 19:03:53
SECURKLOUD,2024-01-31 12:16:55
SECURKLOUD,2024-05-30 16:18:57
SECURKLOUD,2024-08-14 14:06:25
SECURKLOUD,2024-11-14 19:08:33
SECURKLOUD,2025-02-14 18:35:09
SEJAL,2021-02-13 20:07:12
SEJAL,2021-06-30 23:24:21
SEJAL,2021-08-14 20:20:37
SEJAL,2021-11-01 17:30:57
SEJALLTD,2022-02-12 18:03:39
SEJALLTD,2022-05-11 21:22:06
SEJALLTD,2023-02-11 17:52:18
SEJALLTD,2023-05-14 20:44:04
SEJALLTD,2023-08-12 17:53:45
SEJALLTD,2023-11-03 17:46:59
SEJALLTD,2024-02-12 16:43:46
SEJALLTD,2024-04-19 22:52:46
SEJALLTD,2024-08-12 18:04:14
SEJALLTD,2024-10-26 17:36:49
SEJALLTD,2025-02-08 15:09:19
SEL,2023-11-08 19:30:08
SEL,2024-05-30 00:08:55
SEL,2024-05-30 00:12:35
SEL,2024-11-14 20:19:25
SELMC,2021-11-09 18:57:21
SELMC,2022-02-14 17:12:54
SELMC,2022-05-30 15:20:47
SELMC,2023-02-13 14:59:00
SELMC,2023-05-30 13:22:24
SELMC,2023-07-27 14:14:53
SELMC,2023-11-09 13:50:41
SELMC,2024-02-14 13:56:46
SELMC,2024-05-30 16:58:38
SELMC,2024-07-30 13:01:42
SELMC,2024-11-14 13:19:26
SELMC,2025-02-14 14:31:11
SELMCL,2021-02-05 10:46:20
SELMCL,2021-02-13 13:48:17
SELMCL,2021-02-13 17:45:06
SELMCL,2021-04-08 17:56:57
SELMCL,2021-04-08 18:05:45
SELMCL,2021-04-08 18:11:22
SELMCL,2021-06-29 17:44:25
SELMCL,2021-07-27 15:38:21
SEMAC,2021-02-12 18:30:08
SEMAC,2021-06-18 19:59:53
SEMAC,2021-08-13 20:37:15
SEMAC,2021-11-12 19:23:28
SEMAC,2022-02-11 19:19:06
SEMAC,2022-05-24 19:11:11
SEMAC,2023-02-13 19:24:55
SEMAC,2023-05-27 22:25:37
SEMAC,2023-07-29 20:46:00
SEMAC,2023-10-25 18:15:11
SEMAC,2024-02-13 17:06:10
SEMAC,2024-05-30 14:58:57
SEMAC,2024-08-06 19:43:28
SEMAC,2024-10-28 16:16:48
SEMAC,2025-02-10 15:56:24
SENCO,2023-08-14 17:55:39
SENCO,2023-11-09 20:09:46
SENCO,2024-02-13 20:05:08
SENCO,2024-05-23 20:01:35
SENCO,2024-08-12 19:47:31
SENCO,2024-11-13 19:55:49
SENCO,2025-02-13 19:22:22
SENORES,2025-01-23 13:51:49
SEPC,2021-02-13 14:51:47
SEPC,2021-06-29 19:48:07
SEPC,2021-08-13 16:06:28
SEPC,2021-11-12 19:49:54
SEPC,2022-02-11 20:14:44
SEPC,2022-02-11 20:17:07
SEPC,2022-06-24 21:18:30
SEPC,2023-02-09 15:14:09
SEPC,2023-05-25 15:37:16
SEPC,2023-08-11 14:37:32
SEPC,2023-11-09 17:17:25
SEPC,2024-02-13 18:22:07
SEPC,2024-05-28 15:46:05
SEPC,2024-08-14 17:13:20
SEPC,2024-11-14 15:55:17
SEPC,2025-02-13 18:49:37
SERVICE,2023-08-08 18:43:09
SERVICE,2023-11-09 16:48:27
SERVICE,2024-05-27 17:22:38
SERVICE,2024-11-11 17:40:10
SERVOTECH,2021-06-30 23:47:56
SERVOTECH,2021-11-12 22:30:52
SERVOTECH,2022-02-01 18:12:24
SERVOTECH,2022-02-01 18:27:01
SERVOTECH,2022-05-20 19:44:09
SERVOTECH,2023-01-21 19:01:19
SERVOTECH,2023-05-07 15:54:34
SERVOTECH,2023-07-21 18:29:05
SERVOTECH,2023-10-30 20:41:52
SERVOTECH,2024-02-06 17:44:34
SERVOTECH,2024-05-09 23:09:15
SERVOTECH,2024-07-30 17:02:06
SERVOTECH,2024-10-28 18:40:52
SERVOTECH,2025-01-21 16:36:41
SESHAPAPER,2021-02-06 14:23:58
SESHAPAPER,2021-05-08 14:05:59
SESHAPAPER,2021-07-23 17:33:15
SESHAPAPER,2021-10-23 13:50:22
SESHAPAPER,2022-01-22 13:11:58
SESHAPAPER,2022-05-07 14:10:19
SESHAPAPER,2023-01-28 14:03:34
SESHAPAPER,2023-04-29 14:08:56
SESHAPAPER,2023-07-22 14:02:23
SESHAPAPER,2023-11-04 14:28:14
SESHAPAPER,2024-01-20 14:48:28
SESHAPAPER,2024-04-27 13:54:02
SESHAPAPER,2024-07-20 14:05:47
SESHAPAPER,2024-10-19 12:59:05
SESHAPAPER,2025-01-17 20:37:58
SETCO,2021-02-09 14:58:21
SETCO,2021-08-08 17:48:58
SETCO,2021-08-08 17:51:35
SETCO,2021-08-09 23:36:15
SETCO,2021-08-09 23:38:20
SETCO,2021-12-04 17:13:21
SETCO,2021-12-17 16:54:59
SETCO,2022-02-12 13:26:06
SETCO,2022-07-06 18:26:18
SETCO,2023-02-14 17:30:26
SETCO,2023-06-02 17:41:00
SETCO,2023-08-14 13:32:16
SETCO,2023-11-10 14:43:56
SETCO,2024-02-09 13:48:12
SETCO,2024-07-12 14:49:02
SETCO,2024-08-14 18:09:14
SETCO,2024-11-14 15:50:55
SETCO,2025-02-12 14:20:20
SETL,2025-02-12 13:57:41
SETUINFRA,2021-02-12 22:37:38
SETUINFRA,2021-06-30 21:01:13
SETUINFRA,2021-08-13 20:44:02
SETUINFRA,2021-11-11 21:20:57
SETUINFRA,2022-02-12 18:13:44
SETUINFRA,2022-05-30 22:01:47
SETUINFRA,2023-08-09 18:00:15
SETUINFRA,2024-01-31 15:00:24
SETUINFRA,2024-01-31 15:01:26
SETUINFRA,2024-01-31 15:06:01
SETUINFRA,2024-03-01 13:09:04
SEYAIND,2021-02-13 16:08:41
SEYAIND,2021-06-30 19:27:09
SEYAIND,2022-02-14 20:27:20
SEYAIND,2022-02-14 20:29:23
SEYAIND,2022-02-14 23:16:09
SEYAIND,2022-05-31 19:30:00
SEYAIND,2023-02-14 18:57:29
SEYAIND,2023-05-30 19:23:17
SEYAIND,2023-08-14 20:31:55
SEYAIND,2023-12-21 15:33:28
SEYAIND,2024-02-14 17:11:17
SEYAIND,2024-05-30 19:29:25
SEYAIND,2024-08-14 17:51:44
SEYAIND,2024-11-14 18:03:36
SEYAIND,2025-02-14 18:11:38
SFL,2021-02-03 16:43:15
SFL,2021-05-29 19:54:26
SFL,2021-08-14 17:58:31
SFL,2021-10-29 18:13:56
SFL,2022-02-02 18:51:19
SFL,2022-05-12 13:31:26
SFL,2023-02-02 18:37:20
SFL,2023-05-17 19:27:17
SFL,2023-08-02 19:12:13
SFL,2023-11-02 18:54:22
SFL,2024-02-06 19:41:44
SFL,2024-05-21 19:27:28
SFL,2024-08-02 18:42:33
SFL,2024-10-29 17:30:48
SFL,2025-01-31 18:30:48
SFML,2025-02-21 15:11:14
SGFL,2021-01-29 14:51:43
SGFL,2021-01-29 14:55:02
SGIL,2021-08-13 13:25:23
SGIL,2021-11-12 14:38:26
SGIL,2022-02-10 13:44:57
SGIL,2022-05-20 14:43:48
SGIL,2023-02-14 13:39:05
SGIL,2023-05-26 13:11:54
SGIL,2023-08-09 16:20:31
SGIL,2023-11-07 14:02:07
SGIL,2024-02-14 13:13:08
SGIL,2024-05-22 14:43:07
SGIL,2024-08-14 13:49:17
SGIL,2024-11-12 13:03:21
SGIL,2025-02-06 13:57:13
SGL,2021-02-12 14:20:05
SGL,2021-06-30 14:10:02
SGL,2021-08-13 14:18:55
SGL,2021-11-13 14:06:13
SGL,2022-02-12 14:19:27
SGL,2022-05-28 14:22:40
SGL,2023-02-10 14:04:14
SGL,2023-05-30 14:02:29
SGL,2023-08-08 14:03:17
SGL,2023-11-07 14:03:25
SGL,2024-02-09 14:04:31
SGL,2024-05-29 14:05:18
SGL,2024-08-13 14:03:53
SGL,2024-11-14 14:02:36
SGL,2025-02-11 14:05:16
SHAH,2021-02-13 13:24:54
SHAH,2021-06-17 15:12:53
SHAH,2021-06-17 15:35:16
SHAH,2021-08-12 15:54:24
SHAH,2021-11-12 15:00:23
SHAH,2022-02-11 15:52:30
SHAH,2022-05-11 19:37:59
SHAH,2023-01-09 16:36:13
SHAH,2023-06-19 18:49:33
SHAH,2023-08-14 17:35:02
SHAH,2023-10-13 19:28:01
SHAH,2024-01-31 19:12:15
SHAH,2024-05-21 20:20:28
SHAH,2024-07-29 14:57:24
SHAH,2024-10-16 19:24:08
SHAH,2025-01-10 12:32:40
SHAHALLOYS,2021-02-10 18:09:32
SHAHALLOYS,2021-06-30 20:03:19
SHAHALLOYS,2021-08-12 19:34:46
SHAHALLOYS,2021-11-12 21:18:45
SHAHALLOYS,2022-02-12 18:30:16
SHAHALLOYS,2022-05-28 19:08:07
SHAHALLOYS,2023-02-06 18:57:08
SHAHALLOYS,2023-05-29 20:09:05
SHAHALLOYS,2023-08-10 18:23:55
SHAHALLOYS,2023-11-06 11:54:19
SHAHALLOYS,2024-02-08 19:27:28
SHAHALLOYS,2024-05-30 16:01:12
SHAHALLOYS,2024-08-09 18:13:31
SHAHALLOYS,2024-11-12 18:50:52
SHAHALLOYS,2025-02-12 16:03:31
SHAILY,2022-05-30 20:28:38
SHAILY,2023-02-08 15:46:18
SHAILY,2023-05-22 14:47:50
SHAILY,2023-08-08 16:00:26
SHAILY,2023-11-07 15:25:14
SHAILY,2024-02-13 15:35:34
SHAILY,2024-05-24 17:30:30
SHAILY,2024-07-27 15:42:21
SHAILY,2024-10-28 16:09:07
SHAILY,2025-02-08 17:14:56
SHAIVAL,2021-06-29 17:46:00
SHAIVAL,2021-10-21 15:39:04
SHAIVAL,2022-05-28 17:57:48
SHAIVAL,2023-05-19 12:32:59
SHAIVAL,2023-10-26 13:17:25
SHAIVAL,2024-04-30 16:11:01
SHAIVAL,2024-11-14 13:31:53
SHAKTIPUMP,2021-01-18 12:25:00
SHAKTIPUMP,2021-05-17 13:09:56
SHAKTIPUMP,2021-07-21 12:30:22
SHAKTIPUMP,2021-10-19 12:26:45
SHAKTIPUMP,2022-01-18 12:15:52
SHAKTIPUMP,2022-05-02 13:30:42
SHAKTIPUMP,2023-01-20 16:02:58
SHAKTIPUMP,2023-05-05 16:43:50
SHAKTIPUMP,2023-08-11 16:18:57
SHAKTIPUMP,2023-11-03 16:30:13
SHAKTIPUMP,2024-01-25 16:14:24
SHAKTIPUMP,2024-04-26 16:28:50
SHAKTIPUMP,2024-07-20 16:30:49
SHAKTIPUMP,2024-10-25 20:07:36
SHAKTIPUMP,2025-01-24 18:37:07
SHALBY,2021-01-08 14:01:14
SHALBY,2021-05-05 16:29:08
SHALBY,2021-08-09 17:59:36
SHALBY,2021-10-26 14:37:55
SHALBY,2022-02-02 14:25:57
SHALBY,2022-02-04 13:30:37
SHALBY,2022-05-25 19:03:44
SHALBY,2023-01-17 17:16:14
SHALBY,2023-05-18 12:36:41
SHALBY,2023-07-20 14:55:38
SHALBY,2023-10-27 12:26:16
SHALBY,2024-02-07 14:21:50
SHALBY,2024-05-28 14:25:10
SHALBY,2024-07-08 13:34:01
SHALBY,2024-10-30 12:32:58
SHALBY,2025-02-03 19:35:53
SHALPAINTS,2021-02-10 15:57:08
SHALPAINTS,2021-06-26 16:14:13
SHALPAINTS,2021-06-26 16:21:50
SHALPAINTS,2021-08-13 14:04:22
SHALPAINTS,2021-11-13 14:52:18
SHALPAINTS,2022-02-12 18:39:15
SHALPAINTS,2022-05-26 15:15:50
SHALPAINTS,2023-02-13 15:39:50
SHALPAINTS,2023-05-27 15:43:45
SHALPAINTS,2023-08-11 17:41:12
SHALPAINTS,2023-11-09 15:14:52
SHALPAINTS,2024-02-09 15:04:52
SHALPAINTS,2024-05-17 16:50:26
SHALPAINTS,2024-08-08 16:11:27
SHALPAINTS,2024-11-12 15:45:21
SHALPAINTS,2025-02-10 16:07:18
SHANKARA,2021-01-29 14:55:36
SHANKARA,2021-06-10 12:13:56
SHANKARA,2021-08-09 13:12:53
SHANKARA,2021-11-08 13:50:36
SHANKARA,2022-02-02 15:14:08
SHANKARA,2022-05-16 16:02:43
SHANKARA,2023-02-06 14:45:14
SHANKARA,2023-05-11 17:39:41
SHANKARA,2023-08-09 14:06:25
SHANKARA,2023-11-09 17:26:15
SHANKARA,2024-02-13 14:23:18
SHANKARA,2024-05-20 15:13:17
SHANKARA,2024-08-08 15:28:17
SHANKARA,2024-11-04 15:09:12
SHANKARA,2025-02-03 15:47:13
SHANTHALA,2023-11-23 15:39:47
SHANTHALA,2024-05-27 16:14:44
SHANTHALA,2024-11-11 15:38:30
SHANTI,2021-06-30 18:35:17
SHANTI,2021-11-13 23:27:01
SHANTI,2022-02-14 22:18:17
SHANTI,2022-05-16 18:18:44
SHANTI,2023-02-14 19:35:34
SHANTI,2023-05-30 23:24:46
SHANTI,2023-08-14 16:22:08
SHANTI,2023-10-17 19:52:47
SHANTI,2024-02-14 17:38:19
SHANTI,2024-05-14 21:05:38
SHANTI,2024-08-13 16:25:48
SHANTI,2024-11-11 19:15:33
SHANTI,2025-01-20 19:07:19
SHANTIGEAR,2021-02-10 14:58:43
SHANTIGEAR,2021-05-24 15:10:34
SHANTIGEAR,2021-07-21 13:37:38
SHANTIGEAR,2021-10-22 14:57:56
SHANTIGEAR,2022-02-03 15:17:22
SHANTIGEAR,2022-05-07 15:35:52
SHANTIGEAR,2023-01-25 15:27:17
SHANTIGEAR,2023-05-09 21:26:57
SHANTIGEAR,2023-07-26 14:30:22
SHANTIGEAR,2023-10-25 14:45:24
SHANTIGEAR,2024-01-30 14:11:51
SHANTIGEAR,2024-05-09 13:48:17
SHANTIGEAR,2024-07-29 14:27:04
SHANTIGEAR,2024-10-22 14:27:57
SHANTIGEAR,2025-01-30 14:38:46
SHARDACROP,2021-01-25 15:46:50
SHARDACROP,2021-05-26 14:37:34
SHARDACROP,2021-07-27 13:26:18
SHARDACROP,2021-10-26 13:45:46
SHARDACROP,2022-01-22 13:18:33
SHARDACROP,2022-05-13 14:23:50
SHARDACROP,2023-01-24 14:41:29
SHARDACROP,2023-05-12 15:29:40
SHARDACROP,2023-07-24 14:34:38
SHARDACROP,2023-10-21 15:41:15
SHARDACROP,2024-01-24 14:15:37
SHARDACROP,2024-05-10 17:38:26
SHARDACROP,2024-07-23 14:08:24
SHARDACROP,2024-10-25 15:17:31
SHARDACROP,2025-01-24 16:09:34
SHARDAMOTR,2021-02-10 19:20:38
SHARDAMOTR,2021-06-23 19:30:54
SHARDAMOTR,2021-08-13 18:14:49
SHARDAMOTR,2021-11-09 18:06:33
SHARDAMOTR,2022-02-09 18:41:09
SHARDAMOTR,2022-05-27 19:20:47
SHARDAMOTR,2023-01-28 18:49:08
SHARDAMOTR,2023-05-18 19:45:16
SHARDAMOTR,2023-08-10 18:46:57
SHARDAMOTR,2023-11-09 19:00:58
SHARDAMOTR,2024-02-08 18:08:33
SHARDAMOTR,2024-05-23 18:10:20
SHARDAMOTR,2024-08-02 18:24:05
SHARDAMOTR,2024-11-12 18:17:25
SHARDAMOTR,2025-02-04 18:51:39
SHAREINDIA,2021-02-06 13:52:12
SHAREINDIA,2021-05-25 19:55:53
SHAREINDIA,2021-07-28 15:58:27
SHAREINDIA,2021-10-27 17:17:46
SHAREINDIA,2022-01-21 16:27:51
SHAREINDIA,2022-05-14 15:44:30
SHAREINDIA,2023-01-23 16:45:53
SHAREINDIA,2023-05-19 13:44:12
SHAREINDIA,2023-07-25 18:00:00
SHAREINDIA,2023-10-25 17:55:35
SHAREINDIA,2024-01-24 17:59:43
SHAREINDIA,2024-05-09 19:55:50
SHAREINDIA,2024-07-25 19:43:11
SHAREINDIA,2024-10-29 19:20:03
SHAREINDIA,2025-01-28 19:13:40
SHARONBIO,2021-02-12 16:11:15
SHARONBIO,2021-06-23 16:19:00
SHARONBIO,2021-08-13 16:28:10
SHARONBIO,2021-11-03 13:45:14
SHARONBIO,2022-02-07 15:17:40
SHARONBIO,2022-05-17 17:56:39
SHARONBIO,2023-02-10 17:42:39
SHARONBIO,2023-05-30 20:09:00
SHEETAL,2024-05-30 18:47:31
SHEETAL,2024-06-15 16:37:16
SHEETAL,2024-06-15 16:41:34
SHEETAL,2024-11-13 16:44:28
SHEKHAWATI,2021-02-11 16:32:08
SHEKHAWATI,2021-06-29 19:37:57
SHEKHAWATI,2021-08-12 16:38:39
SHEKHAWATI,2021-10-27 11:52:26
SHEKHAWATI,2022-02-04 16:52:02
SHEKHAWATI,2022-05-25 17:03:17
SHEKHAWATI,2023-02-03 15:48:11
SHEKHAWATI,2023-05-10 19:56:34
SHEKHAWATI,2023-07-28 19:24:56
SHEKHAWATI,2023-10-25 17:44:34
SHEKHAWATI,2024-01-11 16:41:24
SHEKHAWATI,2024-05-07 16:26:16
SHEKHAWATI,2024-07-24 17:32:09
SHEKHAWATI,2024-11-05 17:00:28
SHEKHAWATI,2025-01-16 18:02:53
SHEMAROO,2021-01-28 18:59:29
SHEMAROO,2021-06-08 17:55:10
SHEMAROO,2021-07-27 17:44:15
SHEMAROO,2021-10-26 18:38:46
SHEMAROO,2022-01-24 18:55:30
SHEMAROO,2022-05-10 20:20:18
SHEMAROO,2023-01-18 19:09:40
SHEMAROO,2023-05-09 20:13:09
SHEMAROO,2023-07-19 17:23:34
SHEMAROO,2023-10-31 19:02:55
SHEMAROO,2024-02-07 19:50:46
SHEMAROO,2024-05-24 15:49:37
SHEMAROO,2024-07-30 17:10:27
SHEMAROO,2024-10-17 16:41:57
SHEMAROO,2025-01-16 17:14:18
SHERA,2023-05-22 15:12:48
SHERA,2023-08-11 11:56:55
SHERA,2023-11-01 12:51:56
SHERA,2024-01-29 15:19:02
SHERA,2024-05-06 12:44:16
SHERA,2024-05-06 17:20:56
SHERA,2024-07-30 14:33:02
SHERA,2024-07-30 14:36:42
SHERA,2024-11-05 12:04:32
SHERA,2025-01-29 11:44:09
SHIGAN,2022-05-24 14:28:27
SHIGAN,2023-05-29 15:10:13
SHIGAN,2023-11-08 15:56:56
SHIGAN,2024-05-29 17:44:35
SHIGAN,2024-11-14 14:47:17
SHILPAMED,2021-02-13 15:26:41
SHILPAMED,2021-05-31 15:23:17
SHILPAMED,2021-08-14 15:34:18
SHILPAMED,2021-10-29 15:18:21
SHILPAMED,2022-02-08 15:47:58
SHILPAMED,2022-05-24 16:12:25
SHILPAMED,2023-02-14 16:19:51
SHILPAMED,2023-05-25 15:51:15
SHILPAMED,2023-08-10 14:25:17
SHILPAMED,2023-11-10 14:59:56
SHILPAMED,2024-02-08 16:11:15
SHILPAMED,2024-05-23 16:19:37
SHILPAMED,2024-08-08 14:57:52
SHILPAMED,2024-11-13 16:09:28
SHILPAMED,2025-02-10 14:30:05
SHIRPUR-G,2021-02-12 20:27:25
SHIRPUR-G,2021-06-24 17:34:47
SHIRPUR-G,2021-07-01 00:35:42
SHIRPUR-G,2021-08-18 20:35:24
SHIRPUR-G,2021-11-11 21:56:14
SHIRPUR-G,2022-02-10 20:51:27
SHIRPUR-G,2022-05-31 01:53:06
SHIRPUR-G,2023-02-13 17:52:51
SHIRPUR-G,2023-05-29 20:54:51
SHIRPUR-G,2023-08-14 16:54:05
SHIRPUR-G,2023-11-09 20:19:30
SHIRPUR-G,2024-02-14 18:49:55
SHIRPUR-G,2024-05-30 22:04:21
SHIRPUR-G,2024-08-14 21:35:42
SHIRPUR-G,2024-11-14 20:34:30
SHIRPUR-G,2025-02-14 18:23:49
SHIVALIK,2022-02-08 18:05:38
SHIVALIK,2022-05-25 18:14:45
SHIVALIK,2023-02-10 17:38:51
SHIVALIK,2023-05-29 18:12:59
SHIVALIK,2023-08-08 16:22:21
SHIVALIK,2023-11-10 17:08:37
SHIVALIK,2024-02-12 17:20:50
SHIVALIK,2024-05-29 20:21:52
SHIVALIK,2024-08-13 16:51:52
SHIVALIK,2024-11-14 18:11:30
SHIVALIK,2025-02-11 17:32:12
SHIVAMAUTO,2021-02-12 18:24:27
SHIVAMAUTO,2021-06-09 17:32:10
SHIVAMAUTO,2021-06-10 14:21:36
SHIVAMAUTO,2021-08-13 14:10:29
SHIVAMAUTO,2021-11-12 17:30:37
SHIVAMAUTO,2022-02-07 16:08:06
SHIVAMAUTO,2022-05-30 20:03:13
SHIVAMAUTO,2023-02-13 18:43:48
SHIVAMAUTO,2023-05-25 20:27:13
SHIVAMAUTO,2023-08-14 19:05:23
SHIVAMAUTO,2023-11-10 14:17:44
SHIVAMAUTO,2024-02-15 10:53:45
SHIVAMAUTO,2024-05-27 22:06:07
SHIVAMAUTO,2024-08-12 20:04:02
SHIVAMAUTO,2024-11-13 18:39:24
SHIVAMAUTO,2025-02-07 17:57:17
SHIVAMILLS,2021-02-06 13:30:03
SHIVAMILLS,2021-06-23 12:32:08
SHIVAMILLS,2021-08-11 12:25:26
SHIVAMILLS,2021-11-13 17:39:48
SHIVAMILLS,2022-02-09 12:41:19
SHIVAMILLS,2022-05-25 12:03:39
SHIVAMILLS,2023-02-11 11:55:41
SHIVAMILLS,2023-05-25 13:55:51
SHIVAMILLS,2023-08-10 13:20:15
SHIVAMILLS,2023-11-09 16:15:11
SHIVAMILLS,2024-02-09 16:25:44
SHIVAMILLS,2024-05-24 16:16:42
SHIVAMILLS,2024-08-09 15:52:59
SHIVAMILLS,2024-11-11 16:15:02
SHIVAMILLS,2025-02-06 16:48:41
SHIVATEX,2021-02-05 14:01:24
SHIVATEX,2021-06-25 14:47:15
SHIVATEX,2021-08-09 13:15:04
SHIVATEX,2021-11-13 13:22:48
SHIVATEX,2022-02-07 13:34:53
SHIVATEX,2022-05-25 13:44:16
SHIVATEX,2023-02-11 13:57:21
SHIVATEX,2023-05-25 12:19:01
SHIVATEX,2023-08-10 11:37:29
SHIVATEX,2023-11-09 13:56:08
SHIVATEX,2024-02-09 13:42:51
SHIVATEX,2024-05-24 13:28:37
SHIVATEX,2024-08-09 13:13:42
SHIVATEX,2024-11-11 13:30:49
SHIVATEX,2025-02-06 13:29:34
SHIVAUM,2021-06-09 14:37:05
SHIVAUM,2021-06-09 14:37:05
SHIVAUM,2021-06-21 16:03:17
SHIVAUM,2021-06-24 14:02:55
SHIVAUM,2021-06-24 14:02:55
SHIVAUM,2021-11-02 13:15:15
SHIVAUM,2021-11-02 13:15:15
SHIVAUM,2021-11-08 16:39:49
SHIVAUM,2021-11-08 16:39:49
SHIVAUM,2021-11-08 16:41:40
SHIVAUM,2022-05-26 16:03:30
SHIVAUM,2023-05-16 16:59:35
SHIVAUM,2023-11-09 12:44:53
SHIVAUM,2024-05-16 13:47:14
SHIVAUM,2024-11-11 17:49:33
SHK,2021-02-10 17:39:16
SHK,2021-05-27 17:39:53
SHK,2021-05-28 22:09:06
SHK,2021-08-06 19:18:16
SHK,2021-08-06 20:06:40
SHK,2021-10-29 17:19:26
SHK,2022-02-07 18:43:33
SHK,2022-05-25 18:51:41
SHK,2023-02-02 17:49:52
SHK,2023-05-30 18:37:28
SHK,2023-08-07 17:06:55
SHK,2023-11-03 17:38:25
SHK,2024-02-07 18:15:10
SHK,2024-05-27 18:19:27
SHK,2024-08-13 17:32:45
SHK,2024-11-14 17:41:39
SHK,2025-02-12 17:46:08
SHOPERSTOP,2021-01-15 20:39:03
SHOPERSTOP,2021-05-21 19:46:26
SHOPERSTOP,2021-07-29 16:42:33
SHOPERSTOP,2021-10-20 19:42:56
SHOPERSTOP,2022-01-20 20:13:40
SHOPERSTOP,2022-04-28 19:56:03
SHOPERSTOP,2023-01-23 17:53:34
SHOPERSTOP,2023-04-26 19:31:44
SHOPERSTOP,2023-07-24 19:48:59
SHOPERSTOP,2023-10-18 18:43:45
SHOPERSTOP,2024-01-18 18:14:20
SHOPERSTOP,2024-04-29 18:06:26
SHOPERSTOP,2024-07-18 17:45:35
SHOPERSTOP,2024-10-22 18:13:25
SHOPERSTOP,2025-01-14 17:31:57
SHRADHA,2021-02-11 14:22:35
SHRADHA,2021-06-10 14:49:36
SHRADHA,2021-06-10 14:54:57
SHRADHA,2021-08-13 18:07:33
SHRADHA,2021-08-13 18:11:56
SHRADHA,2021-11-10 16:50:52
SHRADHA,2022-02-12 14:44:34
SHRADHA,2022-05-28 15:52:35
SHRADHA,2023-01-10 16:27:00
SHRADHA,2023-05-27 18:24:51
SHRADHA,2023-08-12 16:17:28
SHRADHA,2023-11-06 18:51:23
SHRADHA,2024-01-16 17:27:24
SHRADHA,2024-05-30 22:15:33
SHRADHA,2024-08-10 17:15:46
SHRADHA,2024-10-26 17:31:21
SHRADHA,2025-02-08 17:32:01
SHREDIGCEM,2021-01-27 12:54:13
SHREDIGCEM,2021-04-28 14:47:45
SHREDIGCEM,2021-07-29 12:04:31
SHREDIGCEM,2021-07-29 12:37:08
SHREDIGCEM,2021-10-27 11:55:56
SHREDIGCEM,2021-10-27 12:01:14
SHREDIGCEM,2022-01-27 13:21:34
SHREDIGCEM,2022-04-27 10:38:17
SHREDIGCEM,2023-01-27 11:52:10
SHREDIGCEM,2023-04-27 13:56:50
SHREDIGCEM,2023-07-27 12:47:32
SHREDIGCEM,2023-10-27 12:35:26
SHREDIGCEM,2024-01-19 12:39:30
SHREDIGCEM,2024-04-26 17:15:48
SHREDIGCEM,2024-04-26 17:35:26
SHREDIGCEM,2024-07-26 17:06:04
SHREDIGCEM,2024-11-13 13:07:27
SHREDIGCEM,2025-01-24 13:13:55
SHREECEM,2021-01-30 13:02:42
SHREECEM,2021-05-21 16:50:31
SHREECEM,2021-08-09 16:43:52
SHREECEM,2021-10-29 15:58:24
SHREECEM,2022-02-04 16:07:09
SHREECEM,2022-05-21 13:50:42
SHREECEM,2023-02-08 13:10:59
SHREECEM,2023-05-22 16:50:10
SHREECEM,2023-07-26 11:05:15
SHREECEM,2023-11-07 16:05:12
SHREECEM,2024-01-31 15:52:31
SHREECEM,2024-05-14 16:46:55
SHREECEM,2024-08-06 13:25:44
SHREECEM,2024-11-11 16:09:02
SHREECEM,2025-01-30 16:36:47
SHREEKARNI,2024-05-29 19:06:20
SHREEKARNI,2024-11-12 17:24:40
SHREEOSFM,2024-05-23 12:37:20
SHREEOSFM,2024-11-12 14:30:43
SHREEPUSHK,2021-02-10 18:54:02
SHREEPUSHK,2021-06-08 10:15:04
SHREEPUSHK,2021-08-12 19:06:19
SHREEPUSHK,2021-11-10 19:14:27
SHREEPUSHK,2022-02-11 14:08:59
SHREEPUSHK,2022-05-26 14:05:22
SHREEPUSHK,2023-01-17 18:43:39
SHREEPUSHK,2023-05-16 19:17:44
SHREEPUSHK,2023-08-10 18:59:29
SHREEPUSHK,2023-11-03 15:22:20
SHREEPUSHK,2024-02-13 14:43:56
SHREEPUSHK,2024-05-16 13:56:20
SHREEPUSHK,2024-08-09 16:04:18
SHREEPUSHK,2024-11-13 14:49:14
SHREEPUSHK,2025-02-11 18:10:28
SHREERAMA,2021-02-11 15:53:27
SHREERAMA,2021-06-24 15:51:28
SHREERAMA,2021-08-12 15:30:33
SHREERAMA,2021-11-01 15:47:16
SHREERAMA,2022-02-09 15:19:53
SHREERAMA,2022-05-21 16:49:24
SHREERAMA,2023-02-08 15:43:27
SHREERAMA,2023-05-29 22:06:49
SHREERAMA,2023-07-29 16:01:49
SHREERAMA,2023-10-31 17:59:29
SHREERAMA,2024-02-07 15:22:21
SHREERAMA,2024-05-18 17:48:39
SHREERAMA,2024-08-09 14:43:29
SHREERAMA,2024-11-07 16:54:26
SHREERAMA,2025-02-05 14:45:49
SHRENIK,2021-01-08 19:27:39
SHRENIK,2021-05-13 17:06:15
SHRENIK,2021-07-22 17:28:25
SHRENIK,2021-10-14 16:39:06
SHRENIK,2022-01-08 16:35:03
SHRENIK,2022-04-14 16:52:25
SHRENIK,2022-07-08 16:14:33
SHRENIK,2023-01-09 16:26:30
SHRENIK,2023-04-08 17:10:41
SHRENIK,2023-07-27 16:48:35
SHRENIK,2023-10-19 16:47:19
SHRENIK,2024-01-08 16:45:31
SHRENIK,2024-04-18 16:49:00
SHRENIK,2024-07-18 16:45:54
SHRENIK,2024-10-07 16:42:26
SHRENIK,2025-01-09 16:59:47
SHREYANIND,2021-02-11 15:54:46
SHREYANIND,2021-05-11 15:13:38
SHREYANIND,2021-08-10 14:13:36
SHREYANIND,2021-11-12 16:18:51
SHREYANIND,2022-02-10 16:51:47
SHREYANIND,2022-05-20 15:56:42
SHREYANIND,2023-02-09 14:41:21
SHREYANIND,2023-05-12 16:14:53
SHREYANIND,2023-08-10 15:00:08
SHREYANIND,2023-11-07 16:17:49
SHREYANIND,2024-02-12 16:08:37
SHREYANIND,2024-05-10 17:02:31
SHREYANIND,2024-08-05 16:17:12
SHREYANIND,2024-11-07 15:42:59
SHREYANIND,2025-02-05 14:13:11
SHRIPISTON,2021-01-29 17:59:27
SHRIPISTON,2021-01-29 18:02:45
SHRIPISTON,2021-05-07 17:40:42
SHRIPISTON,2021-07-30 17:23:39
SHRIPISTON,2021-10-29 18:27:06
SHRIPISTON,2022-01-28 18:03:58
SHRIPISTON,2022-05-06 17:57:02
SHRIPISTON,2023-02-08 18:17:23
SHRIPISTON,2023-05-08 18:40:34
SHRIPISTON,2023-07-28 18:08:27
SHRIPISTON,2023-11-06 18:29:35
SHRIPISTON,2024-01-30 16:34:21
SHRIPISTON,2024-05-13 19:02:18
SHRIPISTON,2024-07-24 15:49:47
SHRIPISTON,2024-10-28 17:30:17
SHRIPISTON,2025-02-03 17:16:29
SHRIRAMCIT,2021-01-29 16:49:18
SHRIRAMCIT,2021-04-30 19:41:41
SHRIRAMCIT,2021-04-30 21:05:24
SHRIRAMCIT,2021-07-29 20:02:11
SHRIRAMCIT,2021-10-27 20:27:29
SHRIRAMCIT,2022-01-28 17:00:13
SHRIRAMCIT,2022-04-29 19:30:56
SHRIRAMFIN,2021-01-28 17:32:15
SHRIRAMFIN,2021-04-29 17:57:59
SHRIRAMFIN,2021-07-30 17:46:04
SHRIRAMFIN,2021-10-29 17:52:52
SHRIRAMFIN,2022-01-24 16:41:13
SHRIRAMFIN,2022-04-28 16:49:31
SHRIRAMFIN,2023-01-31 17:16:00
SHRIRAMFIN,2023-04-27 18:23:19
SHRIRAMFIN,2023-07-27 13:30:24
SHRIRAMFIN,2023-10-26 15:10:44
SHRIRAMFIN,2024-01-25 16:55:50
SHRIRAMFIN,2024-04-26 14:37:54
SHRIRAMFIN,2024-07-26 13:06:54
SHRIRAMFIN,2024-10-25 15:54:21
SHRIRAMFIN,2025-01-24 15:08:31
SHRIRAMPPS,2022-02-14 19:56:01
SHRIRAMPPS,2022-05-28 18:59:06
SHRIRAMPPS,2023-02-14 19:09:40
SHRIRAMPPS,2023-05-29 21:00:33
SHRIRAMPPS,2023-08-14 13:58:15
SHRIRAMPPS,2023-11-10 14:14:59
SHRIRAMPPS,2024-02-14 13:37:00
SHRIRAMPPS,2024-05-29 18:23:56
SHRIRAMPPS,2024-08-14 14:46:06
SHRIRAMPPS,2024-11-14 16:27:25
SHRIRAMPPS,2025-02-12 16:51:00
SHRITECH,2023-11-09 16:39:25
SHRITECH,2024-05-27 17:45:48
SHRITECH,2024-11-14 17:09:11
SHUBHLAXMI,2021-07-12 18:30:00
SHUBHLAXMI,2021-07-12 18:32:09
SHUBHLAXMI,2021-11-14 11:11:40
SHUBHLAXMI,2021-12-21 17:29:27
SHUBHLAXMI,2022-05-30 14:18:51
SHUBHLAXMI,2023-05-30 18:05:57
SHUBHLAXMI,2023-11-15 06:38:41
SHUBHLAXMI,2023-11-15 08:47:27
SHUBHLAXMI,2024-05-24 16:42:44
SHUBHLAXMI,2024-11-14 19:27:51
SHUBHSHREE,2024-11-13 14:23:30
SHYAMCENT,2021-02-08 17:00:34
SHYAMCENT,2021-06-09 15:12:25
SHYAMCENT,2021-08-13 15:13:42
SHYAMCENT,2021-11-01 14:39:06
SHYAMCENT,2022-01-25 16:12:06
SHYAMCENT,2022-05-17 16:46:58
SHYAMCENT,2023-02-03 16:05:31
SHYAMCENT,2023-05-19 17:39:03
SHYAMCENT,2023-08-08 18:16:48
SHYAMCENT,2023-11-09 16:50:10
SHYAMCENT,2024-02-07 16:50:28
SHYAMCENT,2024-05-22 18:07:55
SHYAMCENT,2024-08-09 13:47:54
SHYAMCENT,2024-11-08 17:21:11
SHYAMCENT,2025-01-30 16:24:16
SHYAMMETL,2021-07-08 13:37:40
SHYAMMETL,2021-07-20 11:44:46
SHYAMMETL,2021-07-20 16:20:06
SHYAMMETL,2021-11-08 16:24:41
SHYAMMETL,2022-02-09 15:56:13
SHYAMMETL,2022-05-18 17:53:35
SHYAMMETL,2023-02-14 17:08:38
SHYAMMETL,2023-05-24 17:22:23
SHYAMMETL,2023-07-27 17:36:18
SHYAMMETL,2023-11-10 13:38:25
SHYAMMETL,2024-01-30 15:26:45
SHYAMMETL,2024-05-14 15:28:19
SHYAMMETL,2024-07-30 13:58:20
SHYAMMETL,2024-11-07 13:27:40
SHYAMMETL,2025-01-28 13:07:01
SHYAMTEL,2021-02-12 16:30:30
SHYAMTEL,2021-06-29 17:57:59
SHYAMTEL,2021-07-27 17:11:47
SHYAMTEL,2021-08-12 15:50:35
SHYAMTEL,2021-11-13 13:43:10
SHYAMTEL,2022-02-11 13:36:30
SHYAMTEL,2022-05-26 13:55:03
SHYAMTEL,2023-02-08 16:53:09
SHYAMTEL,2023-05-27 13:05:31
SHYAMTEL,2023-08-10 14:47:25
SHYAMTEL,2023-11-08 14:18:19
SHYAMTEL,2024-02-09 15:42:16
SHYAMTEL,2024-05-10 16:35:37
SHYAMTEL,2024-08-12 14:31:18
SHYAMTEL,2024-11-11 13:49:30
SHYAMTEL,2025-02-06 14:17:01
SICAGEN,2021-02-10 15:58:17
SICAGEN,2021-05-26 17:04:56
SICAL,2021-02-08 18:04:32
SICAL,2021-08-12 19:24:26
SICAL,2021-09-24 16:50:30
SICAL,2021-11-14 16:32:35
SICAL,2022-02-14 14:39:40
SICAL,2022-05-30 20:12:38
SICAL,2023-02-11 18:43:10
SICAL,2023-09-01 21:05:44
SICALLOG,2023-10-13 03:17:26
SICALLOG,2023-11-03 18:18:20
SICALLOG,2024-02-13 16:39:24
SICALLOG,2024-05-30 21:29:00
SICALLOG,2024-08-13 17:36:46
SICALLOG,2024-11-14 19:52:56
SICALLOG,2025-01-30 18:34:10
SIDDHIKA,2021-06-22 17:28:48
SIDDHIKA,2021-06-23 10:10:23
SIDDHIKA,2021-11-12 16:30:27
SIDDHIKA,2021-11-12 16:35:17
SIDDHIKA,2022-05-21 16:46:31
SIDDHIKA,2022-05-21 16:50:12
SIDDHIKA,2023-05-24 13:54:36
SIDDHIKA,2023-11-10 12:38:26
SIDDHIKA,2024-05-17 14:39:09
SIDDHIKA,2024-11-08 13:52:50
SIEMENS,2021-02-12 16:12:02
SIEMENS,2021-05-11 16:22:57
SIEMENS,2021-08-10 21:36:48
SIEMENS,2021-11-24 17:53:47
SIEMENS,2022-02-04 16:16:00
SIEMENS,2022-05-12 18:03:20
SIEMENS,2023-02-14 17:55:17
SIEMENS,2023-05-11 16:28:16
SIEMENS,2023-08-08 19:50:20
SIEMENS,2023-11-28 18:16:09
SIEMENS,2024-02-13 14:06:23
SIEMENS,2024-05-14 16:21:55
SIEMENS,2024-08-09 20:37:16
SIEMENS,2024-11-26 18:35:12
SIEMENS,2025-02-12 13:57:41
SIGACHI,2022-02-03 17:19:13
SIGACHI,2022-05-13 15:45:58
SIGACHI,2023-01-30 17:12:40
SIGACHI,2023-05-25 16:26:38
SIGACHI,2023-08-10 16:25:18
SIGACHI,2023-11-14 16:13:34
SIGACHI,2024-01-19 16:28:13
SIGACHI,2024-05-27 14:17:33
SIGACHI,2024-08-06 16:02:36
SIGACHI,2024-11-13 15:03:29
SIGACHI,2025-01-18 14:55:22
SIGIND,2021-02-13 18:15:18
SIGIND,2021-06-30 19:07:37
SIGIND,2021-08-14 18:25:59
SIGIND,2021-11-13 17:46:18
SIGIND,2022-02-14 19:01:37
SIGIND,2022-05-30 21:18:12
SIGIND,2023-02-14 17:38:26
SIGIND,2023-05-30 20:43:36
SIGIND,2023-08-12 16:45:22
SIGIND,2023-11-10 14:47:22
SIGIND,2024-02-14 16:56:25
SIGIND,2024-05-30 17:00:15
SIGIND,2024-08-14 19:12:12
SIGIND,2024-11-14 18:13:55
SIGIND,2025-02-14 17:22:49
SIGMA,2021-06-30 18:07:58
SIGMA,2021-06-30 18:09:31
SIGMA,2021-06-30 18:09:31
SIGMA,2021-11-01 17:21:14
SIGMA,2022-05-30 13:17:31
SIGMA,2023-05-22 14:37:26
SIGMA,2023-08-14 16:29:28
SIGMA,2023-11-09 12:53:44
SIGMA,2024-02-09 12:25:21
SIGMA,2024-05-27 13:42:52
SIGMA,2024-08-14 12:57:45
SIGMA,2024-11-14 12:59:21
SIGMA,2025-02-13 13:53:31
SIGMAADV,2021-02-12 13:59:42
SIGMAADV,2021-05-05 15:49:29
SIGMAADV,2021-08-03 13:36:23
SIGMAADV,2021-11-03 13:55:19
SIGMAADV,2022-02-14 18:23:43
SIGMAADV,2022-05-30 15:54:28
SIGMAADV,2023-02-14 18:14:35
SIGMAADV,2023-05-30 19:21:28
SIGMAADV,2023-08-11 17:58:10
SIGMAADV,2023-11-09 17:26:52
SIGMAADV,2024-02-09 17:38:39
SIGMAADV,2024-05-15 19:17:48
SIGMAADV,2024-08-10 18:21:00
SIGMAADV,2024-11-11 18:19:08
SIGMAADV,2025-02-14 18:12:40
SIGNATURE,2023-10-11 20:03:13
SIGNATURE,2023-11-09 18:15:19
SIGNATURE,2024-02-02 18:00:27
SIGNATURE,2024-05-15 19:09:24
SIGNATURE,2024-08-07 18:13:19
SIGNATURE,2024-11-08 17:58:36
SIGNATURE,2025-02-10 19:41:26
SIGNORIA,2024-05-20 20:25:20
SIGNORIA,2024-11-13 12:03:49
SIGNPOST,2024-02-15 17:10:41
SIGNPOST,2024-05-28 15:23:18
SIGNPOST,2024-08-06 19:05:43
SIGNPOST,2024-11-14 12:33:08
SIGNPOST,2025-02-14 12:42:52
SIKKO,2021-06-23 17:21:48
SIKKO,2021-11-13 16:49:20
SIKKO,2022-02-14 22:15:56
SIKKO,2022-02-15 15:58:29
SIKKO,2022-05-30 14:27:35
SIKKO,2023-02-10 14:53:41
SIKKO,2023-05-24 13:13:08
SIKKO,2023-08-11 18:28:05
SIKKO,2023-11-06 16:37:19
SIKKO,2024-02-13 17:51:27
SIKKO,2024-05-30 19:35:10
SIKKO,2024-07-25 12:37:26
SIKKO,2024-10-26 18:14:11
SIKKO,2025-02-11 18:12:03
SIL,2021-02-02 13:32:52
SIL,2021-06-21 14:47:28
SIL,2021-07-23 14:02:52
SIL,2021-10-19 14:20:35
SIL,2022-02-08 14:06:04
SIL,2022-05-19 15:31:51
SIL,2023-02-06 13:50:10
SIL,2023-05-22 15:11:49
SIL,2023-07-28 14:52:14
SIL,2023-11-06 14:29:38
SIL,2024-02-13 13:43:32
SIL,2024-05-21 15:05:30
SIL,2024-08-12 14:05:18
SIL,2024-11-07 13:54:41
SIL,2025-02-10 14:14:38
SILGO,2021-06-11 16:06:16
SILGO,2021-08-13 16:13:57
SILGO,2021-10-27 17:31:28
SILGO,2022-02-10 16:15:25
SILGO,2022-05-27 16:03:41
SILGO,2023-02-14 16:14:27
SILGO,2023-05-30 16:56:59
SILGO,2023-08-14 14:05:27
SILGO,2023-10-25 15:15:51
SILGO,2024-02-14 16:04:09
SILGO,2024-05-29 15:58:44
SILGO,2024-08-13 14:04:44
SILGO,2024-11-14 14:41:10
SILGO,2025-02-10 13:57:45
SILINV,2021-02-10 13:06:30
SILINV,2021-05-12 13:49:20
SILINV,2021-08-10 13:34:26
SILINV,2021-11-12 13:43:12
SILINV,2022-02-08 12:55:14
SILINV,2022-05-13 12:49:10
SILINV,2023-02-10 13:37:15
SILINV,2023-05-10 13:21:08
SILINV,2023-08-14 13:26:34
SILINV,2023-11-10 12:51:15
SILINV,2024-02-14 12:54:09
SILINV,2024-05-10 13:23:54
SILINV,2024-08-02 13:35:26
SILINV,2024-11-12 12:02:45
SILINV,2025-02-12 12:52:17
SILKFLEX,2024-05-31 17:14:26
SILKFLEX,2024-10-25 17:27:37
SILLYMONKS,2021-02-04 15:58:56
SILLYMONKS,2021-06-16 17:29:41
SILLYMONKS,2021-08-12 15:27:06
SILLYMONKS,2021-11-14 14:17:53
SILLYMONKS,2022-02-10 17:30:36
SILLYMONKS,2022-05-24 22:57:24
SILLYMONKS,2023-01-24 15:36:41
SILLYMONKS,2023-05-05 01:23:05
SILLYMONKS,2023-08-08 16:19:00
SILLYMONKS,2023-10-27 18:48:55
SILLYMONKS,2024-02-10 13:16:47
SILLYMONKS,2024-05-28 00:12:42
SILLYMONKS,2024-08-07 18:22:48
SILLYMONKS,2024-10-30 10:31:23
SILLYMONKS,2025-01-30 17:34:12
SILVERTUC,2021-06-07 17:21:53
SILVERTUC,2021-11-12 18:33:11
SILVERTUC,2022-05-31 11:06:17
SILVERTUC,2023-02-13 14:07:06
SILVERTUC,2023-05-29 18:29:12
SILVERTUC,2023-08-14 18:10:28
SILVERTUC,2023-11-10 14:25:10
SILVERTUC,2024-02-14 14:37:08
SILVERTUC,2024-05-28 15:51:53
SILVERTUC,2024-08-12 17:42:42
SILVERTUC,2024-10-29 17:17:09
SILVERTUC,2025-01-31 19:08:12
SIMBHALS,2021-02-12 14:54:25
SIMBHALS,2021-06-30 16:13:15
SIMBHALS,2021-06-30 22:35:58
SIMBHALS,2021-08-10 18:15:20
SIMBHALS,2021-11-10 14:39:16
SIMBHALS,2022-02-12 20:19:49
SIMBHALS,2022-05-20 19:34:27
SIMBHALS,2023-02-13 20:01:01
SIMBHALS,2023-05-26 22:41:32
SIMBHALS,2023-05-27 14:12:10
SIMBHALS,2023-08-11 18:02:58
SIMBHALS,2023-11-07 16:53:09
SIMBHALS,2024-02-13 17:35:35
SIMBHALS,2024-05-29 20:28:24
SIMBHALS,2024-08-13 17:30:28
SIMBHALS,2024-11-14 17:46:43
SIMBHALS,2025-02-13 18:06:55
SIMPLEX,2021-01-22 17:17:52
SIMPLEX,2021-02-27 13:30:44
SIMPLEX,2021-04-06 16:58:11
SIMPLEX,2021-07-05 16:23:00
SIMPLEXINF,2021-02-13 17:11:49
SIMPLEXINF,2021-06-30 20:53:15
SIMPLEXINF,2021-08-14 18:39:17
SIMPLEXINF,2021-11-13 17:40:43
SIMPLEXINF,2022-02-14 18:42:45
SIMPLEXINF,2022-05-30 23:56:22
SIMPLEXINF,2023-02-14 19:47:33
SIMPLEXINF,2023-05-30 20:45:49
SIMPLEXINF,2023-08-14 19:44:18
SIMPLEXINF,2023-11-14 18:52:42
SIMPLEXINF,2024-02-13 17:00:59
SIMPLEXINF,2024-05-30 00:06:13
SIMPLEXINF,2024-08-14 16:59:50
SIMPLEXINF,2024-11-14 16:53:26
SIMPLEXINF,2025-02-14 18:35:58
SINCLAIR,2024-05-22 12:27:15
SINCLAIR,2024-08-09 12:02:27
SINCLAIR,2024-11-08 12:10:13
SINCLAIR,2025-01-31 12:27:20
SINDHUTRAD,2023-08-12 13:55:58
SINDHUTRAD,2023-11-10 16:54:56
SINDHUTRAD,2024-02-13 13:50:58
SINDHUTRAD,2024-05-30 16:03:27
SINDHUTRAD,2024-08-13 12:04:32
SINDHUTRAD,2024-11-14 17:13:18
SINDHUTRAD,2025-02-14 17:19:45
SINTERCOM,2021-02-12 19:45:11
SINTERCOM,2021-02-13 06:41:26
SINTERCOM,2021-05-27 20:14:27
SINTERCOM,2021-08-10 20:18:39
SINTERCOM,2021-11-12 19:56:52
SINTERCOM,2022-02-11 20:45:33
SINTERCOM,2022-05-27 20:04:42
SINTERCOM,2023-02-10 16:13:09
SINTERCOM,2023-05-16 16:51:19
SINTERCOM,2023-08-10 15:25:05
SINTERCOM,2023-11-08 16:51:16
SINTERCOM,2024-02-12 14:47:29
SINTERCOM,2024-05-14 16:25:26
SINTERCOM,2024-08-12 14:32:49
SINTERCOM,2024-11-12 14:48:38
SINTERCOM,2025-02-10 14:13:24
SINTEX,2021-02-11 13:44:24
SINTEX,2021-06-30 09:52:36
SINTEX,2021-08-13 14:06:49
SINTEX,2021-10-29 14:21:43
SINTEX,2021-10-29 19:12:47
SINTEX,2022-02-04 15:04:51
SINTEX,2022-05-23 14:50:55
SINTEX,2023-02-03 14:35:01
SIRCA,2021-01-30 15:57:54
SIRCA,2021-05-28 15:22:55
SIRCA,2021-07-30 12:53:35
SIRCA,2021-11-09 11:45:39
SIRCA,2022-02-05 11:43:21
SIRCA,2022-05-26 12:42:19
SIRCA,2023-01-25 14:53:21
SIRCA,2023-05-16 16:55:25
SIRCA,2023-08-14 15:51:51
SIRCA,2023-11-11 12:54:29
SIRCA,2024-02-05 14:49:22
SIRCA,2024-05-18 16:25:02
SIRCA,2024-08-10 16:54:33
SIRCA,2024-11-14 13:21:01
SIRCA,2025-02-11 15:57:12
SIS,2021-02-03 18:46:59
SIS,2021-04-28 17:51:25
SIS,2021-07-28 17:51:14
SIS,2021-10-27 17:54:44
SIS,2022-02-03 18:08:59
SIS,2022-05-04 18:44:40
SIS,2023-02-02 18:23:33
SIS,2023-05-03 18:21:13
SIS,2023-07-26 15:51:06
SIS,2023-10-30 18:17:21
SIS,2024-01-30 20:15:55
SIS,2024-05-01 19:57:07
SIS,2024-07-24 17:59:47
SIS,2024-10-28 18:13:43
SIS,2025-01-28 17:34:31
SITINET,2021-02-05 18:45:11
SITINET,2021-08-13 14:54:33
SITINET,2021-11-10 17:50:36
SITINET,2022-02-12 14:00:21
SITINET,2022-05-28 20:00:53
SITINET,2023-02-02 13:39:05
SITINET,2023-05-30 18:56:20
SITINET,2023-11-10 17:36:44
SITINET,2024-02-12 18:27:37
SITINET,2024-05-10 18:00:52
SITINET,2024-09-28 21:05:09
SITINET,2025-01-29 18:14:19
SITINET,2025-02-12 19:26:33
SIYSIL,2021-02-02 18:25:50
SIYSIL,2021-05-27 16:46:58
SIYSIL,2021-08-10 15:06:43
SIYSIL,2021-10-26 19:46:22
SIYSIL,2022-01-29 18:15:41
SIYSIL,2022-05-07 19:56:25
SIYSIL,2023-01-28 14:00:04
SIYSIL,2023-05-16 20:44:58
SIYSIL,2023-08-12 20:01:12
SIYSIL,2023-10-30 18:58:48
SIYSIL,2024-02-08 22:30:23
SIYSIL,2024-05-11 21:07:22
SIYSIL,2024-08-03 19:12:50
SIYSIL,2024-10-26 17:22:16
SIYSIL,2025-01-25 16:20:17
SJLOGISTIC,2024-02-13 14:53:31
SJLOGISTIC,2024-05-25 15:37:23
SJLOGISTIC,2024-08-05 15:22:17
SJLOGISTIC,2024-11-06 14:29:56
SJLOGISTIC,2025-02-05 12:37:57
SJS,2022-02-08 17:40:06
SJS,2022-05-26 13:55:09
SJS,2023-02-09 16:14:32
SJS,2023-05-15 16:54:18
SJS,2023-07-26 14:26:53
SJS,2023-11-07 15:58:42
SJS,2024-02-01 17:55:12
SJS,2024-05-20 18:06:19
SJS,2024-08-01 17:49:30
SJS,2024-10-28 15:55:10
SJS,2025-01-30 16:22:52
SJVN,2021-02-12 17:30:30
SJVN,2021-06-26 15:53:50
SJVN,2021-08-14 14:49:43
SJVN,2021-11-12 14:56:57
SJVN,2022-02-10 15:42:30
SJVN,2022-05-25 15:16:53
SJVN,2023-02-06 18:55:40
SJVN,2023-05-22 21:03:34
SJVN,2023-08-09 14:29:56
SJVN,2023-11-09 15:07:03
SJVN,2024-02-09 15:49:37
SJVN,2024-05-29 15:44:17
SJVN,2024-08-13 17:48:49
SJVN,2024-11-05 14:45:55
SJVN,2025-02-13 19:12:32
SKFINDIA,2021-02-05 16:33:36
SKFINDIA,2021-05-14 16:25:18
SKFINDIA,2021-07-23 14:10:16
SKFINDIA,2021-10-27 15:55:32
SKFINDIA,2022-02-09 16:10:24
SKFINDIA,2022-05-11 17:07:54
SKFINDIA,2023-02-08 16:24:11
SKFINDIA,2023-05-17 14:42:08
SKFINDIA,2023-08-02 17:02:19
SKFINDIA,2023-11-08 16:37:51
SKFINDIA,2024-02-08 16:49:10
SKFINDIA,2024-05-08 18:51:38
SKFINDIA,2024-08-13 14:51:52
SKFINDIA,2024-11-13 16:43:13
SKFINDIA,2025-02-12 19:30:39
SKIL,2021-02-11 17:53:31
SKIL,2021-06-30 19:59:00
SKIL,2021-08-12 17:36:31
SKIL,2021-11-12 15:11:18
SKIL,2022-02-14 18:17:26
SKIL,2022-05-30 23:49:07
SKIL,2023-02-13 19:29:34
SKIL,2023-05-26 13:59:36
SKIL,2023-08-10 14:42:36
SKIL,2023-11-09 14:41:30
SKIL,2024-06-06 17:11:31
SKIL,2024-12-05 16:26:26
SKIL,2025-02-24 18:42:37
SKIPPER,2021-01-20 12:18:59
SKIPPER,2021-05-04 14:31:01
SKIPPER,2021-08-12 18:42:41
SKIPPER,2021-11-09 13:56:05
SKIPPER,2022-01-25 17:30:07
SKIPPER,2022-05-11 15:32:55
SKIPPER,2023-02-04 14:41:29
SKIPPER,2023-05-15 15:53:55
SKIPPER,2023-08-10 15:29:15
SKIPPER,2023-11-07 18:13:20
SKIPPER,2024-02-12 15:25:49
SKIPPER,2024-05-02 14:02:02
SKIPPER,2024-07-30 13:46:18
SKIPPER,2024-10-28 17:28:53
SKIPPER,2025-02-06 14:50:46
SKMEGGPROD,2021-01-27 13:32:15
SKMEGGPROD,2021-05-26 15:16:54
SKMEGGPROD,2021-07-28 14:02:11
SKMEGGPROD,2021-11-10 13:03:40
SKMEGGPROD,2022-02-09 14:17:28
SKMEGGPROD,2022-05-30 16:37:12
SKMEGGPROD,2023-02-08 15:30:12
SKMEGGPROD,2023-05-24 13:38:40
SKMEGGPROD,2023-08-02 13:20:39
SKMEGGPROD,2023-11-10 15:51:53
SKMEGGPROD,2024-02-06 15:50:13
SKMEGGPROD,2024-05-22 15:02:49
SKMEGGPROD,2024-08-07 15:54:50
SKMEGGPROD,2024-11-13 14:48:26
SKMEGGPROD,2025-02-07 15:17:38
SKP,2023-05-25 19:10:52
SKP,2024-11-13 18:40:41
SKSTEXTILE,2021-07-01 00:00:29
SKSTEXTILE,2021-11-13 17:41:17
SKSTEXTILE,2022-05-30 18:03:14
SKYGOLD,2023-02-10 14:08:33
SKYGOLD,2023-05-18 14:40:40
SKYGOLD,2023-08-12 13:29:06
SKYGOLD,2023-11-09 14:01:12
SKYGOLD,2024-01-27 13:14:37
SKYGOLD,2024-05-30 13:06:08
SKYGOLD,2024-08-09 15:49:00
SKYGOLD,2024-11-13 19:48:13
SKYGOLD,2025-02-03 13:26:01
SLONE,2024-05-27 14:13:57
SLONE,2024-11-11 16:09:57
SMARTLINK,2021-02-12 17:04:08
SMARTLINK,2021-06-30 14:52:26
SMARTLINK,2021-08-12 12:35:49
SMARTLINK,2021-11-01 14:27:58
SMARTLINK,2022-02-10 13:38:54
SMARTLINK,2022-05-11 12:43:54
SMARTLINK,2023-02-09 13:55:24
SMARTLINK,2023-05-17 14:32:40
SMARTLINK,2023-08-03 13:17:38
SMARTLINK,2023-11-08 14:03:02
SMARTLINK,2024-02-09 14:07:00
SMARTLINK,2024-05-09 14:40:40
SMARTLINK,2024-08-10 15:30:50
SMARTLINK,2024-11-07 13:40:28
SMARTLINK,2025-02-10 17:30:00
SMCGLOBAL,2021-06-07 21:42:04
SMCGLOBAL,2021-08-11 19:05:39
SMCGLOBAL,2021-11-08 18:59:25
SMCGLOBAL,2022-01-31 20:10:04
SMCGLOBAL,2022-05-07 23:35:33
SMCGLOBAL,2023-01-31 20:28:06
SMCGLOBAL,2023-05-18 21:10:21
SMCGLOBAL,2023-08-09 21:34:37
SMCGLOBAL,2023-11-07 18:15:51
SMCGLOBAL,2024-02-05 13:06:45
SMCGLOBAL,2024-05-13 15:31:27
SMCGLOBAL,2024-07-30 19:44:28
SMCGLOBAL,2024-10-25 21:11:46
SMCGLOBAL,2025-01-29 19:42:46
SMLMAH,2021-02-05 13:40:37
SMLMAH,2021-05-19 14:51:25
SMLMAH,2021-08-05 13:28:39
SMLMAH,2021-11-12 12:27:39
SMLMAH,2022-02-10 13:00:46
SMLMAH,2022-05-20 15:59:24
SMLMAH,2023-02-10 13:38:43
SMLMAH,2023-05-29 14:22:18
SMLMAH,2023-08-04 12:58:38
SMLMAH,2023-11-03 13:35:03
SMLMAH,2024-02-09 13:53:15
SMLMAH,2024-05-23 15:07:46
SMLMAH,2024-08-02 13:23:02
SMLMAH,2024-11-11 13:13:30
SMLMAH,2025-02-07 13:26:32
SMLT,2022-02-12 09:26:51
SMLT,2022-05-11 18:09:58
SMLT,2023-02-13 18:52:09
SMLT,2023-05-26 13:58:23
SMLT,2023-08-11 12:17:07
SMLT,2023-11-07 12:38:08
SMLT,2024-02-08 13:17:21
SMLT,2024-05-22 13:30:26
SMLT,2024-08-13 12:16:11
SMLT,2024-11-13 13:09:32
SMLT,2025-02-04 12:13:05
SMPL,2021-02-13 14:32:04
SMPL,2021-06-30 14:28:38
SMPL,2021-06-30 14:30:05
SMPL,2021-08-14 16:30:47
SMSPHARMA,2021-02-10 19:13:38
SMSPHARMA,2021-05-28 17:11:15
SMSPHARMA,2021-08-07 13:09:22
SMSPHARMA,2021-11-12 14:04:24
SMSPHARMA,2022-02-09 12:55:48
SMSPHARMA,2022-05-30 20:09:54
SMSPHARMA,2023-02-09 12:26:55
SMSPHARMA,2023-05-24 13:26:23
SMSPHARMA,2023-08-08 13:57:53
SMSPHARMA,2023-11-08 13:02:26
SMSPHARMA,2024-02-08 19:05:43
SMSPHARMA,2024-05-29 13:24:39
SMSPHARMA,2024-08-05 15:20:27
SMSPHARMA,2024-11-08 18:51:46
SMSPHARMA,2025-02-12 14:18:08
SMVD,2021-07-01 18:24:40
SMVD,2021-11-13 18:06:31
SMVD,2022-05-30 17:54:59
SMVD,2023-05-31 12:35:03
SMVD,2023-11-14 18:06:11
SMVD,2024-05-30 19:50:09
SMVD,2024-11-14 18:08:24
SNOWMAN,2021-01-18 14:52:04
SNOWMAN,2021-04-26 17:33:38
SNOWMAN,2021-07-28 11:26:14
SNOWMAN,2021-10-20 13:42:46
SNOWMAN,2022-01-25 13:29:25
SNOWMAN,2022-04-25 14:21:12
SNOWMAN,2023-01-24 15:40:57
SNOWMAN,2023-05-26 13:10:37
SNOWMAN,2023-08-01 18:22:29
SNOWMAN,2023-11-06 13:59:13
SNOWMAN,2024-02-14 13:08:02
SNOWMAN,2024-05-30 16:19:46
SNOWMAN,2024-08-08 13:04:34
SNOWMAN,2024-11-11 12:29:31
SNOWMAN,2025-02-03 13:53:29
SOBHA,2021-02-12 15:53:57
SOBHA,2021-06-22 17:07:43
SOBHA,2021-08-14 16:28:53
SOBHA,2021-10-27 17:17:24
SOBHA,2021-11-08 16:06:19
SOBHA,2022-02-11 17:34:03
SOBHA,2022-05-20 18:14:30
SOBHA,2023-02-07 18:44:23
SOBHA,2023-05-29 16:37:09
SOBHA,2023-08-07 16:49:09
SOBHA,2023-11-06 17:41:17
SOBHA,2024-02-07 16:45:27
SOBHA,2024-05-17 17:49:35
SOBHA,2024-08-08 17:23:07
SOBHA,2024-11-14 18:51:19
SOBHA,2025-02-06 17:04:40
SOFTTECH,2021-11-02 14:11:53
SOFTTECH,2022-05-27 18:37:32
SOFTTECH,2023-02-10 13:38:58
SOFTTECH,2023-05-25 17:19:22
SOFTTECH,2023-08-10 14:31:52
SOFTTECH,2023-11-07 15:10:55
SOFTTECH,2024-02-12 15:40:25
SOFTTECH,2024-05-24 13:30:22
SOFTTECH,2024-08-14 13:53:49
SOFTTECH,2024-11-14 16:03:28
SOFTTECH,2025-02-11 17:16:02
SOLARA,2021-02-03 13:38:28
SOLARA,2021-05-06 15:09:13
SOLARA,2021-08-04 14:10:17
SOLARA,2021-11-11 14:37:59
SOLARA,2022-02-09 16:12:27
SOLARA,2022-04-29 15:03:30
SOLARA,2023-01-25 13:51:19
SOLARA,2023-05-12 14:29:32
SOLARA,2023-08-14 13:56:46
SOLARA,2023-11-14 15:04:57
SOLARA,2024-02-14 14:05:03
SOLARA,2024-05-29 15:37:11
SOLARA,2024-07-22 13:57:19
SOLARA,2024-10-21 14:17:03
SOLARA,2025-01-24 14:42:01
SOLARINDS,2021-01-29 17:24:53
SOLARINDS,2021-01-30 12:02:59
SOLARINDS,2021-05-27 18:50:14
SOLARINDS,2021-07-29 18:20:55
SOLARINDS,2021-10-29 14:28:39
SOLARINDS,2021-10-29 14:30:39
SOLARINDS,2022-01-29 16:14:37
SOLARINDS,2022-01-29 16:34:29
SOLARINDS,2022-05-03 13:38:00
SOLARINDS,2023-01-25 18:34:28
SOLARINDS,2023-05-03 14:50:35
SOLARINDS,2023-08-03 14:31:37
SOLARINDS,2023-11-02 14:44:20
SOLARINDS,2024-02-07 14:24:12
SOLARINDS,2024-05-16 14:40:45
SOLARINDS,2024-08-06 14:31:18
SOLARINDS,2024-11-13 15:03:58
SOLARINDS,2025-02-05 14:52:57
SOLEX,2021-06-30 18:20:42
SOLEX,2021-06-30 18:20:42
SOLEX,2021-07-01 13:31:39
SOLEX,2021-11-14 20:09:36
SOLEX,2022-05-30 17:41:24
SOLEX,2023-05-22 13:56:32
SOLEX,2023-11-07 16:56:38
SOLEX,2024-05-28 13:12:44
SOLEX,2024-11-11 17:53:13
SOMANYCERA,2021-02-04 15:10:23
SOMANYCERA,2021-06-16 16:12:10
SOMANYCERA,2021-08-05 15:52:50
SOMANYCERA,2021-11-11 16:02:04
SOMANYCERA,2022-02-03 14:19:16
SOMANYCERA,2022-05-18 17:10:48
SOMANYCERA,2023-02-07 16:19:20
SOMANYCERA,2023-05-23 16:17:22
SOMANYCERA,2023-05-24 17:12:46
SOMANYCERA,2023-08-10 15:56:54
SOMANYCERA,2023-11-08 15:48:36
SOMANYCERA,2024-02-01 17:01:48
SOMANYCERA,2024-05-15 17:03:45
SOMANYCERA,2024-08-01 16:02:03
SOMANYCERA,2024-10-29 16:29:55
SOMANYCERA,2025-02-06 16:55:33
SOMATEX,2021-02-13 14:55:38
SOMATEX,2021-06-14 15:20:40
SOMATEX,2021-06-23 12:19:42
SOMATEX,2021-08-14 16:15:01
SOMATEX,2021-11-12 15:29:20
SOMATEX,2022-02-15 14:48:22
SOMATEX,2022-05-13 14:22:12
SOMATEX,2023-02-06 15:59:40
SOMATEX,2023-05-25 15:17:50
SOMATEX,2023-08-14 17:21:47
SOMATEX,2023-11-10 15:25:35
SOMATEX,2024-02-12 15:29:56
SOMATEX,2024-05-22 16:17:29
SOMATEX,2024-08-06 15:38:24
SOMATEX,2024-11-12 15:11:30
SOMATEX,2025-02-07 15:40:02
SOMICONVEY,2021-02-10 17:44:59
SOMICONVEY,2021-06-29 17:05:54
SOMICONVEY,2021-08-14 16:16:59
SOMICONVEY,2021-11-12 16:20:47
SOMICONVEY,2022-02-14 16:22:31
SOMICONVEY,2022-05-31 12:25:43
SOMICONVEY,2023-02-14 16:18:12
SOMICONVEY,2023-05-30 16:26:53
SOMICONVEY,2023-08-12 17:22:28
SOMICONVEY,2023-11-08 16:53:16
SOMICONVEY,2024-02-12 16:55:13
SOMICONVEY,2024-05-30 16:22:55
SOMICONVEY,2024-08-14 16:15:47
SOMICONVEY,2024-11-14 17:13:18
SOMICONVEY,2025-02-14 16:39:35
SONACOMS,2021-08-05 19:09:31
SONACOMS,2021-08-06 15:46:15
SONACOMS,2021-10-27 16:20:37
SONACOMS,2022-02-01 16:14:24
SONACOMS,2022-05-05 15:43:23
SONACOMS,2023-01-24 15:09:26
SONACOMS,2023-05-03 15:58:17
SONACOMS,2023-07-27 16:02:21
SONACOMS,2023-10-25 16:13:09
SONACOMS,2024-01-23 15:45:43
SONACOMS,2024-04-30 16:10:55
SONACOMS,2024-07-24 16:51:57
SONACOMS,2024-10-23 16:17:06
SONACOMS,2025-01-23 15:59:50
SONAMAC,2024-05-28 18:07:59
SONAMAC,2024-11-14 17:27:53
SONAMLTD,2022-05-26 19:23:20
SONAMLTD,2023-02-09 18:17:21
SONAMLTD,2023-05-19 13:16:49
SONAMLTD,2023-08-07 12:47:30
SONAMLTD,2023-11-08 15:08:56
SONAMLTD,2024-02-14 17:59:44
SONAMLTD,2024-05-16 17:15:08
SONAMLTD,2024-08-06 13:09:52
SONAMLTD,2024-10-15 14:25:00
SONAMLTD,2025-01-30 14:22:02
SONATSOFTW,2021-02-04 15:16:20
SONATSOFTW,2021-05-12 17:17:55
SONATSOFTW,2021-08-04 16:54:21
SONATSOFTW,2021-10-19 15:23:00
SONATSOFTW,2022-01-17 15:29:08
SONATSOFTW,2022-04-29 17:41:27
SONATSOFTW,2023-01-24 14:15:02
SONATSOFTW,2023-05-13 10:31:52
SONATSOFTW,2023-07-29 16:55:18
SONATSOFTW,2023-10-25 16:40:13
SONATSOFTW,2024-02-01 15:34:58
SONATSOFTW,2024-05-07 16:46:14
SONATSOFTW,2024-07-31 17:01:47
SONATSOFTW,2024-11-06 16:27:31
SONATSOFTW,2025-02-06 15:38:31
SONISOYA,2021-02-05 19:07:23
SONUINFRA,2022-05-30 20:04:31
SONUINFRA,2023-05-29 17:47:11
SONUINFRA,2023-11-06 19:56:01
SONUINFRA,2024-05-30 17:53:40
SONUINFRA,2024-11-14 14:17:08
SONUINFRA,2025-02-14 18:02:51
SORILINFRA,2021-01-15 19:16:39
SORILINFRA,2021-05-08 20:29:56
SORILINFRA,2021-07-30 18:15:33
SORILINFRA,2021-11-13 17:15:39
SORILINFRA,2022-02-11 17:19:16
SORILINFRA,2022-05-28 11:50:56
SOTAC,2023-05-29 17:20:01
SOTAC,2023-08-11 17:30:54
SOTAC,2023-11-06 18:03:45
SOTAC,2024-02-05 16:42:07
SOTAC,2024-05-17 17:30:26
SOTAC,2024-08-13 15:45:49
SOTAC,2024-10-29 16:15:19
SOTL,2021-02-04 15:41:23
SOTL,2021-06-28 14:02:15
SOTL,2021-08-09 17:18:52
SOTL,2021-11-01 18:12:25
SOTL,2022-02-14 18:22:51
SOTL,2022-05-31 14:57:23
SOTL,2023-01-30 13:41:17
SOTL,2023-05-26 18:15:50
SOTL,2023-08-01 15:21:33
SOTL,2023-11-01 14:48:44
SOTL,2024-02-12 14:27:33
SOTL,2024-05-11 15:07:07
SOTL,2024-08-03 16:03:29
SOTL,2024-11-12 15:24:13
SOTL,2025-02-13 14:10:44
SOUTHBANK,2021-01-21 17:03:19
SOUTHBANK,2021-05-21 14:42:34
SOUTHBANK,2021-07-22 17:00:04
SOUTHBANK,2021-10-21 19:26:28
SOUTHBANK,2022-01-20 15:44:56
SOUTHBANK,2022-05-12 20:26:13
SOUTHBANK,2023-01-24 14:19:54
SOUTHBANK,2023-05-11 15:34:23
SOUTHBANK,2023-07-20 15:08:06
SOUTHBANK,2023-10-19 13:18:20
SOUTHBANK,2024-01-18 11:59:25
SOUTHBANK,2024-05-02 14:21:49
SOUTHBANK,2024-07-18 16:14:48
SOUTHBANK,2024-10-16 12:16:36
SOUTHBANK,2025-01-21 13:03:47
SOUTHWEST,2021-02-01 17:55:02
SOUTHWEST,2021-06-09 17:37:16
SOUTHWEST,2021-08-09 17:14:37
SOUTHWEST,2021-11-07 16:42:14
SOUTHWEST,2022-02-09 13:54:32
SOUTHWEST,2022-05-23 17:47:30
SOUTHWEST,2023-02-13 16:26:43
SOUTHWEST,2023-05-28 14:47:40
SOUTHWEST,2023-08-14 15:50:47
SOUTHWEST,2023-11-03 18:20:34
SOUTHWEST,2024-02-14 16:57:56
SOUTHWEST,2024-05-29 16:23:59
SOUTHWEST,2024-08-12 17:03:30
SOUTHWEST,2024-10-28 17:56:07
SOUTHWEST,2025-02-04 18:54:08
SPAL,2021-02-13 16:14:19
SPAL,2021-06-21 16:50:03
SPAL,2021-08-13 15:08:17
SPAL,2021-11-11 14:53:21
SPAL,2022-02-11 14:28:57
SPAL,2022-05-20 19:13:49
SPAL,2023-02-09 13:41:15
SPAL,2023-05-16 15:35:51
SPAL,2023-08-11 13:58:21
SPAL,2023-11-07 14:05:55
SPAL,2024-02-12 14:46:12
SPAL,2024-05-21 13:52:18
SPAL,2024-08-10 15:11:39
SPAL,2024-11-11 15:55:58
SPAL,2025-02-10 14:22:57
SPANDANA,2021-02-09 17:38:19
SPANDANA,2021-05-22 20:23:07
SPANDANA,2021-08-14 20:39:56
SPANDANA,2022-01-06 13:54:46
SPANDANA,2022-02-15 13:32:51
SPANDANA,2022-07-11 19:51:30
SPANDANA,2023-01-31 16:55:42
SPANDANA,2023-05-02 18:26:08
SPANDANA,2023-07-24 15:42:59
SPANDANA,2023-10-30 15:55:08
SPANDANA,2024-01-22 16:07:44
SPANDANA,2024-04-29 16:03:36
SPANDANA,2024-07-27 12:17:56
SPANDANA,2024-10-28 16:21:43
SPANDANA,2025-01-23 16:10:44
SPARC,2021-02-08 21:35:40
SPARC,2021-05-17 21:35:00
SPARC,2021-07-26 21:10:39
SPARC,2021-11-01 21:17:19
SPARC,2022-02-04 20:30:44
SPARC,2022-05-17 15:10:45
SPARC,2023-02-13 14:28:54
SPARC,2023-05-22 13:39:28
SPARC,2023-08-07 15:15:16
SPARC,2023-11-06 15:22:21
SPARC,2024-02-05 13:49:30
SPARC,2024-05-24 20:25:23
SPARC,2024-08-05 15:13:44
SPARC,2024-11-04 15:44:43
SPARC,2025-02-10 19:56:18
SPCENET,2021-02-11 13:33:55
SPCENET,2021-06-28 20:52:53
SPCENET,2021-08-13 13:15:09
SPCENET,2021-11-12 17:44:10
SPCENET,2022-02-14 17:51:41
SPCENET,2022-02-14 18:25:56
SPCENET,2022-05-28 00:13:47
SPCENET,2023-02-13 17:13:45
SPCENET,2023-05-30 18:51:54
SPCENET,2023-08-12 16:34:29
SPCENET,2023-11-13 18:14:04
SPCENET,2024-02-12 18:43:42
SPCENET,2024-05-28 18:40:55
SPCENET,2024-07-31 18:16:02
SPCENET,2024-11-14 16:24:52
SPCENET,2025-02-14 17:50:56
SPCL,2024-07-20 19:41:25
SPCL,2024-11-12 18:04:48
SPECIALITY,2021-02-11 17:35:31
SPECIALITY,2021-06-23 18:20:11
SPECIALITY,2021-08-14 19:25:48
SPECIALITY,2021-11-13 18:47:34
SPECIALITY,2022-02-10 19:17:00
SPECIALITY,2022-05-27 21:40:39
SPECIALITY,2023-02-08 19:10:22
SPECIALITY,2023-05-29 22:04:34
SPECIALITY,2023-08-10 16:04:15
SPECIALITY,2023-10-30 20:44:00
SPECIALITY,2024-01-17 19:32:15
SPECIALITY,2024-05-14 18:38:31
SPECIALITY,2024-08-06 18:58:32
SPECIALITY,2024-11-14 19:11:57
SPECIALITY,2025-01-31 16:12:03
SPECTRUM,2021-05-14 16:56:13
SPECTRUM,2021-10-18 18:00:48
SPECTRUM,2022-05-12 18:09:53
SPECTRUM,2023-05-15 17:15:36
SPECTRUM,2023-11-02 15:38:05
SPECTRUM,2024-05-07 16:30:04
SPECTRUM,2024-11-12 16:39:17
SPECTSTM,2023-07-12 18:54:57
SPECTSTM,2023-11-11 09:45:42
SPECTSTM,2024-05-25 12:55:53
SPECTSTM,2024-11-14 13:51:37
SPENCERS,2021-02-11 13:17:47
SPENCERS,2021-06-15 14:15:33
SPENCERS,2021-08-10 16:18:39
SPENCERS,2021-11-12 16:00:58
SPENCERS,2022-02-09 16:48:27
SPENCERS,2022-05-12 14:05:37
SPENCERS,2023-05-22 17:13:40
SPENCERS,2023-05-23 15:12:50
SPENCERS,2023-08-10 13:08:00
SPENCERS,2023-11-08 16:49:10
SPENCERS,2024-02-01 19:18:36
SPENCERS,2024-05-10 16:06:41
SPENCERS,2024-07-22 19:11:04
SPENCERS,2024-11-06 13:21:08
SPENCERS,2025-01-16 14:16:58
SPIC,2021-02-11 18:18:44
SPIC,2021-06-30 16:55:43
SPIC,2021-08-12 16:59:55
SPIC,2021-11-11 17:09:03
SPIC,2022-02-14 17:00:53
SPIC,2022-05-27 17:15:24
SPIC,2023-02-10 13:31:51
SPIC,2023-05-24 17:47:31
SPIC,2023-08-11 17:41:38
SPIC,2023-11-06 17:40:06
SPIC,2024-02-14 17:13:45
SPIC,2024-05-16 19:24:28
SPIC,2024-08-08 18:05:11
SPIC,2024-11-13 18:36:05
SPIC,2025-02-06 18:43:43
SPLIL,2021-02-10 16:59:24
SPLIL,2021-06-15 16:42:19
SPLIL,2021-08-13 18:15:48
SPLIL,2021-11-13 15:53:22
SPLIL,2022-02-12 17:43:44
SPLIL,2022-05-30 22:10:16
SPLIL,2023-02-11 15:43:28
SPLIL,2023-05-22 18:56:48
SPLIL,2023-08-11 16:50:47
SPLIL,2023-11-10 16:06:45
SPLIL,2024-02-12 16:16:54
SPLIL,2024-05-27 15:21:04
SPLIL,2024-08-13 15:17:53
SPLIL,2024-11-08 16:08:39
SPLIL,2025-02-14 14:54:46
SPLPETRO,2023-01-23 18:24:52
SPLPETRO,2023-04-26 17:43:45
SPLPETRO,2023-07-27 17:27:09
SPLPETRO,2023-10-27 17:55:43
SPLPETRO,2024-01-18 18:41:12
SPLPETRO,2024-04-24 19:42:43
SPLPETRO,2024-07-19 17:53:08
SPLPETRO,2024-10-21 17:52:16
SPLPETRO,2025-01-17 18:32:11
SPMLINFRA,2021-02-12 20:08:39
SPMLINFRA,2021-06-30 00:22:44
SPMLINFRA,2021-08-12 21:41:41
SPMLINFRA,2021-11-11 19:47:31
SPMLINFRA,2022-02-14 14:37:19
SPMLINFRA,2022-05-28 16:27:24
SPMLINFRA,2023-02-13 14:04:25
SPMLINFRA,2023-06-13 23:14:50
SPMLINFRA,2023-08-14 17:14:03
SPMLINFRA,2023-11-14 15:50:25
SPMLINFRA,2024-02-13 19:19:02
SPMLINFRA,2024-05-30 20:30:49
SPMLINFRA,2024-08-12 15:18:42
SPMLINFRA,2024-11-11 14:52:44
SPMLINFRA,2025-02-13 22:02:26
SPORTKING,2023-01-28 16:45:35
SPORTKING,2023-04-29 16:29:57
SPORTKING,2023-07-22 16:14:15
SPORTKING,2023-10-21 15:09:06
SPORTKING,2024-01-20 13:55:17
SPORTKING,2024-04-27 16:17:05
SPORTKING,2024-07-20 14:42:17
SPORTKING,2024-10-26 15:03:23
SPORTKING,2025-01-25 14:11:59
SPPPOLY,2024-11-14 15:07:08
SPRL,2022-05-27 12:20:20
SPRL,2023-05-23 18:59:13
SPRL,2023-11-10 16:13:12
SPRL,2024-05-15 14:38:37
SPRL,2024-11-13 16:23:18
SPTL,2021-02-10 14:00:09
SPTL,2021-06-28 20:20:45
SPTL,2021-08-12 14:38:20
SPTL,2021-10-28 15:09:55
SPTL,2022-02-10 14:57:09
SPTL,2022-05-18 16:21:03
SPTL,2023-02-10 13:19:50
SPTL,2023-05-29 19:32:31
SPTL,2023-08-14 13:45:38
SPTL,2023-11-07 17:17:25
SPTL,2024-02-14 21:41:56
SPTL,2024-12-16 15:24:33
SPTL,2024-12-16 15:26:27
SPTL,2024-12-16 15:28:28
SPTL,2025-01-31 23:43:45
SRD,2024-11-14 15:58:08
SRD,2025-02-14 15:09:15
SREEL,2021-02-13 20:23:36
SREEL,2021-06-30 23:06:06
SREEL,2021-06-30 23:19:26
SREEL,2021-08-14 18:12:36
SREEL,2021-08-14 18:26:21
SREEL,2021-11-13 18:58:12
SREEL,2021-11-13 19:17:20
SREEL,2022-02-14 19:28:38
SREEL,2022-02-14 20:06:50
SREEL,2022-05-30 20:13:16
SREEL,2023-02-14 20:30:34
SREEL,2023-05-30 21:47:51
SREEL,2023-08-14 18:39:55
SREEL,2023-11-14 18:18:50
SREEL,2024-02-12 16:26:49
SREEL,2024-05-29 21:47:32
SREEL,2024-08-14 19:35:44
SREEL,2024-11-14 20:05:43
SREEL,2025-02-12 18:02:11
SREINFRA,2021-02-13 22:44:23
SREINFRA,2021-07-01 13:39:58
SREINFRA,2021-08-14 17:41:29
SREINFRA,2021-12-24 21:00:48
SREINFRA,2021-12-29 12:16:01
SREINFRA,2022-02-08 21:03:55
SREINFRA,2022-02-14 22:08:06
SREINFRA,2022-05-28 15:32:23
SREINFRA,2023-02-08 21:10:45
SREINFRA,2023-05-16 22:53:46
SREINFRA,2023-07-29 18:51:56
SREINFRA,2023-11-09 19:52:01
SRF,2021-01-21 15:22:06
SRF,2021-05-05 13:51:38
SRF,2021-07-28 13:59:58
SRF,2021-10-25 13:35:47
SRF,2022-01-25 15:12:09
SRF,2022-05-09 15:36:54
SRF,2023-01-30 15:10:13
SRF,2023-05-09 14:44:53
SRF,2023-07-24 14:34:52
SRF,2023-10-27 14:38:12
SRF,2024-01-30 15:41:20
SRF,2024-05-07 15:12:38
SRF,2024-07-23 14:25:51
SRF,2024-10-22 15:07:53
SRF,2025-01-29 15:55:38
SRGHFL,2023-10-30 12:25:55
SRGHFL,2024-01-22 17:05:00
SRGHFL,2024-05-23 14:30:48
SRGHFL,2024-05-23 14:38:12
SRGHFL,2024-08-14 14:00:34
SRGHFL,2024-10-28 13:14:39
SRGHFL,2025-01-31 13:19:20
SRHHYPOLTD,2021-02-13 18:29:24
SRHHYPOLTD,2021-06-30 18:38:20
SRHHYPOLTD,2021-08-14 19:17:18
SRHHYPOLTD,2021-11-13 15:15:22
SRHHYPOLTD,2022-02-14 18:57:38
SRHHYPOLTD,2022-05-30 21:11:35
SRHHYPOLTD,2023-02-14 20:45:07
SRHHYPOLTD,2023-05-30 20:48:46
SRHHYPOLTD,2023-08-14 19:34:15
SRHHYPOLTD,2023-11-14 21:11:06
SRHHYPOLTD,2024-02-13 20:34:16
SRHHYPOLTD,2024-05-28 19:20:19
SRHHYPOLTD,2024-08-14 18:32:41
SRHHYPOLTD,2024-11-14 17:23:26
SRHHYPOLTD,2025-02-14 19:34:40
SRIPIPES,2021-01-28 13:05:34
SRIPIPES,2021-05-04 13:59:09
SRIPIPES,2021-08-04 12:47:56
SRIPIPES,2021-11-02 13:30:40
SRIRAM,2021-07-10 17:06:46
SRIRAM,2021-11-13 14:15:30
SRIRAM,2022-05-30 21:19:07
SRIRAM,2023-05-30 20:03:56
SRIRAM,2023-11-14 16:59:49
SRIVASAVI,2023-05-30 17:33:47
SRIVASAVI,2023-11-10 15:47:02
SRIVASAVI,2024-05-23 11:01:40
SRIVASAVI,2024-11-13 13:45:10
SRM,2024-05-30 18:45:19
SRM,2024-08-14 19:49:41
SRM,2024-11-14 19:38:59
SRM,2025-02-11 19:19:47
SRPL,2021-02-05 14:45:20
SRPL,2021-06-16 16:03:07
SRPL,2021-08-13 12:32:24
SRPL,2021-08-13 12:34:13
SRPL,2021-10-29 14:04:31
SRPL,2021-10-29 14:05:33
SRPL,2021-10-29 18:45:17
SRPL,2022-01-19 16:04:57
SRPL,2022-01-19 16:06:26
SRPL,2022-04-25 13:13:20
SRPL,2023-01-31 16:37:48
SRPL,2023-05-05 18:16:38
SRPL,2023-08-14 16:40:27
SRPL,2023-11-08 18:50:01
SRPL,2024-05-06 18:40:06
SRPL,2024-05-30 19:32:47
SRPL,2024-08-14 17:59:37
SRPL,2024-11-14 16:28:01
SRPL,2025-02-04 12:48:15
SSDL,2024-09-09 17:21:37
SSDL,2024-11-12 18:50:17
SSDL,2025-02-13 23:06:35
SSEGL,2024-11-05 18:25:36
SSFL,2023-11-14 21:20:25
SSFL,2024-05-28 20:24:30
SSFL,2024-11-11 15:23:03
SSINFRA,2021-09-20 17:38:39
SSINFRA,2022-01-06 17:21:38
SSINFRA,2022-12-30 21:22:13
SSWL,2021-01-12 12:40:03
SSWL,2021-05-07 13:04:16
SSWL,2021-07-12 11:55:30
SSWL,2021-10-22 12:34:06
SSWL,2022-01-24 12:29:24
SSWL,2022-05-13 12:59:42
SSWL,2023-01-30 12:01:44
SSWL,2023-05-26 14:32:24
SSWL,2023-07-12 12:52:28
SSWL,2023-10-26 13:00:52
SSWL,2024-01-17 12:24:25
SSWL,2024-05-23 14:59:44
SSWL,2024-07-23 13:32:27
SSWL,2024-10-29 13:20:52
SSWL,2025-01-17 14:13:40
STALLION,2025-02-12 14:33:35
STANLEY,2024-07-19 20:15:41
STANLEY,2024-08-14 19:36:43
STANLEY,2024-11-12 19:20:09
STANLEY,2025-02-12 21:38:51
STAR,2021-02-04 13:06:00
STAR,2021-05-27 13:32:37
STAR,2021-08-06 12:41:16
STAR,2021-11-10 13:40:07
STAR,2022-02-10 13:20:24
STAR,2022-05-24 21:32:54
STAR,2023-01-24 14:57:34
STAR,2023-05-25 14:26:38
STAR,2023-08-02 11:55:54
STAR,2023-10-30 12:26:01
STAR,2024-01-30 13:17:46
STAR,2024-05-22 13:44:40
STAR,2024-07-29 13:57:09
STAR,2024-10-24 13:19:01
STAR,2025-01-30 13:37:51
STARCEMENT,2021-02-08 15:46:10
STARCEMENT,2021-06-09 13:11:50
STARCEMENT,2021-08-13 13:31:53
STARCEMENT,2021-11-01 13:19:56
STARCEMENT,2022-01-25 14:47:53
STARCEMENT,2022-05-17 15:20:19
STARCEMENT,2023-02-03 14:04:15
STARCEMENT,2023-05-19 18:33:20
STARCEMENT,2023-08-08 16:19:43
STARCEMENT,2023-11-09 15:41:30
STARCEMENT,2024-02-07 15:38:04
STARCEMENT,2024-05-22 16:47:14
STARCEMENT,2024-08-09 17:23:15
STARCEMENT,2024-11-08 14:32:28
STARCEMENT,2025-01-30 14:27:54
STARHEALTH,2022-02-11 22:08:01
STARHEALTH,2022-02-11 22:27:00
STARHEALTH,2022-04-29 19:39:19
STARHEALTH,2023-01-31 18:07:00
STARHEALTH,2023-04-28 16:07:39
STARHEALTH,2023-07-28 19:02:55
STARHEALTH,2023-10-31 17:35:27
STARHEALTH,2024-01-30 17:34:08
STARHEALTH,2024-04-30 11:20:58
STARHEALTH,2024-07-30 18:43:58
STARHEALTH,2024-10-29 18:38:37
STARHEALTH,2025-01-28 18:06:34
STARPAPER,2021-02-10 16:49:54
STARPAPER,2021-06-25 18:05:05
STARPAPER,2021-08-13 17:02:21
STARPAPER,2021-11-11 16:30:03
STARPAPER,2022-02-09 14:41:46
STARPAPER,2022-05-28 11:39:10
STARPAPER,2023-02-10 16:39:32
STARPAPER,2023-05-29 16:58:07
STARPAPER,2023-08-11 17:50:40
STARPAPER,2023-11-09 16:41:20
STARPAPER,2024-02-09 16:49:10
STARPAPER,2024-05-24 17:38:32
STARPAPER,2024-08-13 16:54:49
STARPAPER,2024-11-14 18:27:08
STARPAPER,2025-02-12 19:51:22
STARTECK,2022-05-27 21:14:02
STARTECK,2023-02-02 18:24:56
STARTECK,2023-05-30 19:22:09
STARTECK,2023-08-11 18:39:07
STARTECK,2023-11-03 17:19:14
STARTECK,2024-02-14 18:39:54
STARTECK,2024-05-27 18:59:07
STARTECK,2024-08-09 17:31:51
STARTECK,2024-11-11 19:25:03
STARTECK,2025-01-29 20:53:35
STCINDIA,2021-02-09 18:43:46
STCINDIA,2021-06-25 18:35:25
STCINDIA,2021-08-13 17:27:31
STCINDIA,2021-11-11 16:26:03
STCINDIA,2022-02-09 19:06:57
STCINDIA,2022-05-27 20:06:49
STCINDIA,2023-02-09 17:45:36
STCINDIA,2023-05-23 16:58:37
STCINDIA,2023-08-10 16:47:37
STCINDIA,2023-11-09 16:43:12
STCINDIA,2024-02-09 17:25:03
STCINDIA,2024-05-28 18:14:46
STCINDIA,2024-08-08 16:47:29
STCINDIA,2024-10-28 13:50:40
STCINDIA,2025-02-07 16:52:22
STEELCAS,2022-01-27 18:07:14
STEELCAS,2022-05-18 17:22:16
STEELCAS,2023-01-23 17:12:34
STEELCAS,2023-05-23 17:41:22
STEELCAS,2023-08-03 16:04:52
STEELCAS,2023-11-01 17:59:25
STEELCAS,2024-01-31 16:50:14
STEELCAS,2024-05-30 17:00:37
STEELCAS,2024-08-08 15:34:23
STEELCAS,2024-11-09 12:58:20
STEELCAS,2025-01-28 17:10:28
STEELCITY,2021-02-13 17:51:46
STEELCITY,2021-04-29 17:58:43
STEELCITY,2021-08-11 18:24:38
STEELCITY,2021-11-03 18:20:40
STEELCITY,2022-02-10 18:27:08
STEELCITY,2022-05-14 18:25:28
STEELCITY,2023-02-08 18:05:02
STEELCITY,2023-05-20 18:30:27
STEELCITY,2023-08-05 17:39:42
STEELCITY,2023-11-10 18:21:11
STEELCITY,2024-02-05 18:24:17
STEELCITY,2024-05-16 18:37:10
STEELCITY,2024-08-06 18:40:43
STEELCITY,2024-10-30 18:24:32
STEELCITY,2025-01-30 19:01:19
STEELXIND,2021-02-10 13:53:48
STEELXIND,2021-05-28 13:14:04
STEELXIND,2021-07-27 13:32:00
STEELXIND,2021-08-09 17:56:40
STEELXIND,2021-11-14 17:20:04
STEELXIND,2022-02-12 13:49:01
STEELXIND,2022-04-25 18:45:43
STEELXIND,2023-02-14 16:30:24
STEELXIND,2023-05-29 20:18:03
STEELXIND,2023-08-14 18:24:56
STEELXIND,2023-11-14 17:31:06
STEELXIND,2024-02-14 17:58:13
STEELXIND,2024-05-03 14:08:44
STEELXIND,2024-07-31 13:38:06
STEELXIND,2024-10-17 18:40:57
STEELXIND,2025-01-24 19:24:48
STEL,2021-02-08 17:15:27
STEL,2021-02-17 15:36:07
STEL,2021-06-24 17:50:08
STEL,2021-06-30 11:15:45
STEL,2021-08-13 12:47:52
STEL,2021-11-08 15:19:56
STEL,2022-02-09 12:51:36
STEL,2022-05-24 12:48:20
STEL,2023-02-07 14:37:07
STEL,2023-05-25 15:08:06
STEL,2023-08-04 15:08:40
STEL,2023-10-18 15:09:51
STEL,2024-01-31 15:10:25
STEL,2024-05-10 15:28:06
STEL,2024-07-30 14:16:32
STEL,2024-10-25 14:43:45
STEL,2025-01-22 15:11:25
STERTOOLS,2021-02-12 13:30:06
STERTOOLS,2021-06-12 14:21:28
STERTOOLS,2021-08-11 13:51:04
STERTOOLS,2021-11-01 14:06:24
STERTOOLS,2022-02-08 13:59:44
STERTOOLS,2022-05-18 16:07:38
STERTOOLS,2023-02-01 14:02:19
STERTOOLS,2023-05-08 16:19:32
STERTOOLS,2023-08-02 15:29:55
STERTOOLS,2023-10-30 16:27:49
STERTOOLS,2024-02-01 14:12:59
STERTOOLS,2024-05-10 17:04:55
STERTOOLS,2024-08-13 14:31:45
STERTOOLS,2024-11-14 14:10:40
STERTOOLS,2025-02-04 15:19:22
STLTECH,2021-01-20 13:32:43
STLTECH,2021-04-29 12:12:25
STLTECH,2021-07-22 11:28:07
STLTECH,2021-10-21 13:01:37
STLTECH,2022-01-19 13:38:50
STLTECH,2022-04-28 14:36:06
STLTECH,2023-01-27 13:08:03
STLTECH,2023-05-17 13:30:38
STLTECH,2023-07-27 14:02:31
STLTECH,2023-10-26 14:35:25
STLTECH,2024-01-25 12:37:38
STLTECH,2024-05-08 12:54:39
STLTECH,2024-07-30 13:42:08
STLTECH,2024-10-30 12:35:13
STLTECH,2025-01-17 18:10:05
STOVEKRAFT,2021-02-25 16:50:01
STOVEKRAFT,2021-05-25 19:59:21
STOVEKRAFT,2021-07-29 17:21:31
STOVEKRAFT,2021-11-02 17:11:39
STOVEKRAFT,2022-02-08 17:44:40
STOVEKRAFT,2022-05-30 18:29:25
STOVEKRAFT,2022-05-31 15:03:57
STOVEKRAFT,2023-02-02 15:59:40
STOVEKRAFT,2023-05-29 17:30:53
STOVEKRAFT,2023-07-29 17:19:45
STOVEKRAFT,2023-11-07 17:09:37
STOVEKRAFT,2024-02-09 16:49:15
STOVEKRAFT,2024-05-24 17:25:35
STOVEKRAFT,2024-08-10 16:11:00
STOVEKRAFT,2024-10-28 14:51:13
STOVEKRAFT,2025-02-03 14:43:23
STYLAMIND,2021-10-22 13:58:22
STYLAMIND,2021-10-23 12:25:47
STYLAMIND,2022-01-28 11:57:09
STYLAMIND,2022-05-10 12:56:55
STYLAMIND,2023-01-18 14:45:26
STYLAMIND,2023-05-05 12:18:02
STYLAMIND,2023-08-07 12:27:20
STYLAMIND,2023-11-06 12:00:36
STYLAMIND,2024-01-29 12:04:15
STYLAMIND,2024-05-27 12:18:03
STYLAMIND,2024-07-31 13:12:10
STYLAMIND,2024-10-15 13:39:34
STYLAMIND,2025-02-08 12:13:45
STYLEBAAZA,2024-09-25 13:40:43
STYLEBAAZA,2024-11-07 14:40:30
STYLEBAAZA,2025-01-28 18:56:02
STYRENIX,2021-02-10 14:46:44
STYRENIX,2021-05-19 15:50:38
STYRENIX,2021-08-12 13:58:23
STYRENIX,2021-08-12 14:02:04
STYRENIX,2021-11-12 14:06:21
STYRENIX,2022-02-09 14:09:27
STYRENIX,2022-05-26 17:19:36
STYRENIX,2023-02-13 14:33:53
STYRENIX,2023-05-26 15:20:07
STYRENIX,2023-08-10 13:23:38
STYRENIX,2023-10-20 13:58:45
STYRENIX,2024-02-03 14:34:04
STYRENIX,2024-05-06 14:06:31
STYRENIX,2024-07-15 16:44:48
STYRENIX,2024-10-28 18:36:46
STYRENIX,2025-01-30 14:35:20
SUBCAPCITY,2021-02-09 18:06:54
SUBCAPCITY,2021-06-29 17:40:32
SUBCAPCITY,2021-08-13 17:36:27
SUBCAPCITY,2021-11-11 16:42:48
SUBCAPCITY,2021-11-13 14:17:06
SUBCAPCITY,2022-02-10 16:55:09
SUBCAPCITY,2022-05-30 15:30:02
SUBEXLTD,2021-02-01 19:11:54
SUBEXLTD,2021-05-17 16:51:53
SUBEXLTD,2021-08-09 14:36:26
SUBEXLTD,2021-10-28 16:27:33
SUBEXLTD,2022-01-31 15:45:48
SUBEXLTD,2022-05-30 21:22:40
SUBEXLTD,2023-02-03 17:19:27
SUBEXLTD,2023-05-15 13:31:32
SUBEXLTD,2023-08-08 16:38:19
SUBEXLTD,2023-11-08 16:45:00
SUBEXLTD,2024-02-07 14:11:28
SUBEXLTD,2024-05-10 16:22:27
SUBEXLTD,2024-08-05 17:17:22
SUBEXLTD,2024-11-08 14:04:59
SUBEXLTD,2025-02-12 13:47:37
SUBROS,2021-01-29 13:47:32
SUBROS,2021-06-29 14:19:16
SUBROS,2021-08-04 13:46:53
SUBROS,2021-10-22 14:06:41
SUBROS,2022-01-27 13:55:14
SUBROS,2022-05-24 14:52:12
SUBROS,2023-01-25 13:27:20
SUBROS,2023-05-25 18:38:23
SUBROS,2023-08-08 13:21:22
SUBROS,2023-11-09 16:19:53
SUBROS,2024-01-30 14:01:37
SUBROS,2024-05-23 14:30:32
SUBROS,2024-08-12 14:22:50
SUBROS,2024-11-07 13:43:10
SUBROS,2025-01-30 14:19:35
SUDARCOLOR,2021-02-12 17:46:10
SUDARCOLOR,2021-05-19 17:40:21
SUDARCOLOR,2021-08-12 15:24:02
SUDARCOLOR,2021-11-11 17:01:08
SUDARCOLOR,2022-02-10 17:15:37
SUDARCOLOR,2022-05-25 15:29:31
SUDARCOLOR,2023-02-03 19:11:06
SUDARCOLOR,2023-05-16 16:11:48
SUDARCOLOR,2023-07-25 14:44:52
SUDARCOLOR,2023-10-27 14:32:25
SUDARCOLOR,2024-01-24 14:17:02
SUDARCOLOR,2024-05-29 21:26:35
SUDARCOLOR,2024-05-29 21:33:51
SUDARCOLOR,2024-07-24 16:33:57
SUDARCOLOR,2024-11-14 18:34:50
SUDARCOLOR,2025-01-29 14:40:21
SUDARSCHEM,2021-01-28 19:41:40
SUDARSCHEM,2021-05-28 20:28:00
SUDARSCHEM,2021-08-06 15:16:50
SUDARSCHEM,2021-08-09 20:54:40
SUDARSCHEM,2021-10-28 19:03:18
SUDARSCHEM,2022-01-24 20:00:12
SUDARSCHEM,2022-05-26 20:58:11
SUDARSCHEM,2023-02-09 19:16:15
SUDARSCHEM,2023-05-23 20:28:00
SUDARSCHEM,2023-08-08 19:32:28
SUDARSCHEM,2023-11-03 17:37:46
SUDARSCHEM,2024-02-02 19:02:25
SUDARSCHEM,2024-05-17 20:32:48
SUDARSCHEM,2024-08-02 15:29:15
SUDARSCHEM,2024-10-28 15:05:56
SUDARSCHEM,2025-02-14 16:37:00
SUJANAUNI,2021-02-13 16:15:53
SUJANAUNI,2021-06-30 15:56:58
SUJANAUNI,2021-07-01 14:31:32
SUKHJITS,2023-02-10 13:10:34
SUKHJITS,2023-03-10 17:12:09
SUKHJITS,2023-05-27 14:25:15
SUKHJITS,2023-08-11 17:39:44
SUKHJITS,2023-11-01 12:57:01
SUKHJITS,2024-01-30 13:46:30
SUKHJITS,2024-05-29 14:30:18
SUKHJITS,2024-08-07 13:56:31
SUKHJITS,2024-11-06 13:20:30
SUKHJITS,2025-02-10 13:17:59
SULA,2023-02-09 15:49:08
SULA,2023-05-03 15:57:43
SULA,2023-08-09 17:44:01
SULA,2023-11-09 17:58:26
SULA,2024-02-13 17:24:00
SULA,2024-05-08 17:34:09
SULA,2024-08-07 17:06:50
SULA,2024-11-12 17:52:04
SULA,2025-02-05 18:27:09
SUMEETINDS,2021-01-29 18:18:36
SUMEETINDS,2021-06-29 18:19:52
SUMEETINDS,2021-08-04 16:17:35
SUMEETINDS,2021-10-29 15:56:48
SUMEETINDS,2022-01-27 16:11:13
SUMEETINDS,2022-05-30 17:59:35
SUMEETINDS,2023-02-14 14:47:11
SUMEETINDS,2023-05-30 18:16:08
SUMEETINDS,2023-08-10 18:23:27
SUMEETINDS,2023-11-07 14:28:55
SUMEETINDS,2024-02-01 18:11:25
SUMEETINDS,2024-05-28 18:10:38
SUMEETINDS,2024-05-29 12:36:22
SUMEETINDS,2024-08-09 19:00:23
SUMEETINDS,2024-11-13 17:06:24
SUMEETINDS,2025-02-13 17:20:36
SUMICHEM,2021-02-05 14:56:21
SUMICHEM,2021-05-28 16:58:06
SUMICHEM,2021-08-04 15:34:42
SUMICHEM,2021-10-29 13:11:26
SUMICHEM,2022-02-03 16:40:35
SUMICHEM,2022-05-27 15:48:47
SUMICHEM,2023-02-03 17:06:35
SUMICHEM,2023-05-18 16:36:19
SUMICHEM,2023-07-31 15:31:04
SUMICHEM,2023-10-27 15:04:43
SUMICHEM,2024-02-01 14:07:56
SUMICHEM,2024-05-27 17:45:58
SUMICHEM,2024-07-27 13:46:06
SUMICHEM,2024-10-28 14:27:21
SUMICHEM,2025-01-27 14:06:53
SUMIT,2021-02-12 18:13:50
SUMIT,2021-06-29 18:40:00
SUMIT,2021-08-12 19:06:53
SUMIT,2021-11-11 17:03:35
SUMIT,2022-02-10 16:32:32
SUMIT,2022-05-27 19:09:23
SUMIT,2023-01-25 15:38:40
SUMIT,2023-04-29 18:02:55
SUMIT,2023-08-11 17:36:15
SUMIT,2023-11-08 17:09:31
SUMIT,2024-02-12 12:22:15
SUMIT,2024-05-29 16:18:35
SUMIT,2024-08-12 17:02:35
SUMIT,2024-11-13 15:13:06
SUMIT,2025-02-10 17:32:03
SUMMITSEC,2021-02-09 13:19:20
SUMMITSEC,2021-05-24 15:03:25
SUMMITSEC,2021-08-13 17:08:18
SUMMITSEC,2021-11-10 14:06:48
SUMMITSEC,2022-02-10 13:59:43
SUMMITSEC,2022-05-25 14:43:19
SUMMITSEC,2023-02-01 17:28:07
SUMMITSEC,2023-05-23 14:42:59
SUMMITSEC,2023-08-02 15:44:43
SUMMITSEC,2023-11-02 13:53:33
SUMMITSEC,2024-02-06 14:32:29
SUMMITSEC,2024-05-16 14:53:04
SUMMITSEC,2024-07-19 14:17:17
SUMMITSEC,2024-10-23 14:45:52
SUMMITSEC,2025-01-31 14:33:08
SUNCLAY,2024-02-09 16:21:48
SUNCLAY,2024-05-10 14:48:15
SUNCLAY,2024-08-09 13:00:00
SUNCLAY,2024-11-12 15:54:37
SUNCLAY,2025-01-31 13:27:46
SUNDARAM,2021-02-12 13:45:50
SUNDARAM,2021-06-24 17:43:59
SUNDARAM,2021-08-12 16:12:08
SUNDARAM,2021-11-02 16:34:25
SUNDARAM,2022-01-25 16:23:03
SUNDARAM,2022-05-31 09:26:57
SUNDARAM,2023-02-13 16:30:12
SUNDARAM,2023-05-29 17:17:22
SUNDARAM,2023-08-11 16:43:10
SUNDARAM,2023-11-06 16:46:39
SUNDARAM,2024-02-13 17:10:21
SUNDARAM,2024-05-28 18:04:45
SUNDARAM,2024-08-12 17:36:18
SUNDARAM,2024-11-14 16:59:16
SUNDARAM,2025-02-14 17:32:29
SUNDARMFIN,2021-02-05 14:03:21
SUNDARMFIN,2021-05-28 18:26:17
SUNDARMFIN,2021-08-09 17:13:15
SUNDARMFIN,2021-11-08 14:52:03
SUNDARMFIN,2022-02-07 14:25:02
SUNDARMFIN,2022-05-25 17:51:11
SUNDARMFIN,2023-02-06 17:26:43
SUNDARMFIN,2023-05-26 14:34:10
SUNDARMFIN,2023-08-11 17:13:54
SUNDARMFIN,2023-11-06 14:04:07
SUNDARMFIN,2024-02-05 14:02:56
SUNDARMFIN,2024-05-24 14:21:08
SUNDARMFIN,2024-08-05 14:06:36
SUNDARMFIN,2024-11-04 15:35:57
SUNDARMFIN,2025-02-03 14:24:22
SUNDRMBRAK,2021-02-08 13:13:45
SUNDRMBRAK,2021-05-22 13:47:52
SUNDRMBRAK,2021-08-12 13:14:32
SUNDRMBRAK,2021-11-13 13:59:01
SUNDRMBRAK,2022-02-05 13:24:45
SUNDRMBRAK,2022-05-27 13:28:18
SUNDRMBRAK,2023-02-13 12:36:01
SUNDRMBRAK,2023-05-26 12:14:17
SUNDRMBRAK,2023-08-11 12:12:48
SUNDRMBRAK,2023-11-10 19:45:36
SUNDRMBRAK,2024-02-09 12:13:14
SUNDRMBRAK,2024-05-28 12:11:44
SUNDRMBRAK,2024-08-09 12:27:06
SUNDRMBRAK,2024-11-11 11:33:17
SUNDRMBRAK,2025-02-11 13:15:15
SUNDRMFAST,2021-02-04 12:58:56
SUNDRMFAST,2021-05-06 13:16:18
SUNDRMFAST,2021-08-12 12:38:01
SUNDRMFAST,2021-11-11 12:09:21
SUNDRMFAST,2022-02-10 12:54:22
SUNDRMFAST,2022-02-10 12:57:59
SUNDRMFAST,2022-04-22 19:58:38
SUNDRMFAST,2023-02-01 20:02:57
SUNDRMFAST,2023-05-04 21:05:30
SUNDRMFAST,2023-07-27 19:26:17
SUNDRMFAST,2023-11-03 21:09:08
SUNDRMFAST,2024-02-02 13:47:55
SUNDRMFAST,2024-05-22 20:17:43
SUNDRMFAST,2024-07-31 17:38:08
SUNDRMFAST,2024-11-05 19:14:47
SUNDRMFAST,2025-01-27 13:52:11
SUNDROP,2021-01-20 20:30:19
SUNDROP,2021-04-29 22:01:11
SUNDROP,2021-07-22 19:09:46
SUNDROP,2021-10-21 19:55:52
SUNDROP,2022-01-20 19:28:47
SUNDROP,2022-04-28 19:32:42
SUNDROP,2023-01-24 17:57:07
SUNDROP,2023-04-27 20:20:26
SUNDROP,2023-07-26 18:07:52
SUNDROP,2023-10-19 20:36:03
SUNDROP,2024-01-23 17:35:29
SUNDROP,2024-04-24 19:59:50
SUNDROP,2024-07-16 17:54:05
SUNDROP,2024-10-24 16:43:59
SUNDROP,2025-02-06 19:18:01
SUNFLAG,2021-02-12 14:48:33
SUNFLAG,2021-05-30 11:55:39
SUNFLAG,2021-07-30 17:29:15
SUNFLAG,2021-11-12 16:57:26
SUNFLAG,2022-02-10 16:31:00
SUNFLAG,2022-05-27 16:35:27
SUNFLAG,2023-02-07 16:01:46
SUNFLAG,2023-05-29 16:49:29
SUNFLAG,2023-08-11 17:12:23
SUNFLAG,2023-11-09 16:22:26
SUNFLAG,2024-02-09 18:18:58
SUNFLAG,2024-05-24 17:05:52
SUNFLAG,2024-08-12 16:04:34
SUNFLAG,2024-11-12 16:03:22
SUNFLAG,2025-02-13 15:46:15
SUNLITE,2024-10-26 16:50:24
SUNPHARMA,2021-01-29 14:06:41
SUNPHARMA,2021-05-27 15:53:24
SUNPHARMA,2021-07-30 13:55:15
SUNPHARMA,2021-11-02 13:17:26
SUNPHARMA,2021-11-02 13:29:13
SUNPHARMA,2022-01-31 13:41:21
SUNPHARMA,2022-05-31 12:24:20
SUNPHARMA,2023-01-31 13:28:17
SUNPHARMA,2023-05-26 14:47:35
SUNPHARMA,2023-08-03 14:05:07
SUNPHARMA,2023-11-01 13:22:45
SUNPHARMA,2024-01-31 14:13:24
SUNPHARMA,2024-05-22 15:05:11
SUNPHARMA,2024-08-01 14:12:02
SUNPHARMA,2024-10-28 14:37:52
SUNPHARMA,2025-01-31 15:11:53
SUNREST,2024-01-23 17:51:15
SUNREST,2024-05-27 21:48:45
SUNREST,2024-11-14 15:10:26
SUNTECK,2021-02-13 17:47:31
SUNTECK,2021-06-30 13:17:37
SUNTECK,2021-07-30 21:54:26
SUNTECK,2021-11-11 22:05:09
SUNTECK,2022-02-10 19:08:01
SUNTECK,2022-06-02 11:40:20
SUNTECK,2023-01-31 17:38:04
SUNTECK,2023-05-26 19:52:02
SUNTECK,2023-08-09 19:08:42
SUNTECK,2023-10-20 18:53:00
SUNTECK,2024-01-19 18:07:28
SUNTECK,2024-05-30 19:23:37
SUNTECK,2024-08-14 19:28:47
SUNTECK,2024-11-12 17:59:06
SUNTECK,2025-01-20 16:12:55
SUNTV,2021-02-08 16:29:27
SUNTV,2021-06-11 16:43:41
SUNTV,2021-08-13 16:46:00
SUNTV,2021-11-05 17:01:38
SUNTV,2022-02-10 16:41:47
SUNTV,2022-05-27 17:08:43
SUNTV,2023-02-03 16:54:41
SUNTV,2023-05-19 17:07:59
SUNTV,2023-08-11 16:03:12
SUNTV,2023-11-10 16:48:04
SUNTV,2024-02-14 16:55:56
SUNTV,2024-05-24 16:38:34
SUNTV,2024-08-09 16:22:18
SUNTV,2024-11-13 16:24:52
SUNTV,2025-02-07 17:07:41
SUPERHOUSE,2021-02-13 15:54:38
SUPERHOUSE,2021-06-25 15:40:24
SUPERHOUSE,2021-08-14 15:48:47
SUPERHOUSE,2021-11-13 15:07:51
SUPERHOUSE,2022-02-14 15:03:15
SUPERHOUSE,2022-05-30 16:11:30
SUPERHOUSE,2023-02-11 15:05:20
SUPERHOUSE,2023-05-30 13:06:02
SUPERHOUSE,2023-08-14 15:24:25
SUPERHOUSE,2023-11-11 15:54:53
SUPERHOUSE,2024-02-14 15:11:12
SUPERHOUSE,2024-05-30 16:49:24
SUPERHOUSE,2024-08-14 15:45:56
SUPERHOUSE,2024-11-14 15:48:09
SUPERHOUSE,2025-02-14 15:05:34
SUPERSPIN,2021-01-29 15:22:48
SUPERSPIN,2021-02-06 15:55:07
SUPERSPIN,2021-06-10 15:58:29
SUPERSPIN,2021-06-24 14:42:52
SUPERSPIN,2021-08-01 12:58:07
SUPERSPIN,2021-08-09 12:57:30
SUPERSPIN,2021-11-09 13:09:16
SUPERSPIN,2022-02-05 12:54:31
SUPERSPIN,2022-05-18 13:09:43
SUPERSPIN,2023-02-13 18:36:42
SUPERSPIN,2023-05-27 14:00:00
SUPERSPIN,2023-08-11 17:22:27
SUPERSPIN,2023-11-09 18:35:44
SUPERSPIN,2024-02-13 18:00:42
SUPERSPIN,2024-05-25 14:24:35
SUPERSPIN,2024-08-14 12:18:04
SUPERSPIN,2024-11-07 12:24:25
SUPERSPIN,2025-01-28 13:58:23
SUPPETRO,2021-01-21 18:42:24
SUPPETRO,2021-04-30 19:09:02
SUPPETRO,2021-05-01 12:47:19
SUPPETRO,2021-07-19 17:26:23
SUPPETRO,2021-10-20 17:35:47
SUPPETRO,2022-01-21 17:24:44
SUPPETRO,2022-04-27 18:56:48
SUPRAJIT,2021-02-10 18:10:18
SUPRAJIT,2021-05-29 20:17:14
SUPRAJIT,2021-08-11 17:53:10
SUPRAJIT,2021-11-10 17:32:24
SUPRAJIT,2022-02-11 18:11:25
SUPRAJIT,2022-05-25 18:22:02
SUPRAJIT,2023-02-13 14:10:04
SUPRAJIT,2023-05-29 14:40:43
SUPRAJIT,2023-08-12 14:23:52
SUPRAJIT,2023-11-09 14:29:45
SUPRAJIT,2024-02-14 14:57:37
SUPRAJIT,2024-05-29 15:51:30
SUPRAJIT,2024-08-14 15:27:47
SUPRAJIT,2024-11-11 19:51:45
SUPRAJIT,2025-02-12 14:18:33
SUPREME,2025-02-10 16:21:20
SUPREMEENG,2021-03-09 22:09:13
SUPREMEENG,2021-07-01 00:19:19
SUPREMEENG,2021-07-05 11:54:06
SUPREMEENG,2021-08-16 21:50:55
SUPREMEENG,2021-11-25 23:03:20
SUPREMEENG,2022-02-23 22:10:51
SUPREMEENG,2022-06-09 14:28:45
SUPREMEENG,2023-02-15 12:56:02
SUPREMEENG,2023-06-01 18:34:33
SUPREMEENG,2023-08-14 19:11:19
SUPREMEENG,2023-11-11 11:33:43
SUPREMEENG,2024-02-13 17:36:27
SUPREMEENG,2024-08-28 20:27:18
SUPREMEENG,2024-09-10 17:23:57
SUPREMEENG,2025-01-15 13:09:14
SUPREMEENG,2025-02-14 18:05:57
SUPREMEIND,2021-01-23 13:26:08
SUPREMEIND,2021-05-03 13:35:30
SUPREMEIND,2021-07-21 12:43:42
SUPREMEIND,2021-10-22 13:22:03
SUPREMEIND,2022-01-24 13:09:41
SUPREMEIND,2022-04-29 14:29:35
SUPREMEIND,2023-01-24 13:02:24
SUPREMEIND,2023-04-28 13:29:21
SUPREMEIND,2023-07-28 13:12:12
SUPREMEIND,2023-10-30 12:58:54
SUPREMEIND,2024-01-19 13:01:02
SUPREMEIND,2024-04-26 13:52:50
SUPREMEIND,2024-07-22 12:57:59
SUPREMEIND,2024-10-22 13:26:17
SUPREMEIND,2025-01-20 13:13:44
SUPREMEINF,2021-01-07 00:44:42
SUPREMEINF,2021-01-28 22:18:46
SUPREMEINF,2021-01-28 22:20:14
SUPREMEINF,2021-01-28 22:21:28
SUPREMEINF,2021-09-18 23:19:30
SUPREMEINF,2021-09-18 23:20:35
SUPREMEINF,2021-11-14 19:53:46
SUPREMEINF,2022-02-14 20:04:32
SUPREMEINF,2022-06-18 11:54:40
SUPREMEINF,2023-01-05 17:40:55
SUPREMEINF,2023-04-03 18:59:44
SUPREMEINF,2023-11-10 21:20:56
SUPREMEINF,2023-11-11 21:20:12
SUPREMEINF,2024-01-20 16:43:15
SUPREMEINF,2024-02-13 15:04:58
SUPREMEINF,2024-03-22 18:08:13
SUPREMEINF,2024-10-25 19:26:23
SUPREMEINF,2024-10-25 21:16:50
SUPREMEPWR,2024-01-18 19:14:45
SUPREMEPWR,2024-02-12 14:11:57
SUPREMEPWR,2024-05-20 18:06:16
SUPREMEPWR,2024-08-13 17:47:36
SUPREMEPWR,2024-10-25 18:24:53
SUPREMEPWR,2025-01-23 16:53:30
SUPRIYA,2022-01-21 12:52:19
SUPRIYA,2022-01-21 16:11:05
SUPRIYA,2022-05-20 17:01:06
SUPRIYA,2023-02-14 17:35:09
SUPRIYA,2023-05-26 14:52:29
SUPRIYA,2023-08-03 17:32:23
SUPRIYA,2023-11-07 16:56:43
SUPRIYA,2024-02-07 17:40:19
SUPRIYA,2024-05-28 18:23:26
SUPRIYA,2024-08-10 14:14:47
SUPRIYA,2024-10-28 13:45:49
SUPRIYA,2025-01-24 16:17:36
SURAJEST,2024-01-15 19:25:07
SURAJEST,2024-02-12 18:15:50
SURAJEST,2024-05-07 19:59:38
SURAJEST,2024-08-01 13:03:22
SURAJEST,2024-11-14 17:38:14
SURAJEST,2025-02-10 20:41:24
SURAJLTD,2024-10-21 11:39:17
SURAJLTD,2025-02-03 17:22:15
SURAKSHA,2024-12-20 18:39:02
SURAKSHA,2025-02-08 18:48:21
SURANASOL,2021-01-23 11:45:22
SURANASOL,2021-05-05 12:44:56
SURANASOL,2021-07-17 11:56:07
SURANASOL,2021-10-19 12:46:31
SURANASOL,2022-01-13 12:46:04
SURANASOL,2022-05-02 13:41:36
SURANASOL,2023-02-01 12:05:20
SURANASOL,2023-05-27 14:51:55
SURANASOL,2023-08-03 12:03:42
SURANASOL,2023-11-08 16:55:26
SURANASOL,2024-01-18 11:42:17
SURANASOL,2024-04-18 11:39:21
SURANASOL,2024-07-17 13:21:53
SURANASOL,2024-10-21 12:03:11
SURANASOL,2025-01-24 13:10:56
SURANAT&P,2021-02-13 13:30:42
SURANAT&P,2021-06-08 12:03:18
SURANAT&P,2021-08-07 13:48:17
SURANAT&P,2021-11-13 12:44:17
SURANAT&P,2022-01-24 14:13:27
SURANAT&P,2022-05-21 12:24:45
SURANAT&P,2023-02-14 13:27:20
SURANAT&P,2023-05-30 13:03:06
SURANAT&P,2023-08-10 12:47:57
SURANAT&P,2023-11-07 11:54:09
SURANAT&P,2024-01-25 15:50:31
SURANAT&P,2024-05-20 12:23:46
SURANAT&P,2024-07-23 11:35:23
SURANAT&P,2024-11-13 13:00:17
SURANAT&P,2025-02-03 15:39:59
SURANI,2021-06-28 15:48:12
SURANI,2021-06-28 15:53:11
SURANI,2021-11-13 15:27:20
SURANI,2021-11-13 15:29:23
SURANI,2022-05-31 10:49:12
SURANI,2023-05-26 18:33:50
SURANI,2023-11-14 17:23:11
SURANI,2024-05-28 17:07:06
SURANI,2024-11-12 16:24:10
SURYALAXMI,2021-02-01 13:10:06
SURYALAXMI,2021-02-12 13:47:26
SURYALAXMI,2021-05-10 15:21:54
SURYALAXMI,2021-08-02 14:29:15
SURYALAXMI,2021-10-20 14:45:18
SURYALAXMI,2022-02-02 14:09:44
SURYALAXMI,2022-05-10 17:57:52
SURYALAXMI,2023-02-14 14:52:47
SURYALAXMI,2023-05-29 16:04:26
SURYALAXMI,2023-08-10 15:24:45
SURYALAXMI,2023-11-14 15:48:43
SURYALAXMI,2024-02-13 15:15:24
SURYALAXMI,2024-05-24 16:13:38
SURYALAXMI,2024-08-13 15:33:35
SURYALAXMI,2024-11-13 16:27:07
SURYALAXMI,2025-02-14 14:29:50
SURYAROSNI,2021-01-27 16:35:47
SURYAROSNI,2021-05-25 17:37:18
SURYAROSNI,2021-07-31 15:40:57
SURYAROSNI,2021-10-26 16:40:57
SURYAROSNI,2022-02-14 15:46:43
SURYAROSNI,2022-02-14 21:30:37
SURYAROSNI,2022-05-19 16:28:58
SURYAROSNI,2023-01-18 15:00:31
SURYAROSNI,2023-04-27 15:18:45
SURYAROSNI,2023-08-11 15:12:49
SURYAROSNI,2023-11-02 15:11:29
SURYAROSNI,2024-02-08 15:10:15
SURYAROSNI,2024-05-14 15:09:21
SURYAROSNI,2024-08-09 14:37:24
SURYAROSNI,2024-11-14 15:01:54
SURYAROSNI,2025-02-06 15:13:29
SURYODAY,2021-05-27 16:31:13
SURYODAY,2021-05-27 20:45:38
SURYODAY,2021-08-12 16:59:21
SURYODAY,2021-11-11 15:23:30
SURYODAY,2022-02-03 19:38:01
SURYODAY,2022-05-19 18:25:44
SURYODAY,2023-02-09 19:13:53
SURYODAY,2023-05-15 19:41:34
SURYODAY,2023-08-10 18:57:41
SURYODAY,2023-11-09 17:54:44
SURYODAY,2024-02-08 17:32:31
SURYODAY,2024-05-09 18:26:49
SURYODAY,2024-08-01 19:42:33
SURYODAY,2024-10-24 18:44:51
SURYODAY,2025-01-23 19:15:27
SUTLEJTEX,2021-02-03 19:01:45
SUTLEJTEX,2021-05-07 18:37:28
SUTLEJTEX,2021-07-30 13:13:13
SUTLEJTEX,2021-11-09 13:05:15
SUTLEJTEX,2022-02-01 16:39:11
SUTLEJTEX,2022-05-09 13:28:47
SUTLEJTEX,2023-02-03 13:37:50
SUTLEJTEX,2023-05-05 13:57:19
SUTLEJTEX,2023-08-10 14:14:07
SUTLEJTEX,2023-11-06 13:08:09
SUTLEJTEX,2024-02-08 13:16:44
SUTLEJTEX,2024-05-09 14:08:20
SUTLEJTEX,2024-08-08 13:05:09
SUTLEJTEX,2024-11-08 12:43:14
SUTLEJTEX,2025-02-07 12:36:34
SUULD,2021-02-13 12:09:08
SUULD,2021-06-30 14:46:03
SUULD,2021-08-13 10:27:32
SUULD,2021-11-12 18:34:27
SUULD,2022-02-14 15:48:13
SUULD,2022-05-30 20:11:08
SUULD,2023-02-04 23:33:54
SUULD,2023-05-15 20:46:00
SUULD,2023-08-11 23:19:20
SUULD,2023-11-09 19:52:33
SUULD,2024-02-10 19:19:44
SUULD,2024-05-30 21:29:10
SUULD,2024-08-14 23:37:46
SUVEN,2021-01-28 13:13:47
SUVEN,2021-05-04 13:15:59
SUVEN,2021-08-09 12:57:17
SUVEN,2021-10-25 13:08:08
SUVEN,2022-01-31 12:40:42
SUVEN,2022-05-07 13:25:03
SUVEN,2023-02-02 13:47:10
SUVEN,2023-05-09 13:15:23
SUVEN,2023-08-08 13:03:22
SUVEN,2023-11-04 12:41:33
SUVEN,2024-01-30 12:58:03
SUVEN,2024-05-06 18:45:30
SUVEN,2024-08-05 13:13:04
SUVEN,2024-10-29 12:52:04
SUVEN,2025-01-24 16:18:40
SUVIDHAA,2021-04-01 14:53:30
SUVIDHAA,2021-04-04 20:26:25
SUVIDHAA,2021-06-29 19:14:58
SUVIDHAA,2021-08-13 17:59:10
SUVIDHAA,2021-11-13 19:52:58
SUVIDHAA,2021-11-15 18:37:27
SUVIDHAA,2022-02-14 17:58:29
SUVIDHAA,2022-05-29 19:19:34
SUVIDHAA,2023-02-13 19:14:03
SUVIDHAA,2023-05-29 21:13:45
SUVIDHAA,2023-08-12 20:47:11
SUVIDHAA,2023-11-11 18:48:01
SUVIDHAA,2024-02-12 18:14:59
SUVIDHAA,2024-05-30 22:06:42
SUVIDHAA,2024-08-14 17:27:28
SUVIDHAA,2024-11-14 18:50:41
SUVIDHAA,2025-02-14 19:43:09
SUYOG,2024-11-14 19:10:42
SUYOG,2025-02-11 14:06:30
SUZLON,2021-02-04 23:26:57
SUZLON,2021-06-29 22:12:35
SUZLON,2021-08-13 20:40:48
SUZLON,2021-11-12 21:24:18
SUZLON,2022-01-28 21:18:08
SUZLON,2022-05-25 16:05:08
SUZLON,2023-02-09 14:44:25
SUZLON,2023-05-30 17:40:08
SUZLON,2023-07-25 14:20:47
SUZLON,2023-11-02 17:09:18
SUZLON,2024-01-31 14:08:09
SUZLON,2024-05-24 14:58:20
SUZLON,2024-07-22 20:58:41
SUZLON,2024-10-28 16:39:39
SUZLON,2025-01-28 15:44:43
SVLL,2021-06-30 17:45:34
SVLL,2021-11-11 16:49:29
SVLL,2022-05-30 15:41:01
SVLL,2023-05-30 14:28:33
SVLL,2023-08-14 19:15:23
SVLL,2023-11-08 20:29:05
SVLL,2024-02-19 10:55:47
SVLL,2024-05-13 20:07:11
SVLL,2024-08-05 17:42:49
SVLL,2024-11-09 20:16:29
SVLL,2025-02-07 18:10:56
SVPGLOB,2021-07-14 15:26:53
SVPGLOB,2021-07-20 09:09:05
SVPGLOB,2021-10-18 11:47:47
SVPGLOB,2022-02-14 12:43:14
SVPGLOB,2022-05-30 22:50:23
SVPGLOB,2023-01-16 20:55:19
SVPGLOB,2023-05-30 20:12:41
SVPGLOB,2023-08-14 21:30:11
SVPGLOB,2023-11-14 22:19:42
SVPGLOB,2024-02-14 21:33:33
SVPGLOB,2024-05-31 18:27:30
SVPGLOB,2024-08-13 18:25:03
SVPGLOB,2024-11-14 21:02:57
SVPGLOB,2025-02-14 18:19:14
SWANCORP,2021-02-12 20:50:32
SWANCORP,2021-02-18 17:45:07
SWANCORP,2021-06-30 19:08:20
SWANCORP,2021-08-13 19:49:26
SWANCORP,2021-08-27 19:02:45
SWANCORP,2021-11-13 20:00:27
SWANCORP,2022-02-15 18:08:43
SWANCORP,2022-05-30 20:04:13
SWANCORP,2023-02-14 19:13:12
SWANCORP,2023-05-20 21:21:33
SWANCORP,2023-08-14 20:45:33
SWANCORP,2023-11-10 11:51:48
SWANCORP,2024-01-31 17:54:41
SWANCORP,2024-05-30 18:19:51
SWANCORP,2024-08-14 13:48:16
SWANCORP,2024-11-14 17:07:12
SWANCORP,2025-02-14 17:08:50
SWANDEF,2025-02-07 19:45:59
SWARAJ,2022-05-31 10:48:56
SWARAJ,2023-05-30 18:02:33
SWARAJ,2023-11-14 17:43:12
SWARAJ,2024-06-01 14:50:45
SWARAJ,2024-11-14 14:48:48
SWARAJENG,2021-01-22 16:58:57
SWARAJENG,2021-04-20 17:15:20
SWARAJENG,2021-04-21 13:03:10
SWARAJENG,2021-07-19 13:14:13
SWARAJENG,2021-10-25 12:38:40
SWARAJENG,2022-01-05 14:36:55
SWARAJENG,2022-01-05 14:57:36
SWARAJENG,2022-01-25 17:11:12
SWARAJENG,2022-04-27 19:29:44
SWARAJENG,2023-01-25 12:20:32
SWARAJENG,2023-04-27 12:43:22
SWARAJENG,2023-07-28 13:29:09
SWARAJENG,2023-10-25 12:33:14
SWARAJENG,2024-01-25 12:09:56
SWARAJENG,2024-04-18 13:07:31
SWARAJENG,2024-07-18 13:28:04
SWARAJENG,2024-10-21 13:05:44
SWARAJENG,2025-01-17 12:51:13
SWASTIK,2023-05-26 20:16:59
SWASTIK,2023-11-14 13:06:43
SWASTIK,2024-05-29 17:18:43
SWASTIK,2024-11-14 14:50:42
SWELECTES,2021-02-12 16:34:15
SWELECTES,2021-06-14 18:53:27
SWELECTES,2021-08-13 17:52:16
SWELECTES,2021-11-02 17:16:53
SWELECTES,2022-02-09 18:01:20
SWELECTES,2022-05-26 18:16:38
SWELECTES,2023-02-11 17:50:06
SWELECTES,2023-05-29 19:01:26
SWELECTES,2023-08-12 17:05:01
SWELECTES,2023-11-08 17:15:08
SWELECTES,2024-02-09 15:02:01
SWELECTES,2024-05-24 20:00:26
SWELECTES,2024-08-12 17:13:17
SWELECTES,2024-11-11 20:31:02
SWELECTES,2025-02-12 19:55:35
SWIGGY,2024-12-03 15:21:25
SWIGGY,2025-02-05 15:53:50
SWSOLAR,2021-02-12 20:23:24
SWSOLAR,2021-06-29 18:35:49
SWSOLAR,2021-08-14 17:56:51
SWSOLAR,2021-11-13 11:52:35
SWSOLAR,2022-02-14 20:14:56
SWSOLAR,2022-04-07 17:56:11
SWSOLAR,2023-01-19 16:50:28
SWSOLAR,2023-04-20 16:53:39
SWSOLAR,2023-07-13 13:39:39
SWSOLAR,2023-10-21 12:49:43
SWSOLAR,2024-01-18 13:05:26
SWSOLAR,2024-04-20 17:12:22
SWSOLAR,2024-07-18 13:19:49
SWSOLAR,2024-10-14 14:12:13
SWSOLAR,2025-01-16 13:35:01
SYLVANPLY,2024-07-19 18:11:33
SYLVANPLY,2024-11-13 14:37:51
SYMPHONY,2021-01-22 14:06:36
SYMPHONY,2021-04-27 14:57:41
SYMPHONY,2021-07-23 19:38:04
SYMPHONY,2021-10-26 13:06:44
SYMPHONY,2022-01-25 12:17:55
SYMPHONY,2022-05-03 13:50:02
SYMPHONY,2023-02-08 13:57:21
SYMPHONY,2023-05-05 13:31:10
SYMPHONY,2023-07-27 13:03:29
SYMPHONY,2023-10-26 15:32:16
SYMPHONY,2024-01-30 12:57:16
SYMPHONY,2024-04-30 13:56:20
SYMPHONY,2024-08-06 13:01:47
SYMPHONY,2024-10-29 12:20:19
SYMPHONY,2025-02-05 12:47:19
SYNCOM,2021-02-14 16:06:39
SYNCOM,2021-06-30 22:23:17
SYNCOM,2021-06-30 22:25:28
SYNCOM,2021-08-14 14:32:13
SYNCOM,2021-08-14 14:34:56
SYNCOMF,2023-02-13 20:24:03
SYNCOMF,2023-05-29 20:31:52
SYNCOMF,2023-08-14 14:54:55
SYNCOMF,2023-11-08 15:18:19
SYNCOMF,2024-02-14 17:32:14
SYNCOMF,2024-05-17 18:44:32
SYNCOMF,2024-08-12 16:49:39
SYNCOMF,2024-11-11 17:23:24
SYNCOMF,2025-02-10 16:33:31
SYNGENE,2021-01-20 23:04:20
SYNGENE,2021-04-27 21:13:54
SYNGENE,2021-07-20 21:47:04
SYNGENE,2021-10-20 21:19:53
SYNGENE,2022-01-19 20:53:44
SYNGENE,2022-04-27 14:41:36
SYNGENE,2023-01-23 20:33:05
SYNGENE,2023-04-26 18:57:07
SYNGENE,2023-07-26 15:26:08
SYNGENE,2023-10-17 18:41:47
SYNGENE,2024-01-25 14:32:44
SYNGENE,2024-04-24 19:52:07
SYNGENE,2024-07-24 15:06:45
SYNGENE,2024-10-23 15:22:13
SYNGENE,2025-01-23 15:01:45
SYNOPTICS,2023-09-05 17:59:43
SYNOPTICS,2023-11-10 18:09:00
SYNOPTICS,2024-05-29 17:18:44
SYNOPTICS,2024-11-14 13:18:53
SYRMA,2023-02-08 21:01:40
SYRMA,2023-05-18 19:58:39
SYRMA,2023-08-01 18:48:46
SYRMA,2023-11-01 17:49:09
SYRMA,2024-02-06 17:20:42
SYRMA,2024-05-10 18:57:18
SYRMA,2024-08-05 17:16:21
SYRMA,2024-10-25 17:33:41
SYRMA,2025-01-28 16:53:33
SYSTANGO,2023-05-26 12:20:35
SYSTANGO,2023-11-07 16:23:19
SYSTANGO,2024-05-28 18:07:20
SYSTANGO,2024-11-14 18:04:50
TAC,2024-05-24 18:28:59
TAC,2024-11-06 15:14:42
TAINWALCHM,2021-01-28 17:28:53
TAINWALCHM,2021-05-11 18:35:32
TAINWALCHM,2021-08-07 17:43:24
TAINWALCHM,2021-11-12 18:06:44
TAINWALCHM,2022-02-08 18:38:07
TAINWALCHM,2022-05-23 20:41:16
TAINWALCHM,2023-01-31 13:46:28
TAINWALCHM,2023-05-10 15:21:09
TAINWALCHM,2023-08-08 14:38:38
TAINWALCHM,2023-11-07 15:37:43
TAINWALCHM,2024-02-02 14:40:46
TAINWALCHM,2024-05-21 16:45:20
TAINWALCHM,2024-07-29 14:54:01
TAINWALCHM,2024-10-29 15:39:18
TAINWALCHM,2025-02-03 16:08:04
TAJGVK,2021-01-29 12:34:09
TAJGVK,2021-06-25 13:37:53
TAJGVK,2021-08-06 13:26:16
TAJGVK,2021-10-20 12:40:29
TAJGVK,2022-01-31 12:00:52
TAJGVK,2022-05-10 13:51:04
TAJGVK,2023-01-27 14:25:35
TAJGVK,2023-05-19 14:02:44
TAJGVK,2023-08-09 12:54:49
TAJGVK,2023-11-08 13:05:15
TAJGVK,2024-02-05 12:52:35
TAJGVK,2024-05-23 12:53:45
TAJGVK,2024-08-02 17:25:26
TAJGVK,2024-11-04 12:53:53
TAJGVK,2025-02-03 13:01:37
TAKE,2021-02-11 20:55:10
TAKE,2021-06-24 21:52:11
TAKE,2021-08-11 20:23:08
TAKE,2021-08-11 20:24:55
TAKE,2021-11-12 18:47:32
TAKE,2022-02-08 20:21:49
TAKE,2022-05-27 23:56:37
TAKE,2023-02-14 20:08:09
TAKE,2023-05-29 19:19:14
TAKE,2023-08-14 14:19:13
TAKE,2023-11-08 12:29:44
TAKE,2024-02-13 14:05:43
TAKE,2024-05-30 14:38:23
TAKE,2025-01-22 14:40:52
TAKE,2025-01-22 14:42:23
TAKE,2025-02-12 17:41:14
TALBROAUTO,2021-02-05 14:01:53
TALBROAUTO,2021-06-08 17:28:33
TALBROAUTO,2021-08-11 17:11:25
TALBROAUTO,2021-11-08 16:58:05
TALBROAUTO,2022-02-09 17:36:53
TALBROAUTO,2022-05-23 19:03:36
TALBROAUTO,2023-02-08 16:58:32
TALBROAUTO,2023-05-16 18:25:31
TALBROAUTO,2023-08-08 15:04:38
TALBROAUTO,2023-11-08 14:11:16
TALBROAUTO,2024-02-07 13:47:48
TALBROAUTO,2024-05-22 14:26:24
TALBROAUTO,2024-08-07 13:45:26
TALBROAUTO,2024-11-14 13:56:24
TALBROAUTO,2025-02-11 13:30:37
TANLA,2021-02-06 18:25:59
TANLA,2021-05-19 19:37:54
TANLA,2021-07-22 16:13:23
TANLA,2021-10-21 16:21:03
TANLA,2022-01-21 17:37:54
TANLA,2022-04-29 18:16:22
TANLA,2023-01-20 19:07:29
TANLA,2023-04-26 14:53:02
TANLA,2023-07-20 16:20:09
TANLA,2023-10-19 17:05:22
TANLA,2024-01-23 17:51:45
TANLA,2024-04-25 21:09:27
TANLA,2024-07-18 19:23:47
TANLA,2024-10-17 16:44:19
TANLA,2025-01-21 18:38:36
TANTIACONS,2021-02-12 20:33:03
TANTIACONS,2021-11-10 00:36:26
TANTIACONS,2021-11-10 00:38:03
TANTIACONS,2021-11-10 00:39:21
TANTIACONS,2021-12-20 23:21:38
TANTIACONS,2021-12-23 14:10:26
TANTIACONS,2023-01-04 16:35:45
TANTIACONS,2023-01-19 18:23:49
TANTIACONS,2023-02-10 19:07:10
TANTIACONS,2023-05-30 21:32:45
TANTIACONS,2023-08-10 19:37:36
TAPIFRUIT,2023-05-30 19:44:12
TAPIFRUIT,2023-10-31 18:44:14
TAPIFRUIT,2024-05-15 13:03:52
TAPIFRUIT,2024-11-11 16:16:05
TARACHAND,2021-01-28 16:42:45
TARACHAND,2021-05-06 20:24:55
TARACHAND,2021-08-06 16:59:08
TARACHAND,2021-11-09 15:46:10
TARACHAND,2022-02-14 17:45:48
TARACHAND,2022-02-15 17:56:29
TARACHAND,2022-02-15 17:56:29
TARACHAND,2022-05-10 19:54:24
TARACHAND,2023-02-02 22:55:19
TARACHAND,2023-04-27 21:25:48
TARACHAND,2023-08-10 18:41:44
TARACHAND,2023-11-02 18:25:50
TARACHAND,2024-02-01 16:08:44
TARACHAND,2024-05-02 16:50:29
TARACHAND,2024-08-01 14:38:00
TARACHAND,2024-10-24 13:31:03
TARACHAND,2025-01-23 17:11:48
TARAPUR,2021-02-10 13:28:35
TARAPUR,2021-06-29 15:26:10
TARAPUR,2021-08-12 16:43:40
TARAPUR,2021-11-12 16:12:26
TARAPUR,2022-02-11 16:08:10
TARAPUR,2022-05-31 13:17:50
TARAPUR,2023-02-07 16:48:01
TARAPUR,2023-07-17 16:59:15
TARAPUR,2023-08-11 17:14:35
TARAPUR,2024-03-27 16:57:43
TARAPUR,2024-03-28 17:51:10
TARAPUR,2024-05-29 18:49:01
TARAPUR,2024-08-13 18:51:55
TARAPUR,2024-11-14 18:58:47
TARAPUR,2025-02-14 17:00:11
TARC,2021-02-10 17:12:46
TARC,2021-06-30 19:59:41
TARC,2021-08-14 18:11:34
TARC,2021-11-13 19:20:46
TARC,2022-02-14 17:52:55
TARC,2022-05-31 19:52:53
TARC,2023-02-13 19:01:33
TARC,2023-05-30 22:15:12
TARC,2023-08-11 14:08:35
TARC,2023-11-09 17:29:37
TARC,2024-02-12 18:03:20
TARC,2024-05-27 15:35:13
TARC,2024-08-12 19:53:06
TARC,2024-11-06 14:47:47
TARC,2025-02-06 18:24:11
TARIL,2021-02-12 15:07:18
TARIL,2021-05-25 15:05:42
TARIL,2021-08-10 13:46:02
TARIL,2021-11-12 16:56:37
TARIL,2022-02-07 15:35:17
TARIL,2022-05-14 17:18:16
TARIL,2023-02-06 14:28:38
TARIL,2023-05-04 14:53:12
TARIL,2023-08-10 20:09:42
TARIL,2023-11-03 13:06:00
TARIL,2024-01-22 13:00:31
TARIL,2024-04-08 15:27:01
TARIL,2024-07-19 15:40:25
TARIL,2024-10-08 13:29:02
TARIL,2025-01-08 14:07:22
TARMAT,2021-02-12 14:40:32
TARMAT,2021-06-29 18:34:22
TARMAT,2021-08-14 15:08:35
TARMAT,2021-11-13 14:09:16
TARMAT,2022-02-15 16:34:33
TARMAT,2022-05-31 16:33:31
TARMAT,2023-02-14 17:16:05
TARMAT,2023-05-31 12:28:55
TARMAT,2023-05-31 16:03:59
TARMAT,2023-08-14 16:40:13
TARMAT,2023-11-14 15:51:40
TARMAT,2024-02-14 15:47:40
TARMAT,2024-05-30 18:06:01
TARMAT,2024-08-14 16:54:33
TARMAT,2024-11-14 18:03:10
TARMAT,2025-02-14 16:24:28
TARSONS,2022-02-07 12:05:46
TARSONS,2022-05-27 12:16:21
TARSONS,2023-02-12 12:57:35
TARSONS,2023-05-27 18:42:21
TARSONS,2023-08-11 17:34:03
TARSONS,2023-11-11 14:07:12
TARSONS,2024-02-13 18:01:46
TARSONS,2024-05-30 13:56:31
TARSONS,2024-08-14 17:54:21
TARSONS,2024-11-07 17:08:44
TARSONS,2025-02-14 13:39:06
TASTYBITE,2021-02-11 18:28:17
TASTYBITE,2021-05-15 17:16:59
TASTYBITE,2021-08-04 18:04:54
TASTYBITE,2021-11-12 17:27:32
TASTYBITE,2022-02-08 18:21:21
TASTYBITE,2022-05-27 19:11:25
TASTYBITE,2023-02-06 16:02:04
TASTYBITE,2023-05-18 15:34:02
TASTYBITE,2023-08-08 16:28:02
TASTYBITE,2023-11-08 17:14:27
TASTYBITE,2024-02-13 17:45:39
TASTYBITE,2024-05-17 22:15:41
TASTYBITE,2024-08-07 17:34:05
TASTYBITE,2024-11-14 15:38:06
TASTYBITE,2025-02-07 17:03:37
TATACHEM,2021-01-28 17:29:08
TATACHEM,2021-05-03 16:51:22
TATACHEM,2021-08-05 16:48:50
TATACHEM,2021-10-27 16:57:08
TATACHEM,2022-02-10 16:17:37
TATACHEM,2022-04-29 15:49:32
TATACHEM,2023-02-01 16:15:50
TATACHEM,2023-05-03 16:26:49
TATACHEM,2023-08-07 16:30:58
TATACHEM,2023-11-10 16:19:55
TATACHEM,2024-02-05 17:24:39
TATACHEM,2024-04-29 17:21:59
TATACHEM,2024-08-05 16:22:05
TATACHEM,2024-10-17 16:40:33
TATACHEM,2025-02-03 18:28:10
TATACOFFEE,2021-01-27 18:38:07
TATACOFFEE,2021-04-29 19:19:10
TATACOFFEE,2021-07-28 14:09:32
TATACOFFEE,2021-10-18 18:05:31
TATACOFFEE,2022-01-28 13:35:40
TATACOFFEE,2022-04-26 18:52:18
TATACOFFEE,2023-01-24 13:30:08
TATACOFFEE,2023-04-18 16:25:20
TATACOFFEE,2023-07-19 12:55:30
TATACOFFEE,2023-10-19 17:40:40
TATACOMM,2021-01-19 17:08:23
TATACOMM,2021-04-28 18:34:36
TATACOMM,2021-08-04 17:29:48
TATACOMM,2021-10-12 21:36:27
TATACOMM,2021-10-20 17:39:05
TATACOMM,2022-01-19 17:02:22
TATACOMM,2022-04-21 19:01:19
TATACOMM,2023-01-23 18:54:35
TATACOMM,2023-04-19 18:57:52
TATACOMM,2023-07-19 17:21:22
TATACOMM,2023-10-19 17:40:10
TATACOMM,2024-01-18 14:37:10
TATACOMM,2024-04-17 17:01:24
TATACOMM,2024-07-18 14:59:45
TATACOMM,2024-10-17 14:44:54
TATACOMM,2025-01-22 14:19:12
TATACONSUM,2021-02-02 17:26:51
TATACONSUM,2021-05-06 16:27:42
TATACONSUM,2021-08-03 18:06:48
TATACONSUM,2021-10-22 18:03:06
TATACONSUM,2022-02-02 16:11:38
TATACONSUM,2022-05-04 18:05:58
TATACONSUM,2023-02-02 16:30:02
TATACONSUM,2023-04-25 16:11:46
TATACONSUM,2023-07-26 16:16:16
TATACONSUM,2023-10-31 17:43:39
TATACONSUM,2024-02-07 16:21:38
TATACONSUM,2024-04-23 16:25:06
TATACONSUM,2024-07-30 16:52:50
TATACONSUM,2024-10-18 16:36:11
TATACONSUM,2025-01-30 17:13:55
TATAELXSI,2021-01-12 17:51:24
TATAELXSI,2021-04-22 18:30:13
TATAELXSI,2021-07-15 18:21:53
TATAELXSI,2021-10-22 17:41:11
TATAELXSI,2022-01-18 17:39:19
TATAELXSI,2022-04-20 17:39:14
TATAELXSI,2023-01-27 11:28:21
TATAELXSI,2023-05-18 17:27:54
TATAELXSI,2023-07-17 16:01:17
TATAELXSI,2023-10-17 15:55:54
TATAELXSI,2024-01-23 16:05:35
TATAELXSI,2024-04-23 17:49:38
TATAELXSI,2024-07-10 18:21:12
TATAELXSI,2024-10-10 17:35:36
TATAELXSI,2025-01-09 16:22:59
TATAINVEST,2021-02-02 18:13:44
TATAINVEST,2021-04-27 18:50:17
TATAINVEST,2021-08-09 18:33:00
TATAINVEST,2021-11-09 18:15:44
TATAINVEST,2022-01-19 19:07:36
TATAINVEST,2022-04-25 21:13:10
TATAINVEST,2023-01-17 19:44:14
TATAINVEST,2023-05-05 20:19:17
TATAINVEST,2023-08-04 20:27:45
TATAINVEST,2023-11-08 19:48:34
TATAINVEST,2024-01-29 18:54:19
TATAINVEST,2024-05-23 18:49:48
TATAINVEST,2024-07-31 19:48:50
TATAINVEST,2024-10-31 17:14:21
TATAINVEST,2025-02-11 18:35:02
TATAMETALI,2021-01-19 14:24:47
TATAMETALI,2021-04-14 21:17:26
TATAMETALI,2021-07-13 18:20:19
TATAMETALI,2021-10-11 16:23:16
TATAMETALI,2022-01-13 19:17:44
TATAMETALI,2022-04-22 20:04:46
TATAMETALI,2023-01-18 15:16:21
TATAMETALI,2023-04-28 13:07:58
TATAMETALI,2023-05-04 12:15:28
TATAMETALI,2023-07-13 18:38:36
TATAMETALI,2023-10-18 11:05:37
TATAMTRDVR,2021-01-29 16:05:06
TATAMTRDVR,2021-05-18 16:56:51
TATAMTRDVR,2021-07-12 14:52:48
TATAMTRDVR,2021-07-26 18:07:47
TATAMTRDVR,2021-11-01 16:12:48
TATAMTRDVR,2022-01-31 16:04:03
TATAMTRDVR,2022-05-12 16:16:35
TATAMTRDVR,2023-01-25 16:22:41
TATAMTRDVR,2023-05-12 16:37:34
TATAMTRDVR,2023-07-25 15:42:55
TATAMTRDVR,2023-11-02 15:47:50
TATAMTRDVR,2024-02-02 16:20:10
TATAMTRDVR,2024-05-10 15:47:21
TATAMTRDVR,2024-08-01 16:04:45
TATAPOWER,2021-02-04 16:27:13
TATAPOWER,2021-05-12 17:31:01
TATAPOWER,2021-08-06 15:56:37
TATAPOWER,2021-10-28 16:25:49
TATAPOWER,2022-02-09 16:16:44
TATAPOWER,2022-05-06 17:13:35
TATAPOWER,2023-02-03 16:13:45
TATAPOWER,2023-05-04 16:51:41
TATAPOWER,2023-08-09 16:52:50
TATAPOWER,2023-11-08 15:51:30
TATAPOWER,2024-02-09 17:14:23
TATAPOWER,2024-05-08 16:16:36
TATAPOWER,2024-08-06 16:46:10
TATAPOWER,2024-10-30 17:40:12
TATAPOWER,2025-02-04 15:54:54
TATASTEEL,2021-02-09 19:01:05
TATASTEEL,2021-05-05 19:23:37
TATASTEEL,2021-08-12 17:43:11
TATASTEEL,2021-11-11 18:53:01
TATASTEEL,2022-02-04 19:03:57
TATASTEEL,2022-05-03 19:24:42
TATASTEEL,2023-02-06 18:22:33
TATASTEEL,2023-05-02 18:30:39
TATASTEEL,2023-07-24 18:00:07
TATASTEEL,2023-11-01 20:00:42
TATASTEEL,2024-01-24 18:49:19
TATASTEEL,2024-05-29 18:47:10
TATASTEEL,2024-07-31 18:10:55
TATASTEEL,2024-11-06 17:30:38
TATASTEEL,2025-01-27 18:31:38
TATASTLBSL,2021-01-19 20:35:00
TATASTLBSL,2021-04-21 19:51:10
TATASTLBSL,2021-08-04 13:54:10
TATASTLBSL,2021-10-19 20:21:17
TATASTLLP,2021-01-14 20:39:51
TATASTLLP,2021-04-20 20:49:21
TATASTLLP,2021-07-15 18:40:52
TATASTLLP,2021-07-30 22:45:50
TATASTLLP,2021-10-20 20:02:23
TATASTLLP,2022-01-17 20:02:16
TATASTLLP,2022-04-19 20:44:48
TATASTLLP,2023-01-25 21:20:57
TATASTLLP,2023-04-25 23:03:17
TATASTLLP,2023-07-14 21:28:56
TATASTLLP,2023-10-13 17:59:55
TATATECH,2024-01-25 16:36:44
TATATECH,2024-05-03 15:47:47
TATATECH,2024-07-18 15:54:05
TATATECH,2024-10-28 16:53:09
TATATECH,2025-01-21 16:39:04
TATVA,2021-08-14 17:55:40
TATVA,2021-10-23 15:16:43
TATVA,2022-01-17 17:35:22
TATVA,2022-01-17 20:30:10
TATVA,2022-04-25 15:46:54
TATVA,2023-01-24 15:50:22
TATVA,2023-05-05 15:48:52
TATVA,2023-08-04 14:54:36
TATVA,2023-11-02 15:43:41
TATVA,2024-01-20 15:17:42
TATVA,2024-05-03 15:41:23
TATVA,2024-07-24 15:31:20
TATVA,2024-10-25 15:49:29
TATVA,2025-01-28 15:40:26
TBI,2024-06-27 20:57:59
TBI,2024-10-30 19:49:53
TBOTEK,2024-05-30 19:37:49
TBOTEK,2024-08-13 15:21:31
TBOTEK,2024-11-12 15:14:27
TBOTEK,2025-02-12 15:39:33
TBZ,2021-02-08 16:12:06
TBZ,2021-05-03 16:23:18
TBZ,2021-08-10 16:07:04
TBZ,2021-11-11 15:38:16
TBZ,2022-02-03 15:33:02
TBZ,2022-05-05 17:06:19
TBZ,2023-02-08 17:08:03
TBZ,2023-05-24 18:41:54
TBZ,2023-08-01 17:25:30
TBZ,2023-11-06 16:07:48
TBZ,2024-02-07 16:39:38
TBZ,2024-05-27 17:23:44
TBZ,2024-08-05 15:55:07
TBZ,2024-11-12 17:39:28
TBZ,2025-02-11 16:13:01
TCI,2021-02-03 17:23:03
TCI,2021-05-25 19:27:36
TCI,2021-08-03 18:22:39
TCI,2021-10-28 14:52:25
TCI,2022-01-27 15:30:44
TCI,2022-05-28 17:33:43
TCI,2023-01-30 14:34:58
TCI,2023-05-18 17:07:01
TCI,2023-07-31 14:43:22
TCI,2023-10-30 14:41:53
TCI,2024-02-02 15:24:29
TCI,2024-05-15 16:17:01
TCI,2024-07-27 13:03:27
TCI,2024-10-24 14:26:49
TCI,2025-01-25 15:48:23
TCIDEVELOP,2021-02-05 12:23:04
TCIDEVELOP,2021-04-30 13:29:46
TCIDEVELOP,2021-07-28 16:19:01
TCIDEVELOP,2021-10-22 16:16:51
TCIDEVELOP,2022-01-28 16:27:54
TCIDEVELOP,2022-05-04 17:12:55
TCIEXP,2021-02-09 14:14:17
TCIEXP,2021-02-09 15:46:19
TCIEXP,2021-05-19 15:08:37
TCIEXP,2021-05-19 15:20:04
TCIEXP,2021-07-28 14:33:47
TCIEXP,2021-10-22 14:27:25
TCIEXP,2022-01-28 14:16:07
TCIEXP,2022-05-27 16:26:29
TCIEXP,2023-01-31 14:40:34
TCIEXP,2023-05-26 16:26:27
TCIEXP,2023-08-04 14:05:35
TCIEXP,2023-10-17 15:13:28
TCIEXP,2024-02-12 14:48:35
TCIEXP,2024-05-10 15:58:37
TCIEXP,2024-08-13 15:11:29
TCIEXP,2024-10-30 15:35:27
TCIEXP,2025-02-06 17:33:31
TCIFINANCE,2021-02-10 16:40:07
TCIFINANCE,2021-06-30 19:30:01
TCIFINANCE,2021-08-13 15:41:42
TCIFINANCE,2021-11-11 19:03:37
TCIFINANCE,2021-11-12 14:26:59
TCIFINANCE,2022-02-10 15:58:05
TCIFINANCE,2022-05-30 20:12:26
TCIFINANCE,2023-02-07 14:18:50
TCIFINANCE,2023-05-11 19:21:51
TCIFINANCE,2023-08-04 18:52:14
TCIFINANCE,2023-11-08 14:53:23
TCIFINANCE,2024-02-13 17:10:41
TCIFINANCE,2024-05-08 18:40:19
TCIFINANCE,2024-08-06 16:22:22
TCIFINANCE,2024-11-13 16:36:24
TCIFINANCE,2025-02-07 16:58:33
TCL,2024-05-28 23:21:51
TCL,2024-11-14 21:09:03
TCNSBRANDS,2021-02-05 17:41:09
TCNSBRANDS,2021-06-21 16:41:23
TCNSBRANDS,2021-06-21 16:44:14
TCNSBRANDS,2021-08-13 16:21:23
TCNSBRANDS,2021-11-12 17:07:30
TCNSBRANDS,2022-02-11 15:46:26
TCNSBRANDS,2022-05-27 16:45:49
TCNSBRANDS,2023-02-14 17:22:45
TCNSBRANDS,2023-05-29 17:34:52
TCNSBRANDS,2023-08-11 16:46:57
TCNSBRANDS,2023-10-28 15:17:13
TCNSBRANDS,2024-02-02 18:13:01
TCNSBRANDS,2024-05-16 14:11:19
TCNSBRANDS,2024-07-31 18:31:35
TCPLPACK,2021-02-05 14:26:24
TCPLPACK,2021-02-05 14:29:37
TCPLPACK,2021-05-28 20:35:05
TCPLPACK,2021-08-12 14:36:13
TCPLPACK,2021-11-03 16:13:43
TCPLPACK,2022-02-07 18:36:11
TCPLPACK,2022-05-25 15:32:36
TCPLPACK,2023-02-06 17:52:14
TCPLPACK,2023-05-26 18:06:32
TCPLPACK,2023-08-04 16:39:20
TCPLPACK,2023-11-08 18:35:18
TCPLPACK,2024-02-05 17:08:42
TCPLPACK,2024-05-28 19:12:28
TCPLPACK,2024-07-30 13:33:55
TCPLPACK,2024-11-11 16:32:01
TCPLPACK,2025-02-13 19:44:38
TCS,2021-01-08 18:07:47
TCS,2021-04-12 18:43:59
TCS,2021-07-08 18:41:57
TCS,2021-10-08 18:23:49
TCS,2022-01-12 23:37:47
TCS,2022-04-11 17:40:50
TCS,2022-07-08 16:36:53
TCS,2023-01-09 17:14:35
TCS,2023-04-12 17:17:07
TCS,2023-07-12 15:54:53
TCS,2023-10-11 17:03:52
TCS,2024-01-11 15:53:19
TCS,2024-04-12 15:36:45
TCS,2024-07-11 15:38:49
TCS,2024-10-10 16:06:39
TCS,2025-01-09 16:10:53
TDPOWERSYS,2021-02-04 13:18:54
TDPOWERSYS,2021-05-19 18:33:55
TDPOWERSYS,2021-08-12 13:15:45
TDPOWERSYS,2021-11-10 13:57:04
TDPOWERSYS,2022-01-27 14:33:06
TDPOWERSYS,2022-05-10 14:09:12
TDPOWERSYS,2023-02-08 14:24:00
TDPOWERSYS,2023-05-09 14:13:14
TDPOWERSYS,2023-08-09 13:29:21
TDPOWERSYS,2023-11-08 13:51:02
TDPOWERSYS,2024-02-01 13:51:57
TDPOWERSYS,2024-05-23 17:21:08
TDPOWERSYS,2024-08-13 13:26:25
TDPOWERSYS,2024-10-29 16:02:25
TDPOWERSYS,2025-02-06 16:54:13
TEAMGTY,2021-02-10 13:30:36
TEAMGTY,2021-02-10 13:34:45
TEAMGTY,2021-05-26 13:44:14
TEAMGTY,2021-08-11 12:32:32
TEAMGTY,2021-11-11 12:07:46
TEAMGTY,2022-02-10 12:21:49
TEAMGTY,2022-04-28 13:45:24
TEAMGTY,2023-02-08 12:18:04
TEAMGTY,2023-05-18 13:06:25
TEAMGTY,2023-08-10 12:34:01
TEAMGTY,2023-10-27 14:30:59
TEAMGTY,2024-02-08 12:54:19
TEAMGTY,2024-05-23 15:42:45
TEAMGTY,2024-08-09 12:33:48
TEAMGTY,2024-11-14 14:38:03
TEAMGTY,2025-02-12 18:01:02
TEAMLEASE,2021-01-28 13:55:34
TEAMLEASE,2021-06-09 12:14:19
TEAMLEASE,2021-07-28 13:19:37
TEAMLEASE,2021-11-12 15:27:25
TEAMLEASE,2022-01-25 16:05:59
TEAMLEASE,2022-01-25 19:56:25
TEAMLEASE,2022-05-18 14:32:45
TEAMLEASE,2023-01-25 14:39:31
TEAMLEASE,2023-05-17 15:48:05
TEAMLEASE,2023-07-26 13:43:19
TEAMLEASE,2023-11-08 15:16:23
TEAMLEASE,2024-01-30 15:56:17
TEAMLEASE,2024-05-22 14:53:00
TEAMLEASE,2024-07-31 15:31:36
TEAMLEASE,2024-11-06 15:25:02
TEAMLEASE,2025-01-29 14:10:05
TECHERA,2024-11-12 16:25:39
TECHIN,2021-02-13 16:59:16
TECHIN,2021-06-07 10:22:37
TECHIN,2021-08-09 17:41:22
TECHIN,2021-10-27 16:25:40
TECHIN,2022-02-10 17:11:23
TECHIN,2022-05-28 18:11:19
TECHIN,2023-02-13 15:45:25
TECHIN,2023-05-08 17:36:54
TECHIN,2023-08-11 16:56:12
TECHIN,2023-10-17 15:52:12
TECHIN,2024-01-17 17:07:32
TECHIN,2024-05-23 16:23:22
TECHIN,2024-08-08 16:14:41
TECHIN,2024-10-26 16:59:12
TECHIN,2025-01-29 15:14:30
TECHLABS,2024-05-02 16:56:51
TECHLABS,2024-05-02 16:59:40
TECHLABS,2024-11-14 16:43:31
TECHM,2021-01-29 17:26:52
TECHM,2021-04-26 20:21:38
TECHM,2021-07-29 15:32:04
TECHM,2021-10-25 16:04:05
TECHM,2022-02-01 15:36:48
TECHM,2022-05-13 15:54:16
TECHM,2023-01-30 15:45:35
TECHM,2023-04-27 15:55:29
TECHM,2023-07-26 15:49:19
TECHM,2023-10-25 15:35:11
TECHM,2024-01-24 15:49:30
TECHM,2024-04-25 15:45:03
TECHM,2024-07-25 16:04:57
TECHM,2024-10-19 04:37:30
TECHM,2025-01-17 15:41:55
TECHNOE,2021-02-13 16:52:06
TECHNOE,2021-06-29 17:54:30
TECHNOE,2021-06-29 17:56:20
TECHNOE,2021-08-13 17:31:29
TECHNOE,2021-11-12 17:19:04
TECHNOE,2022-02-14 17:39:40
TECHNOE,2022-05-30 17:51:39
TECHNOE,2023-02-14 17:54:06
TECHNOE,2023-05-29 21:19:32
TECHNOE,2023-08-14 17:21:14
TECHNOE,2023-11-10 15:09:44
TECHNOE,2024-02-13 18:30:04
TECHNOE,2024-05-28 18:39:45
TECHNOE,2024-08-13 17:31:28
TECHNOE,2024-11-12 18:02:09
TECHNOE,2025-02-11 18:16:13
TECHNOFAB,2021-02-11 19:43:37
TECHNOFAB,2021-03-26 19:16:14
TECHNOFAB,2021-03-26 19:17:46
TECHNOFAB,2021-06-30 17:50:58
TECHNOFAB,2021-08-26 19:53:05
TECHNOFAB,2021-09-29 19:53:56
TECHNOFAB,2021-12-22 19:06:00
TECHNOFAB,2022-02-11 18:52:38
TECHNOFAB,2022-05-24 19:57:29
TECILCHEM,2021-01-29 13:16:47
TECILCHEM,2021-06-28 14:37:03
TECILCHEM,2021-08-05 14:03:18
TECILCHEM,2021-11-11 13:27:25
TECILCHEM,2021-11-11 13:37:27
TECILCHEM,2022-02-09 12:59:19
TECILCHEM,2022-05-26 16:26:10
TECILCHEM,2023-02-08 15:38:05
TECILCHEM,2023-05-27 15:26:37
TECILCHEM,2023-08-09 14:46:23
TECILCHEM,2023-11-06 14:30:53
TECILCHEM,2024-02-07 15:48:10
TECILCHEM,2024-05-21 15:58:59
TECILCHEM,2024-08-08 15:10:20
TECILCHEM,2024-11-12 15:52:20
TECILCHEM,2025-02-12 16:56:08
TEGA,2022-02-11 17:00:45
TEGA,2022-05-24 23:12:23
TEGA,2023-01-31 15:09:23
TEGA,2023-05-30 16:44:46
TEGA,2023-08-11 16:08:13
TEGA,2023-11-09 13:52:53
TEGA,2024-02-09 14:06:01
TEGA,2024-05-23 14:13:12
TEGA,2024-08-08 15:20:19
TEGA,2024-11-14 14:07:46
TEGA,2025-02-05 13:27:40
TEJASNET,2021-01-20 16:51:10
TEJASNET,2021-04-21 17:32:47
TEJASNET,2021-07-21 17:26:42
TEJASNET,2021-10-20 17:54:30
TEJASNET,2022-01-19 18:05:22
TEJASNET,2022-04-22 18:27:26
TEJASNET,2023-02-06 18:20:40
TEJASNET,2023-04-21 19:06:51
TEJASNET,2023-07-21 18:01:08
TEJASNET,2023-10-20 18:15:05
TEJASNET,2024-01-19 18:43:45
TEJASNET,2024-04-22 19:09:31
TEJASNET,2024-07-19 17:29:14
TEJASNET,2024-10-18 17:52:20
TEJASNET,2025-01-23 18:49:50
TEMBO,2021-06-14 16:59:14
TEMBO,2021-06-14 21:47:28
TEMBO,2021-06-18 15:59:54
TEMBO,2021-08-12 20:56:56
TEMBO,2021-11-12 17:15:54
TEMBO,2022-02-14 17:06:20
TEMBO,2022-05-28 17:00:03
TEMBO,2023-01-30 17:07:41
TEMBO,2023-01-31 13:13:22
TEMBO,2023-05-29 20:28:52
TEMBO,2023-08-08 17:55:57
TEMBO,2023-11-11 03:54:16
TEMBO,2024-02-13 18:43:29
TEMBO,2024-05-30 18:07:12
TEMBO,2024-08-12 17:39:40
TEMBO,2024-10-26 19:52:58
TEMBO,2025-02-10 19:19:44
TERASOFT,2021-02-12 16:23:53
TERASOFT,2021-06-01 12:47:26
TERASOFT,2021-06-10 19:28:50
TERASOFT,2021-08-05 15:33:31
TERASOFT,2021-08-13 16:08:56
TERASOFT,2021-08-13 16:15:08
TERASOFT,2021-11-11 18:46:03
TERASOFT,2022-02-05 16:05:34
TERASOFT,2022-02-14 18:45:01
TERASOFT,2022-05-30 17:58:25
TERASOFT,2023-02-14 19:52:40
TERASOFT,2023-05-27 20:01:13
TERASOFT,2023-07-31 18:20:41
TERASOFT,2023-11-14 22:35:21
TERASOFT,2024-02-10 14:39:24
TERASOFT,2024-05-27 19:00:59
TERASOFT,2024-08-03 20:26:29
TERASOFT,2024-11-07 18:42:57
TERASOFT,2025-02-11 19:21:40
TEXINFRA,2021-01-29 18:17:56
TEXINFRA,2021-05-14 18:13:19
TEXINFRA,2021-08-11 17:28:55
TEXINFRA,2021-11-11 18:11:34
TEXINFRA,2022-02-07 19:48:38
TEXINFRA,2022-05-20 18:54:07
TEXINFRA,2023-02-11 16:29:21
TEXINFRA,2023-05-12 17:26:54
TEXINFRA,2023-08-03 17:56:48
TEXINFRA,2023-10-14 17:18:56
TEXINFRA,2024-01-30 16:11:03
TEXINFRA,2024-05-14 11:45:47
TEXINFRA,2024-08-02 16:32:56
TEXINFRA,2024-10-25 14:11:06
TEXINFRA,2025-01-31 16:54:18
TEXMOPIPES,2021-02-04 18:37:10
TEXMOPIPES,2021-06-25 19:52:38
TEXMOPIPES,2021-08-13 18:40:20
TEXMOPIPES,2021-11-11 19:09:12
TEXMOPIPES,2022-02-14 17:32:35
TEXMOPIPES,2022-05-26 17:28:44
TEXMOPIPES,2023-02-13 19:32:18
TEXMOPIPES,2023-05-29 20:24:00
TEXMOPIPES,2023-08-11 19:02:14
TEXMOPIPES,2023-11-09 18:16:09
TEXMOPIPES,2024-02-13 19:06:22
TEXMOPIPES,2024-05-29 21:25:54
TEXMOPIPES,2024-08-13 19:01:44
TEXMOPIPES,2024-11-14 18:54:06
TEXMOPIPES,2025-02-13 20:05:32
TEXRAIL,2021-01-29 14:29:27
TEXRAIL,2021-05-14 14:54:32
TEXRAIL,2021-08-11 14:04:30
TEXRAIL,2021-11-11 14:58:30
TEXRAIL,2022-02-07 17:01:22
TEXRAIL,2022-05-20 14:56:18
TEXRAIL,2023-02-11 14:11:40
TEXRAIL,2023-05-12 15:04:09
TEXRAIL,2023-08-03 15:43:06
TEXRAIL,2023-10-14 14:32:16
TEXRAIL,2024-02-01 18:33:04
TEXRAIL,2024-05-16 12:48:26
TEXRAIL,2024-08-13 20:03:02
TEXRAIL,2024-10-25 17:41:06
TEXRAIL,2025-01-31 14:30:13
TFCILTD,2021-02-10 14:41:16
TFCILTD,2021-05-31 17:15:26
TFCILTD,2021-08-10 18:49:39
TFCILTD,2021-11-12 18:08:27
TFCILTD,2022-02-12 15:10:18
TFCILTD,2022-05-19 14:28:57
TFCILTD,2023-02-10 17:15:14
TFCILTD,2023-05-20 19:14:59
TFCILTD,2023-08-11 14:53:14
TFCILTD,2023-11-10 15:45:06
TFCILTD,2024-02-14 13:34:34
TFCILTD,2024-05-17 16:27:50
TFCILTD,2024-08-13 18:37:43
TFCILTD,2024-10-24 15:44:42
TFCILTD,2025-01-28 15:52:31
TFL,2021-02-11 17:24:43
TFL,2021-08-12 18:57:49
TFL,2021-11-10 17:10:26
TFL,2022-02-14 19:31:35
TFL,2022-05-26 19:11:28
TFL,2023-02-14 18:51:16
TFL,2023-05-09 17:10:28
TFL,2023-07-25 14:40:50
TFL,2023-11-08 15:36:36
TFL,2024-02-15 14:36:39
TFL,2024-05-02 19:11:07
TFL,2024-08-09 16:06:32
TFL,2024-11-14 16:02:59
TFL,2025-02-04 16:29:56
TGBHOTELS,2021-02-12 17:18:39
TGBHOTELS,2021-02-12 17:20:01
TGBHOTELS,2021-06-28 17:52:44
TGBHOTELS,2021-08-14 17:33:12
TGBHOTELS,2021-11-12 20:08:11
TGBHOTELS,2022-02-03 18:44:48
TGBHOTELS,2022-05-16 20:57:50
TGBHOTELS,2023-02-14 17:17:13
TGBHOTELS,2023-05-20 18:29:46
TGBHOTELS,2023-08-14 17:45:18
TGBHOTELS,2023-11-09 17:21:50
TGBHOTELS,2024-02-13 17:25:02
TGBHOTELS,2024-05-28 17:57:06
TGBHOTELS,2024-08-14 17:38:59
TGBHOTELS,2024-11-13 20:18:27
TGBHOTELS,2025-02-11 17:22:42
TGL,2024-05-25 15:50:19
TGL,2024-11-08 13:24:24
THANGAMAYL,2021-01-27 13:43:20
THANGAMAYL,2021-01-27 17:17:16
THANGAMAYL,2021-06-24 13:10:58
THANGAMAYL,2021-08-11 11:56:53
THANGAMAYL,2021-11-02 13:01:41
THANGAMAYL,2022-01-27 14:02:13
THANGAMAYL,2022-05-19 13:14:28
THANGAMAYL,2023-01-23 17:41:04
THANGAMAYL,2023-05-22 13:36:32
THANGAMAYL,2023-07-24 13:31:00
THANGAMAYL,2023-11-01 13:55:17
THANGAMAYL,2024-02-01 13:06:05
THANGAMAYL,2024-05-20 13:59:05
THANGAMAYL,2024-07-25 11:48:11
THANGAMAYL,2024-11-06 13:42:00
THANGAMAYL,2025-02-05 14:32:41
THEINVEST,2021-02-06 13:38:01
THEINVEST,2021-05-26 14:26:08
THEINVEST,2021-08-04 19:55:27
THEINVEST,2021-11-01 19:18:17
THEINVEST,2022-02-07 19:07:19
THEINVEST,2022-05-20 14:21:26
THEINVEST,2023-02-10 15:22:08
THEINVEST,2023-05-09 18:38:24
THEINVEST,2023-08-11 14:11:53
THEINVEST,2023-11-06 14:30:50
THEINVEST,2024-02-03 17:48:31
THEINVEST,2024-05-10 14:03:56
THEINVEST,2024-08-09 14:19:19
THEINVEST,2024-11-12 17:35:41
THEINVEST,2025-02-13 15:32:37
THEJO,2021-06-14 14:28:29
THEJO,2021-11-12 13:15:41
THEJO,2022-05-26 15:05:23
THEJO,2023-05-25 15:51:51
THEJO,2023-08-12 14:45:43
THEJO,2023-11-10 14:05:16
THEJO,2024-02-13 15:25:44
THEJO,2024-05-28 13:01:44
THEJO,2024-08-09 16:42:59
THEJO,2024-11-08 18:53:32
THEJO,2025-02-07 17:46:54
THEMISMED,2021-02-12 14:57:18
THEMISMED,2021-05-27 14:53:02
THEMISMED,2021-08-13 12:54:15
THEMISMED,2021-11-12 13:34:43
THEMISMED,2022-02-11 14:37:25
THEMISMED,2022-02-11 15:14:54
THEMISMED,2022-05-21 15:47:49
THEMISMED,2023-02-03 13:36:45
THEMISMED,2023-05-13 16:11:17
THEMISMED,2023-08-10 15:14:05
THEMISMED,2023-11-04 14:38:13
THEMISMED,2024-02-10 14:42:33
THEMISMED,2024-05-14 21:49:37
THEMISMED,2024-07-26 19:12:17
THEMISMED,2024-10-25 17:50:16
THEMISMED,2025-02-14 17:49:41
THERMAX,2021-02-03 17:22:10
THERMAX,2021-05-25 19:28:58
THERMAX,2021-08-05 17:41:33
THERMAX,2021-11-10 17:07:50
THERMAX,2022-02-04 16:50:27
THERMAX,2022-05-20 16:02:40
THERMAX,2023-02-07 19:35:20
THERMAX,2023-05-17 17:07:56
THERMAX,2023-08-01 15:33:15
THERMAX,2023-11-03 16:33:56
THERMAX,2024-02-08 13:55:55
THERMAX,2024-05-10 17:46:24
THERMAX,2024-08-01 15:26:30
THERMAX,2024-11-13 16:05:52
THERMAX,2025-02-04 14:47:00
THESL,2024-11-13 19:25:13
THOMASCOOK,2021-02-05 11:55:38
THOMASCOOK,2021-05-27 23:38:29
THOMASCOOK,2021-08-04 20:30:47
THOMASCOOK,2021-11-12 20:59:55
THOMASCOOK,2021-11-13 15:57:46
THOMASCOOK,2022-02-03 19:25:40
THOMASCOOK,2022-02-03 19:28:22
THOMASCOOK,2022-05-23 20:51:20
THOMASCOOK,2023-02-02 21:59:01
THOMASCOOK,2023-05-18 21:16:51
THOMASCOOK,2023-08-09 20:53:15
THOMASCOOK,2023-11-01 20:39:49
THOMASCOOK,2024-01-31 16:51:55
THOMASCOOK,2024-05-15 20:24:53
THOMASCOOK,2024-07-31 18:41:44
THOMASCOOK,2024-11-13 18:04:39
THOMASCOOK,2025-02-03 18:23:45
THOMASCOTT,2021-02-13 15:25:27
THOMASCOTT,2021-06-30 18:29:58
THOMASCOTT,2021-08-14 18:37:28
THOMASCOTT,2021-11-13 15:18:47
THOMASCOTT,2022-02-14 16:47:33
THOMASCOTT,2022-05-30 20:05:54
THOMASCOTT,2023-02-14 15:36:24
THOMASCOTT,2023-05-30 15:47:45
THOMASCOTT,2023-08-12 15:11:57
THOMASCOTT,2023-11-09 16:22:14
THOMASCOTT,2024-02-14 17:10:16
THOMASCOTT,2024-05-27 19:19:33
THOMASCOTT,2024-08-12 19:30:07
THOMASCOTT,2024-11-13 17:31:38
THOMASCOTT,2025-02-12 17:10:29
THYROCARE,2021-01-30 20:30:15
THYROCARE,2021-05-08 22:57:42
THYROCARE,2021-08-12 21:42:54
THYROCARE,2021-11-13 19:17:53
THYROCARE,2022-02-12 19:48:48
THYROCARE,2022-02-12 19:58:49
THYROCARE,2022-04-29 23:11:38
THYROCARE,2023-02-03 15:38:27
THYROCARE,2023-05-24 13:32:13
THYROCARE,2023-08-01 16:32:11
THYROCARE,2023-10-31 16:32:57
THYROCARE,2024-02-01 16:55:19
THYROCARE,2024-05-14 15:33:31
THYROCARE,2024-07-23 15:57:53
THYROCARE,2024-10-23 16:19:33
THYROCARE,2025-01-23 16:26:42
TI,2021-02-12 15:23:59
TI,2021-05-29 19:53:20
TI,2021-08-14 14:52:54
TI,2021-08-14 14:54:34
TI,2021-11-12 13:42:13
TI,2022-02-09 19:49:06
TI,2022-05-30 21:57:35
TI,2023-02-07 17:05:11
TI,2023-05-16 22:06:50
TI,2023-08-08 21:04:34
TI,2023-11-02 19:06:56
TI,2024-02-12 19:25:09
TI,2024-05-21 19:36:15
TI,2024-08-12 17:52:39
TI,2024-11-04 18:34:51
TI,2025-02-04 19:21:39
TICL,2023-11-08 19:22:50
TICL,2024-02-08 18:34:27
TICL,2024-05-29 22:13:09
TICL,2024-08-10 15:11:03
TICL,2024-10-25 13:40:38
TICL,2025-02-15 10:52:33
TIIL,2021-02-11 18:27:15
TIIL,2021-06-25 18:16:40
TIIL,2021-08-12 18:13:52
TIIL,2021-11-12 17:37:17
TIIL,2022-02-14 17:36:04
TIIL,2022-05-27 17:39:34
TIIL,2023-02-08 18:29:03
TIIL,2023-05-29 18:09:08
TIIL,2023-08-11 17:40:42
TIIL,2023-11-10 17:55:52
TIIL,2024-02-13 17:45:24
TIIL,2024-05-29 17:58:23
TIIL,2024-08-13 18:48:54
TIIL,2024-11-12 17:41:48
TIIL,2025-02-11 18:16:15
TIINDIA,2021-02-11 14:37:21
TIINDIA,2021-06-17 17:30:12
TIINDIA,2021-08-13 14:03:32
TIINDIA,2021-10-27 17:16:40
TIINDIA,2022-02-07 14:52:48
TIINDIA,2022-05-12 18:57:47
TIINDIA,2023-02-03 14:44:03
TIINDIA,2023-05-15 14:18:33
TIINDIA,2023-08-03 13:53:41
TIINDIA,2023-10-30 14:02:24
TIINDIA,2024-02-01 13:05:13
TIINDIA,2024-05-13 14:04:07
TIINDIA,2024-08-01 14:14:30
TIINDIA,2024-11-04 13:38:56
TIINDIA,2025-02-03 13:57:03
TIJARIA,2021-02-12 15:19:17
TIJARIA,2021-06-28 16:52:24
TIJARIA,2021-08-13 14:37:34
TIJARIA,2021-11-11 14:03:32
TIJARIA,2022-02-11 16:35:52
TIJARIA,2022-05-25 16:59:01
TIJARIA,2023-02-14 18:09:17
TIJARIA,2023-05-29 17:23:19
TIJARIA,2023-05-30 18:11:46
TIJARIA,2023-08-03 18:29:52
TIJARIA,2023-11-08 16:21:52
TIJARIA,2024-02-10 16:12:29
TIJARIA,2024-05-15 16:16:24
TIJARIA,2024-08-09 17:22:30
TIJARIA,2024-11-11 16:20:51
TIJARIA,2025-02-12 17:51:14
TIL,2021-02-12 13:58:24
TIL,2021-05-31 13:41:10
TIL,2021-08-12 15:53:07
TIL,2021-11-12 13:43:18
TIL,2022-02-10 15:37:41
TIL,2022-12-17 16:25:58
TIL,2023-02-08 16:53:29
TIL,2023-05-26 22:00:55
TIL,2023-08-14 19:13:44
TIL,2023-11-14 18:48:36
TIL,2024-02-14 13:04:19
TIL,2024-05-28 16:41:42
TIL,2024-08-14 13:21:38
TIL,2024-11-08 15:11:47
TIL,2025-02-07 19:23:01
TIMESCAN,2022-05-30 20:14:51
TIMESCAN,2023-05-25 18:33:03
TIMESCAN,2023-11-10 15:21:57
TIMESCAN,2024-05-29 15:48:13
TIMESCAN,2024-11-13 17:36:18
TIMETECHNO,2021-02-12 18:11:10
TIMETECHNO,2021-05-28 17:00:02
TIMETECHNO,2021-08-13 15:15:32
TIMETECHNO,2021-11-12 14:52:07
TIMETECHNO,2022-02-12 17:16:54
TIMETECHNO,2022-05-28 17:27:30
TIMETECHNO,2023-02-14 18:04:41
TIMETECHNO,2023-05-29 15:28:36
TIMETECHNO,2023-08-10 14:06:59
TIMETECHNO,2023-11-10 14:29:29
TIMETECHNO,2024-02-12 19:52:00
TIMETECHNO,2024-05-23 19:43:01
TIMETECHNO,2024-08-12 20:58:28
TIMETECHNO,2024-11-11 19:59:27
TIMETECHNO,2025-02-11 20:53:41
TIMKEN,2021-02-12 18:17:49
TIMKEN,2021-06-18 20:32:22
TIMKEN,2021-08-09 19:37:28
TIMKEN,2021-11-10 19:38:09
TIMKEN,2022-02-02 19:31:53
TIMKEN,2022-05-27 21:02:45
TIMKEN,2023-02-01 19:26:36
TIMKEN,2023-05-17 13:57:30
TIMKEN,2023-08-11 20:39:51
TIMKEN,2023-11-10 19:33:26
TIMKEN,2024-02-06 19:22:16
TIMKEN,2024-05-09 12:51:44
TIMKEN,2024-08-08 20:39:44
TIMKEN,2024-11-05 19:37:48
TIMKEN,2025-02-05 20:04:06
TINPLATE,2021-01-20 16:29:24
TINPLATE,2021-04-15 15:15:49
TINPLATE,2021-07-14 18:32:19
TINPLATE,2021-11-15 20:03:35
TINPLATE,2022-01-14 17:53:46
TINPLATE,2022-04-12 14:29:43
TINPLATE,2023-01-16 18:30:27
TINPLATE,2023-04-27 18:58:11
TINPLATE,2023-07-17 14:58:40
TINPLATE,2023-10-16 15:18:34
TIPSFILMS,2023-02-09 15:08:32
TIPSFILMS,2023-05-29 16:10:45
TIPSFILMS,2023-07-28 18:36:51
TIPSFILMS,2023-10-27 14:46:02
TIPSFILMS,2024-01-31 15:16:14
TIPSFILMS,2024-04-30 14:24:58
TIPSFILMS,2024-07-25 14:52:05
TIPSFILMS,2024-10-21 14:00:31
TIPSFILMS,2025-02-05 14:39:57
TIPSMUSIC,2021-02-09 19:27:51
TIPSMUSIC,2021-06-14 17:02:53
TIPSMUSIC,2021-07-27 16:59:53
TIPSMUSIC,2021-10-29 17:39:04
TIPSMUSIC,2022-01-24 18:10:03
TIPSMUSIC,2022-05-31 11:53:30
TIPSMUSIC,2023-01-23 17:09:29
TIPSMUSIC,2023-05-12 17:50:16
TIPSMUSIC,2023-07-25 13:42:32
TIPSMUSIC,2023-10-18 13:20:25
TIPSMUSIC,2024-01-23 14:50:38
TIPSMUSIC,2024-04-29 13:33:54
TIPSMUSIC,2024-07-24 14:07:39
TIPSMUSIC,2024-10-16 14:10:18
TIPSMUSIC,2025-01-22 13:30:11
TIRUMALCHM,2021-02-11 13:37:47
TIRUMALCHM,2021-05-26 21:08:23
TIRUMALCHM,2021-07-20 14:30:59
TIRUMALCHM,2021-11-02 13:30:55
TIRUMALCHM,2022-01-28 12:39:25
TIRUMALCHM,2022-05-26 13:03:49
TIRUMALCHM,2023-01-25 15:58:39
TIRUMALCHM,2023-05-17 14:46:32
TIRUMALCHM,2023-07-22 13:05:04
TIRUMALCHM,2023-11-03 16:38:10
TIRUMALCHM,2024-02-06 15:51:03
TIRUMALCHM,2024-05-15 14:10:19
TIRUMALCHM,2024-07-24 12:43:43
TIRUMALCHM,2024-10-29 16:58:07
TIRUMALCHM,2025-01-28 16:47:27
TIRUPATI,2021-06-28 17:01:03
TIRUPATI,2021-11-13 16:38:04
TIRUPATI,2022-05-25 20:04:03
TIRUPATI,2023-05-30 19:57:49
TIRUPATI,2023-10-27 17:00:42
TIRUPATI,2024-05-30 19:09:00
TIRUPATI,2024-11-06 21:17:08
TIRUPATIFL,2021-02-09 17:29:13
TIRUPATIFL,2021-06-08 17:44:03
TIRUPATIFL,2021-08-03 17:32:10
TIRUPATIFL,2021-10-28 17:36:45
TIRUPATIFL,2022-02-08 17:07:58
TIRUPATIFL,2022-02-08 17:14:28
TIRUPATIFL,2022-05-10 17:47:19
TIRUPATIFL,2023-01-31 17:27:09
TIRUPATIFL,2023-05-12 18:55:17
TIRUPATIFL,2023-08-10 17:10:48
TIRUPATIFL,2023-11-07 17:11:57
TIRUPATIFL,2024-02-03 16:59:15
TIRUPATIFL,2024-05-10 17:30:27
TIRUPATIFL,2024-08-05 17:44:15
TIRUPATIFL,2024-11-14 17:37:32
TIRUPATIFL,2025-02-10 16:49:32
TITAGARH,2021-01-30 14:35:48
TITAGARH,2021-06-08 13:18:59
TITAGARH,2021-08-10 13:12:03
TITAGARH,2021-11-13 17:27:41
TITAGARH,2021-12-23 17:42:04
TITAGARH,2022-02-10 17:14:42
TITAGARH,2022-05-31 20:17:44
TITAGARH,2023-02-11 17:39:01
TITAGARH,2023-05-24 20:14:35
TITAGARH,2023-07-22 14:14:51
TITAGARH,2023-10-18 19:11:51
TITAGARH,2024-02-02 21:16:40
TITAGARH,2024-05-15 19:26:01
TITAGARH,2024-07-30 18:20:55
TITAGARH,2024-10-26 17:38:19
TITAGARH,2025-02-13 20:37:26
TITAN,2021-02-10 15:54:00
TITAN,2021-04-29 18:01:32
TITAN,2021-08-04 16:32:07
TITAN,2021-10-27 16:29:53
TITAN,2022-02-03 13:42:19
TITAN,2022-05-03 14:21:48
TITAN,2023-02-02 14:56:51
TITAN,2023-05-03 16:32:49
TITAN,2023-08-02 17:00:39
TITAN,2023-11-03 15:00:39
TITAN,2024-02-01 15:04:56
TITAN,2024-05-03 16:28:28
TITAN,2024-08-02 17:22:06
TITAN,2024-11-05 16:10:09
TITAN,2025-02-04 17:33:53
TMB,2023-01-23 16:42:15
TMB,2023-04-24 11:04:46
TMB,2023-07-24 12:32:08
TMB,2023-10-27 16:00:23
TMB,2024-01-22 13:40:29
TMB,2024-04-22 16:15:39
TMB,2024-08-02 16:45:38
TMB,2024-10-28 17:13:08
TMB,2025-01-29 17:02:08
TMPV,2021-01-29 16:00:58
TMPV,2021-05-18 16:47:36
TMPV,2021-07-12 14:49:08
TMPV,2021-07-26 16:21:09
TMPV,2021-11-01 16:21:53
TMPV,2022-01-31 15:54:24
TMPV,2022-05-12 16:13:09
TMPV,2023-01-25 16:36:27
TMPV,2023-05-12 16:35:07
TMPV,2023-07-25 15:40:05
TMPV,2023-11-02 15:45:43
TMPV,2024-02-02 16:13:57
TMPV,2024-05-10 15:40:42
TMPV,2024-08-01 16:12:15
TMPV,2024-11-08 15:59:09
TMPV,2025-01-29 16:26:02
TNPETRO,2021-02-08 16:07:12
TNPETRO,2021-06-28 17:51:49
TNPETRO,2021-08-09 15:12:59
TNPETRO,2021-11-08 15:56:18
TNPETRO,2022-02-09 16:28:35
TNPETRO,2022-05-23 18:03:38
TNPETRO,2023-02-06 13:18:07
TNPETRO,2023-05-23 17:46:40
TNPETRO,2023-08-08 17:14:32
TNPETRO,2023-11-02 17:35:20
TNPETRO,2024-02-08 17:04:59
TNPETRO,2024-05-14 18:00:46
TNPETRO,2024-08-06 16:39:14
TNPETRO,2024-11-11 13:54:38
TNPETRO,2025-02-04 18:48:28
TNPL,2021-02-11 18:54:27
TNPL,2021-06-25 20:51:53
TNPL,2021-06-25 20:51:58
TNPL,2021-06-25 21:16:08
TNPL,2021-08-12 20:38:12
TNPL,2021-11-12 18:20:34
TNPL,2022-02-11 18:59:51
TNPL,2022-05-18 20:33:25
TNPL,2023-05-24 19:26:32
TNPL,2023-08-11 18:32:08
TNPL,2023-11-10 18:51:11
TNPL,2024-02-01 19:01:33
TNPL,2024-05-24 20:14:17
TNPL,2024-05-24 20:52:03
TNPL,2024-08-13 19:37:15
TNPL,2024-11-13 17:55:43
TNPL,2025-02-13 18:16:54
TNTELE,2021-02-15 16:45:43
TNTELE,2021-07-01 06:56:36
TNTELE,2021-08-25 23:02:43
TNTELE,2021-11-15 22:50:46
TNTELE,2022-02-14 16:57:04
TNTELE,2022-06-03 19:42:29
TNTELE,2023-02-08 12:06:30
TNTELE,2023-05-30 18:04:22
TNTELE,2023-11-10 15:47:37
TNTELE,2024-02-15 10:51:59
TNTELE,2024-05-27 17:04:56
TNTELE,2024-08-13 17:09:29
TNTELE,2024-11-14 13:07:59
TNTELE,2025-02-14 14:09:32
TOKYOPLAST,2021-02-05 22:19:34
TOKYOPLAST,2021-07-01 17:44:31
TOKYOPLAST,2021-07-30 21:00:40
TOKYOPLAST,2021-11-12 21:54:18
TOKYOPLAST,2022-01-24 20:12:44
TOKYOPLAST,2022-05-14 14:11:35
TOKYOPLAST,2023-01-17 19:48:25
TOKYOPLAST,2023-05-13 01:29:53
TOKYOPLAST,2023-07-20 19:43:53
TOKYOPLAST,2023-11-08 17:15:31
TOKYOPLAST,2024-01-30 18:42:40
TOKYOPLAST,2024-05-28 23:37:27
TOKYOPLAST,2024-08-08 22:51:30
TOKYOPLAST,2024-10-22 23:34:01
TOKYOPLAST,2025-01-27 19:49:36
TOLINS,2024-10-04 19:49:34
TOLINS,2024-11-13 21:09:49
TOLINS,2025-02-11 19:53:23
TORNTPHARM,2021-02-08 15:57:12
TORNTPHARM,2021-02-08 16:27:24
TORNTPHARM,2021-05-18 16:04:40
TORNTPHARM,2021-07-27 16:59:22
TORNTPHARM,2021-10-26 17:48:43
TORNTPHARM,2022-01-25 17:50:20
TORNTPHARM,2022-05-25 17:48:18
TORNTPHARM,2023-01-25 16:37:49
TORNTPHARM,2023-05-30 16:57:33
TORNTPHARM,2023-08-07 16:40:11
TORNTPHARM,2023-10-25 12:06:28
TORNTPHARM,2024-02-02 13:54:08
TORNTPHARM,2024-05-24 17:47:58
TORNTPHARM,2024-07-23 17:20:28
TORNTPHARM,2024-10-25 17:17:28
TORNTPHARM,2025-01-24 16:43:13
TORNTPOWER,2021-02-09 16:51:46
TORNTPOWER,2021-05-20 17:59:57
TORNTPOWER,2021-08-06 17:23:56
TORNTPOWER,2021-10-27 17:54:22
TORNTPOWER,2021-10-27 17:58:08
TORNTPOWER,2022-02-03 17:37:38
TORNTPOWER,2022-05-10 18:02:21
TORNTPOWER,2023-02-14 16:42:03
TORNTPOWER,2023-05-29 17:29:48
TORNTPOWER,2023-08-10 17:05:30
TORNTPOWER,2023-11-09 16:53:01
TORNTPOWER,2024-02-08 18:20:54
TORNTPOWER,2024-05-22 17:25:56
TORNTPOWER,2024-07-30 18:10:02
TORNTPOWER,2024-11-13 17:03:22
TORNTPOWER,2025-02-04 17:57:09
TOTAL,2021-02-12 12:52:00
TOTAL,2021-06-28 13:00:25
TOTAL,2021-08-10 12:40:41
TOTAL,2021-11-11 18:22:52
TOTAL,2022-02-11 13:45:56
TOTAL,2022-05-26 16:26:12
TOTAL,2023-02-09 17:22:35
TOTAL,2023-05-30 16:45:54
TOTAL,2023-08-10 16:52:14
TOTAL,2023-11-13 14:15:56
TOTAL,2024-02-08 16:56:52
TOTAL,2024-05-27 18:59:13
TOTAL,2024-08-12 15:42:38
TOTAL,2024-11-11 18:30:08
TOTAL,2025-02-13 16:02:19
TOUCHWOOD,2021-01-28 13:37:18
TOUCHWOOD,2021-01-28 13:39:40
TOUCHWOOD,2021-06-29 13:26:39
TOUCHWOOD,2021-06-29 13:27:44
TOUCHWOOD,2021-08-11 13:35:47
TOUCHWOOD,2021-08-11 13:37:53
TOUCHWOOD,2021-11-01 13:09:59
TOUCHWOOD,2021-11-01 13:11:33
TOUCHWOOD,2022-02-11 13:19:55
TOUCHWOOD,2022-02-11 13:22:06
TOUCHWOOD,2022-05-26 13:02:08
TOUCHWOOD,2023-02-13 13:14:37
TOUCHWOOD,2023-05-23 16:12:50
TOUCHWOOD,2023-08-14 13:40:25
TOUCHWOOD,2023-11-09 16:41:51
TOUCHWOOD,2024-02-09 13:40:17
TOUCHWOOD,2024-05-21 16:10:55
TOUCHWOOD,2024-08-12 17:19:03
TOUCHWOOD,2024-11-13 13:28:11
TOUCHWOOD,2025-02-12 14:27:08
TPHQ,2021-02-03 16:55:39
TPHQ,2021-06-29 17:27:56
TPHQ,2021-07-30 18:20:10
TPHQ,2021-10-26 21:09:14
TPHQ,2022-01-10 18:55:35
TPHQ,2022-05-31 17:01:56
TPHQ,2023-01-10 17:57:48
TPHQ,2023-04-25 19:27:00
TPHQ,2023-07-13 16:44:00
TPHQ,2023-11-10 14:58:38
TPHQ,2024-01-29 16:10:30
TPHQ,2024-04-10 19:26:19
TPHQ,2024-07-12 15:56:18
TPHQ,2024-10-15 16:15:21
TPHQ,2025-01-09 15:48:17
TPLPLASTEH,2021-02-10 19:58:17
TPLPLASTEH,2021-05-26 20:07:26
TPLPLASTEH,2021-08-11 20:27:26
TPLPLASTEH,2021-11-10 18:47:30
TPLPLASTEH,2022-02-10 14:55:54
TPLPLASTEH,2022-05-26 20:10:01
TPLPLASTEH,2023-02-10 17:37:49
TPLPLASTEH,2023-05-26 18:23:31
TPLPLASTEH,2023-08-08 15:52:01
TPLPLASTEH,2023-11-08 15:42:15
TPLPLASTEH,2024-02-09 19:15:50
TPLPLASTEH,2024-05-22 18:18:28
TPLPLASTEH,2024-08-09 18:40:51
TPLPLASTEH,2024-11-08 20:20:32
TPLPLASTEH,2025-02-10 19:51:11
TRACXN,2023-02-08 16:03:54
TRACXN,2023-05-11 16:39:27
TRACXN,2023-08-01 16:33:24
TRACXN,2023-11-02 16:22:37
TRACXN,2024-01-31 15:44:43
TRACXN,2024-05-20 16:06:44
TRACXN,2024-07-31 15:38:34
TRACXN,2024-11-08 15:59:37
TRACXN,2025-02-10 16:47:29
TRANSRAILL,2025-01-15 16:12:38
TRANSRAILL,2025-02-10 17:12:19
TRANSTEEL,2023-11-14 18:17:45
TRANSTEEL,2024-05-24 20:07:23
TRANSTEEL,2024-11-14 21:29:13
TRANSWIND,2021-06-29 19:21:47
TRANSWIND,2021-10-28 12:40:49
TRANSWIND,2022-05-30 15:17:09
TRANSWIND,2023-05-30 18:45:39
TRANSWIND,2023-11-10 12:39:14
TRANSWIND,2024-05-30 18:17:34
TRANSWIND,2024-10-26 17:38:44
TRANSWORLD,2021-02-11 18:31:34
TRANSWORLD,2021-02-12 12:19:28
TRANSWORLD,2021-05-26 18:11:16
TRANSWORLD,2021-08-11 20:18:52
TRANSWORLD,2021-11-11 13:18:10
TRANSWORLD,2022-02-11 16:33:48
TRANSWORLD,2022-05-25 15:22:23
TRANSWORLD,2023-02-14 14:01:15
TRANSWORLD,2023-05-18 13:21:59
TRANSWORLD,2023-08-10 18:33:14
TRANSWORLD,2023-11-08 17:46:23
TRANSWORLD,2024-02-09 13:01:16
TRANSWORLD,2024-05-23 16:21:05
TRANSWORLD,2024-08-08 13:51:19
TRANSWORLD,2024-11-13 16:10:26
TRANSWORLD,2025-02-12 14:38:32
TREEHOUSE,2021-02-12 17:48:45
TREEHOUSE,2021-06-25 19:25:00
TREEHOUSE,2021-08-12 17:55:53
TREEHOUSE,2021-11-01 18:28:06
TREEHOUSE,2022-02-09 19:22:13
TREEHOUSE,2022-05-25 18:52:16
TREEHOUSE,2023-02-10 15:39:53
TREEHOUSE,2023-05-18 17:54:58
TREEHOUSE,2023-08-03 17:51:26
TREEHOUSE,2023-11-06 13:11:15
TREEHOUSE,2024-01-12 17:53:05
TREEHOUSE,2024-05-03 17:54:15
TREEHOUSE,2024-07-19 17:35:18
TREEHOUSE,2024-10-18 17:05:07
TREEHOUSE,2025-01-24 17:29:08
TREJHARA,2021-02-10 13:20:10
TREJHARA,2021-06-18 14:22:29
TREJHARA,2021-07-30 13:17:56
TREJHARA,2021-10-29 13:45:07
TREJHARA,2022-02-08 14:13:57
TREJHARA,2022-05-26 15:39:46
TREJHARA,2023-02-13 16:43:31
TREJHARA,2023-05-30 18:17:44
TREJHARA,2023-08-10 15:48:54
TREJHARA,2023-11-09 19:00:27
TREJHARA,2024-02-12 20:46:14
TREJHARA,2024-05-23 19:27:31
TREJHARA,2024-07-26 16:20:48
TREJHARA,2024-10-25 15:39:46
TREJHARA,2025-02-10 21:27:02
TREL,2023-11-10 17:48:02
TREL,2024-02-02 16:24:56
TREL,2024-05-21 18:48:59
TREL,2024-08-07 17:21:30
TREL,2024-10-29 17:03:09
TREL,2025-01-30 18:07:28
TRENT,2021-02-04 18:22:12
TRENT,2021-02-04 19:44:56
TRENT,2021-04-30 18:44:52
TRENT,2021-08-10 18:49:25
TRENT,2021-11-02 18:21:24
TRENT,2022-02-10 19:31:33
TRENT,2022-04-27 17:10:44
TRENT,2023-02-08 19:16:40
TRENT,2023-04-27 18:18:29
TRENT,2023-08-09 14:25:38
TRENT,2023-11-07 14:04:01
TRENT,2024-02-07 13:04:46
TRENT,2024-04-29 15:09:53
TRENT,2024-08-09 12:42:40
TRENT,2024-11-07 12:10:38
TRENT,2025-02-06 12:54:30
TRF,2021-02-12 18:18:13
TRF,2021-05-31 18:15:28
TRF,2021-06-01 16:06:12
TRF,2021-08-03 18:49:34
TRF,2021-11-12 22:01:58
TRF,2022-02-08 17:49:27
TRF,2022-05-23 20:41:55
TRF,2023-02-09 19:16:47
TRF,2023-05-05 18:39:08
TRF,2023-07-19 17:20:13
TRF,2023-10-27 18:20:24
TRF,2024-02-12 22:04:23
TRF,2024-05-15 18:46:53
TRF,2024-07-24 14:16:03
TRF,2024-10-23 17:39:54
TRF,2025-01-30 17:59:00
TRIDENT,2021-01-18 14:31:16
TRIDENT,2021-05-15 15:04:22
TRIDENT,2021-08-12 15:42:09
TRIDENT,2021-10-21 19:26:22
TRIDENT,2022-01-18 15:31:16
TRIDENT,2022-01-19 12:56:04
TRIDENT,2022-05-30 16:04:13
TRIDENT,2023-01-30 16:01:43
TRIDENT,2023-05-24 19:12:36
TRIDENT,2023-07-27 16:27:22
TRIDENT,2023-11-14 18:15:35
TRIDENT,2024-02-06 13:40:50
TRIDENT,2024-05-18 18:09:52
TRIDENT,2024-07-24 17:22:20
TRIDENT,2024-11-06 14:35:26
TRIDENT,2025-01-24 17:49:26
TRIDHYA,2023-11-10 18:00:16
TRIDHYA,2023-11-11 14:30:45
TRIDHYA,2024-05-24 19:26:54
TRIDHYA,2024-10-23 19:10:38
TRIGYN,2021-02-09 20:38:53
TRIGYN,2021-05-12 22:05:39
TRIGYN,2021-08-11 20:32:59
TRIGYN,2021-11-11 20:32:04
TRIGYN,2022-02-10 20:01:20
TRIGYN,2022-05-09 19:07:43
TRIGYN,2023-02-10 20:47:43
TRIGYN,2023-05-30 20:19:23
TRIGYN,2023-08-11 20:29:53
TRIGYN,2023-11-09 21:34:10
TRIGYN,2024-02-08 21:23:53
TRIGYN,2024-05-29 20:24:13
TRIGYN,2024-08-14 13:34:02
TRIGYN,2024-11-13 20:02:15
TRIGYN,2025-02-05 21:08:34
TRITURBINE,2021-02-01 18:05:08
TRITURBINE,2021-06-28 15:36:36
TRITURBINE,2021-08-13 17:31:13
TRITURBINE,2021-10-26 19:40:53
TRITURBINE,2022-02-01 16:14:39
TRITURBINE,2022-05-13 19:50:55
TRITURBINE,2023-01-23 17:38:36
TRITURBINE,2023-05-16 18:45:28
TRITURBINE,2023-08-01 14:27:12
TRITURBINE,2023-11-01 15:27:14
TRITURBINE,2024-02-05 16:20:11
TRITURBINE,2024-05-16 17:36:53
TRITURBINE,2024-08-05 16:42:51
TRITURBINE,2024-11-11 18:42:32
TRITURBINE,2025-01-31 19:20:08
TRIVENI,2021-02-03 18:42:16
TRIVENI,2021-06-29 20:54:02
TRIVENI,2021-08-14 15:50:00
TRIVENI,2021-10-27 18:57:50
TRIVENI,2022-02-02 19:39:18
TRIVENI,2022-05-14 19:52:48
TRIVENI,2023-01-24 17:55:02
TRIVENI,2023-05-25 19:58:08
TRIVENI,2023-07-25 17:02:54
TRIVENI,2023-10-30 18:02:57
TRIVENI,2024-01-30 20:56:26
TRIVENI,2024-05-20 19:16:49
TRIVENI,2024-08-01 17:04:02
TRIVENI,2024-11-05 18:22:52
TRIVENI,2025-02-04 20:49:14
TROM,2024-11-14 13:17:14
TRU,2023-08-11 18:20:07
TRU,2023-11-09 18:34:02
TRU,2024-02-13 18:23:13
TRU,2024-05-28 19:00:44
TRU,2024-08-13 17:34:24
TRU,2024-11-04 18:16:08
TRU,2025-02-13 18:03:46
TRUST,2024-05-27 17:24:55
TRUST,2024-11-14 19:19:19
TSFINV,2021-02-01 17:44:36
TSFINV,2021-05-24 19:56:26
TSFINV,2021-08-05 13:38:57
TSFINV,2021-11-02 15:09:05
TSFINV,2022-02-03 14:20:17
TSFINV,2022-05-24 14:28:07
TSFINV,2023-02-02 13:23:25
TSFINV,2023-05-24 14:35:29
TSFINV,2023-08-02 14:38:30
TSFINV,2023-11-02 13:47:16
TSFINV,2024-01-31 15:11:21
TSFINV,2024-05-21 19:23:43
TSFINV,2024-08-01 12:54:29
TSFINV,2024-11-05 13:33:24
TSFINV,2025-01-29 13:56:07
TTKHLTCARE,2021-02-04 12:42:23
TTKHLTCARE,2021-05-27 13:28:25
TTKHLTCARE,2021-08-05 12:33:54
TTKHLTCARE,2021-10-29 12:43:08
TTKHLTCARE,2022-02-09 12:40:48
TTKHLTCARE,2022-05-23 13:04:21
TTKHLTCARE,2023-02-07 13:17:32
TTKHLTCARE,2023-05-23 13:22:26
TTKHLTCARE,2023-08-01 13:11:02
TTKHLTCARE,2023-11-03 13:21:38
TTKHLTCARE,2024-02-02 13:23:20
TTKHLTCARE,2024-05-24 13:41:32
TTKHLTCARE,2024-08-02 13:06:12
TTKHLTCARE,2024-10-25 13:12:20
TTKHLTCARE,2025-01-24 13:30:46
TTKPRESTIG,2021-02-10 12:57:03
TTKPRESTIG,2021-05-25 13:43:49
TTKPRESTIG,2021-07-27 12:25:56
TTKPRESTIG,2021-10-27 12:42:21
TTKPRESTIG,2022-02-01 11:07:31
TTKPRESTIG,2022-05-28 12:47:45
TTKPRESTIG,2023-01-31 13:15:01
TTKPRESTIG,2023-05-25 13:08:34
TTKPRESTIG,2023-08-11 12:57:36
TTKPRESTIG,2023-10-27 11:02:48
TTKPRESTIG,2024-02-06 17:09:56
TTKPRESTIG,2024-05-28 13:31:31
TTKPRESTIG,2024-07-26 13:03:37
TTKPRESTIG,2024-10-30 14:13:52
TTKPRESTIG,2025-01-28 13:14:34
TTL,2021-02-10 17:28:36
TTL,2021-06-30 19:05:31
TTL,2021-08-04 18:30:24
TTL,2021-10-20 18:16:02
TTL,2022-01-19 18:24:07
TTL,2022-05-11 16:43:16
TTL,2023-02-08 13:26:40
TTL,2023-05-17 16:58:18
TTL,2023-08-09 17:25:58
TTL,2023-11-08 16:03:15
TTL,2024-01-24 15:44:54
TTL,2024-05-23 17:55:02
TTL,2024-08-14 15:41:51
TTL,2024-10-24 13:19:44
TTL,2025-02-10 14:08:14
TTML,2021-02-10 14:22:01
TTML,2021-04-26 14:25:34
TTML,2021-08-10 13:55:10
TTML,2021-11-10 15:00:06
TTML,2022-02-08 13:01:29
TTML,2022-04-26 14:38:10
TTML,2023-02-07 12:23:42
TTML,2023-04-24 15:31:28
TTML,2023-07-27 11:24:56
TTML,2023-10-26 13:11:03
TTML,2024-02-06 12:49:19
TTML,2024-04-25 13:25:00
TTML,2024-07-24 11:33:21
TTML,2024-10-24 13:25:34
TTML,2025-01-23 11:21:27
TULSI,2024-08-27 18:01:47
TULSI,2024-11-14 18:50:31
TULSI,2025-02-14 18:04:13
TUNWAL,2024-11-14 18:19:30
TV18BRDCST,2021-01-19 17:41:02
TV18BRDCST,2021-04-20 18:26:06
TV18BRDCST,2021-07-20 17:14:55
TV18BRDCST,2021-10-19 13:30:35
TV18BRDCST,2022-01-18 13:55:56
TV18BRDCST,2022-05-03 13:42:06
TV18BRDCST,2023-01-17 11:41:31
TV18BRDCST,2023-04-17 20:26:23
TV18BRDCST,2023-07-18 18:09:53
TV18BRDCST,2023-10-25 11:20:44
TV18BRDCST,2024-01-16 17:20:59
TV18BRDCST,2024-04-18 17:25:33
TV18BRDCST,2024-07-16 16:59:33
TVSELECT,2021-02-13 14:52:06
TVSELECT,2021-05-22 17:22:45
TVSELECT,2021-08-14 14:41:36
TVSELECT,2021-11-13 17:04:13
TVSELECT,2022-02-12 15:09:21
TVSELECT,2022-05-14 20:42:51
TVSELECT,2023-02-11 14:40:35
TVSELECT,2023-05-06 18:04:18
TVSELECT,2023-08-05 18:35:32
TVSELECT,2023-11-11 15:06:32
TVSELECT,2024-02-10 17:57:03
TVSELECT,2024-05-09 18:48:22
TVSELECT,2024-08-10 18:19:33
TVSELECT,2024-11-09 17:56:12
TVSELECT,2025-02-13 18:33:14
TVSHLTD,2021-01-29 16:03:35
TVSHLTD,2021-01-29 16:26:24
TVSHLTD,2021-04-28 16:53:17
TVSHLTD,2021-07-30 13:51:28
TVSHLTD,2021-10-22 15:11:35
TVSHLTD,2022-02-09 16:30:22
TVSHLTD,2022-05-06 15:47:24
TVSHLTD,2023-01-25 15:35:41
TVSHLTD,2023-05-05 16:38:37
TVSHLTD,2023-07-25 14:13:24
TVSHLTD,2023-10-30 20:00:40
TVSHLTD,2024-01-25 15:45:48
TVSHLTD,2024-05-09 15:22:36
TVSHLTD,2024-08-08 13:10:10
TVSHLTD,2024-10-23 16:55:33
TVSHLTD,2025-01-28 15:39:31
TVSMOTOR,2021-01-28 16:47:21
TVSMOTOR,2021-04-27 18:43:01
TVSMOTOR,2021-07-29 17:24:18
TVSMOTOR,2021-10-21 16:44:46
TVSMOTOR,2022-02-07 16:45:21
TVSMOTOR,2022-05-05 16:20:02
TVSMOTOR,2023-01-24 17:19:20
TVSMOTOR,2023-05-04 17:33:25
TVSMOTOR,2023-07-24 14:46:18
TVSMOTOR,2023-10-30 16:46:35
TVSMOTOR,2024-01-24 16:46:41
TVSMOTOR,2024-05-08 16:49:59
TVSMOTOR,2024-08-06 13:46:18
TVSMOTOR,2024-10-23 15:04:47
TVSMOTOR,2025-01-28 13:13:23
TVSSCS,2023-09-12 18:46:57
TVSSCS,2023-11-06 20:42:49
TVSSCS,2024-02-05 21:04:26
TVSSCS,2024-05-27 21:15:16
TVSSCS,2024-07-30 18:56:54
TVSSCS,2024-11-11 18:49:30
TVSSCS,2025-02-10 19:50:02
TVSSRICHAK,2021-02-11 12:43:12
TVSSRICHAK,2021-05-25 12:02:46
TVSSRICHAK,2021-08-06 12:03:44
TVSSRICHAK,2021-11-11 12:33:13
TVSSRICHAK,2022-02-12 13:59:13
TVSSRICHAK,2022-02-12 14:02:22
TVSSRICHAK,2022-05-25 13:46:14
TVSSRICHAK,2023-02-09 13:54:45
TVSSRICHAK,2023-05-23 13:05:21
TVSSRICHAK,2023-08-10 12:58:30
TVSSRICHAK,2023-11-09 13:32:45
TVSSRICHAK,2024-02-13 13:32:17
TVSSRICHAK,2024-05-11 15:01:05
TVSSRICHAK,2024-08-07 16:12:46
TVSSRICHAK,2024-11-12 18:23:39
TVSSRICHAK,2025-02-12 12:51:25
TVTODAY,2021-02-12 13:27:58
TVTODAY,2021-05-28 14:05:03
TVTODAY,2021-08-13 13:10:08
TVTODAY,2021-10-29 13:02:09
TVTODAY,2022-02-11 13:19:54
TVTODAY,2022-05-12 13:31:29
TVTODAY,2023-02-03 14:05:53
TVTODAY,2023-05-16 14:47:23
TVTODAY,2023-08-11 15:53:17
TVTODAY,2023-11-01 15:13:13
TVTODAY,2024-02-09 15:59:49
TVTODAY,2024-05-17 14:18:20
TVTODAY,2024-08-01 14:11:23
TVTODAY,2024-10-28 13:53:27
TVTODAY,2025-02-11 17:35:21
TVVISION,2021-02-12 14:14:09
TVVISION,2021-06-01 13:21:09
TVVISION,2021-08-11 19:19:59
TVVISION,2021-11-10 18:35:05
TVVISION,2022-02-10 14:20:01
TVVISION,2022-05-20 16:20:28
TVVISION,2023-01-31 12:55:58
TVVISION,2023-05-29 12:27:23
TVVISION,2023-08-11 15:20:16
TVVISION,2023-11-09 13:44:57
TVVISION,2024-02-12 15:34:55
TVVISION,2024-05-24 16:29:37
TVVISION,2024-08-13 12:45:26
TVVISION,2024-10-28 15:09:59
TVVISION,2025-01-30 14:38:55
UBL,2021-01-28 18:24:47
UBL,2021-04-19 11:22:03
UBL,2021-04-27 18:58:54
UBL,2021-07-28 16:54:54
UBL,2021-10-27 17:47:13
UBL,2022-01-28 17:20:18
UBL,2022-04-26 19:40:25
UBL,2023-02-09 18:10:53
UBL,2023-05-04 19:46:01
UBL,2023-07-28 18:51:27
UBL,2023-10-19 20:07:45
UBL,2024-02-08 18:29:52
UBL,2024-05-07 20:30:34
UBL,2024-07-25 18:11:36
UBL,2024-10-24 16:37:26
UBL,2025-02-13 20:33:43
UCAL,2021-02-12 17:29:55
UCAL,2021-06-30 20:02:23
UCAL,2021-08-13 18:13:47
UCAL,2021-11-11 17:25:36
UCAL,2022-02-11 15:58:59
UCAL,2022-05-18 19:13:30
UCAL,2023-02-10 12:38:45
UCAL,2023-05-29 13:24:28
UCAL,2023-08-10 14:43:00
UCAL,2023-11-08 13:47:32
UCAL,2024-02-14 13:51:47
UCAL,2024-05-29 14:36:05
UCAL,2024-08-14 12:43:00
UCAL,2024-11-12 15:02:33
UCAL,2025-02-14 12:51:03
UCL,2021-06-28 17:15:44
UCL,2021-11-12 17:09:57
UCL,2022-05-26 17:47:13
UCL,2023-05-29 16:48:50
UCL,2023-11-11 15:41:38
UCL,2024-05-29 19:42:17
UCL,2024-11-13 18:18:23
UCOBANK,2021-01-25 11:46:40
UCOBANK,2021-05-27 15:30:56
UCOBANK,2021-07-27 11:49:31
UCOBANK,2021-10-28 11:57:28
UCOBANK,2022-01-31 17:04:49
UCOBANK,2022-05-13 15:27:30
UCOBANK,2023-01-24 13:34:54
UCOBANK,2023-05-02 15:02:08
UCOBANK,2023-07-28 17:24:46
UCOBANK,2023-11-03 13:47:48
UCOBANK,2024-01-24 15:17:59
UCOBANK,2024-04-29 19:33:01
UCOBANK,2024-07-22 13:53:08
UCOBANK,2024-10-19 15:29:59
UCOBANK,2025-01-21 14:03:35
UDAICEMENT,2024-05-17 17:04:39
UDAICEMENT,2024-07-15 15:32:45
UDAICEMENT,2024-10-23 15:19:31
UDAICEMENT,2025-01-28 17:04:26
UDS,2023-10-19 18:24:15
UDS,2023-11-07 18:36:22
UDS,2024-02-10 15:58:48
UDS,2024-05-20 22:16:22
UDS,2024-08-05 19:29:21
UDS,2024-10-29 18:19:04
UDS,2025-01-27 20:17:09
UEL,2024-06-01 20:32:56
UEL,2024-08-13 19:52:25
UEL,2024-11-12 18:39:32
UEL,2025-01-22 18:29:21
UFBL,2021-05-24 16:01:14
UFBL,2021-05-25 13:18:36
UFBL,2021-08-03 13:34:10
UFBL,2021-10-29 13:51:22
UFBL,2022-02-03 12:28:52
UFBL,2022-05-18 15:22:13
UFBL,2023-02-07 15:15:31
UFBL,2023-05-27 14:51:05
UFBL,2023-08-07 15:03:54
UFBL,2023-11-06 14:25:47
UFBL,2024-02-05 14:53:59
UFBL,2024-05-23 16:21:48
UFBL,2024-07-31 14:20:35
UFBL,2024-11-12 16:01:08
UFBL,2025-02-03 13:26:31
UFLEX,2021-02-11 19:26:33
UFLEX,2021-06-29 19:20:41
UFLEX,2021-08-14 19:22:32
UFLEX,2021-11-03 17:29:54
UFLEX,2022-02-11 19:25:17
UFLEX,2022-05-28 16:08:34
UFLEX,2023-02-14 19:03:49
UFLEX,2023-05-30 17:43:08
UFLEX,2023-08-14 20:33:24
UFLEX,2023-11-14 19:49:02
UFLEX,2024-02-10 20:14:13
UFLEX,2024-05-28 20:25:40
UFLEX,2024-08-12 18:13:00
UFLEX,2024-11-13 20:17:12
UFLEX,2025-02-14 20:26:08
UFO,2021-02-10 17:18:06
UFO,2021-05-26 18:55:13
UFO,2021-07-29 18:12:26
UFO,2021-11-11 16:30:13
UFO,2022-02-04 15:20:33
UFO,2022-02-04 15:46:01
UFO,2022-05-26 21:09:09
UFO,2023-02-06 16:13:39
UFO,2023-05-25 17:04:47
UFO,2023-07-31 15:48:13
UFO,2023-11-02 18:45:08
UFO,2024-02-01 18:16:46
UFO,2024-05-23 18:08:20
UFO,2024-08-01 17:34:42
UFO,2024-10-29 16:22:18
UFO,2025-01-30 13:41:46
UGARSUGAR,2021-02-10 16:45:20
UGARSUGAR,2021-05-28 18:02:47
UGARSUGAR,2021-05-28 18:03:25
UGARSUGAR,2021-08-12 17:29:46
UGARSUGAR,2021-11-10 17:37:53
UGARSUGAR,2021-11-10 17:38:39
UGARSUGAR,2022-02-04 17:08:06
UGARSUGAR,2022-02-04 17:09:12
UGARSUGAR,2022-05-23 16:52:51
UGARSUGAR,2022-05-23 16:53:43
UGARSUGAR,2023-02-10 16:53:33
UGARSUGAR,2023-05-08 19:40:38
UGARSUGAR,2023-08-10 18:35:03
UGARSUGAR,2023-11-08 15:18:48
UGARSUGAR,2024-02-13 15:11:31
UGARSUGAR,2024-05-28 15:45:27
UGARSUGAR,2024-08-13 16:19:17
UGARSUGAR,2024-11-13 16:50:06
UGARSUGAR,2025-02-05 16:50:59
UGROCAP,2021-08-11 19:03:51
UGROCAP,2021-11-02 20:14:00
UGROCAP,2022-02-08 21:58:05
UGROCAP,2022-05-24 20:19:53
UGROCAP,2023-01-25 18:08:37
UGROCAP,2023-05-15 19:16:25
UGROCAP,2023-08-01 18:21:48
UGROCAP,2023-10-26 17:28:51
UGROCAP,2024-01-23 18:40:37
UGROCAP,2024-05-02 17:31:10
UGROCAP,2024-07-31 16:10:49
UGROCAP,2024-10-22 19:13:55
UGROCAP,2025-01-24 19:02:15
UHTL,2024-11-18 17:21:49
UJAAS,2021-02-12 20:07:30
UJAAS,2021-06-30 21:59:19
UJAAS,2021-08-13 20:52:17
UJAAS,2021-10-30 19:35:20
UJAAS,2022-01-31 19:31:50
UJAAS,2022-05-31 00:10:14
UJAAS,2023-02-10 18:12:07
UJAAS,2023-05-30 20:59:08
UJAAS,2023-08-01 19:32:01
UJAAS,2023-10-24 18:24:58
UJAAS,2024-02-12 22:07:16
UJJIVAN,2021-02-10 17:17:58
UJJIVAN,2021-05-28 17:51:58
UJJIVAN,2021-08-12 16:32:18
UJJIVAN,2021-11-13 12:49:18
UJJIVAN,2022-02-11 16:04:15
UJJIVAN,2022-05-19 17:49:59
UJJIVAN,2023-02-09 16:09:05
UJJIVAN,2023-05-18 15:36:41
UJJIVAN,2023-08-07 15:34:59
UJJIVAN,2023-11-06 16:04:44
UJJIVAN,2024-02-02 15:52:57
UJJIVANSFB,2021-02-03 17:08:09
UJJIVANSFB,2021-05-18 16:48:07
UJJIVANSFB,2021-08-06 17:04:24
UJJIVANSFB,2021-11-08 18:47:36
UJJIVANSFB,2021-11-10 17:05:04
UJJIVANSFB,2022-02-05 17:30:40
UJJIVANSFB,2022-05-12 16:34:57
UJJIVANSFB,2023-02-02 13:26:12
UJJIVANSFB,2023-05-11 14:22:59
UJJIVANSFB,2023-07-27 13:22:29
UJJIVANSFB,2023-10-27 12:51:53
UJJIVANSFB,2024-01-24 12:59:34
UJJIVANSFB,2024-05-18 12:58:28
UJJIVANSFB,2024-07-25 12:43:17
UJJIVANSFB,2024-10-24 12:48:09
UJJIVANSFB,2025-01-23 17:25:01
ULTRACEMCO,2021-01-23 13:28:15
ULTRACEMCO,2021-05-07 20:19:17
ULTRACEMCO,2021-07-22 13:38:38
ULTRACEMCO,2021-10-18 13:54:28
ULTRACEMCO,2022-01-17 14:01:02
ULTRACEMCO,2022-04-29 14:26:04
ULTRACEMCO,2023-01-21 13:25:51
ULTRACEMCO,2023-04-28 16:13:41
ULTRACEMCO,2023-07-21 13:48:40
ULTRACEMCO,2023-10-19 14:20:34
ULTRACEMCO,2024-01-19 13:10:58
ULTRACEMCO,2024-04-29 14:55:26
ULTRACEMCO,2024-07-19 14:46:27
ULTRACEMCO,2024-10-21 14:02:48
ULTRACEMCO,2025-01-23 13:56:45
UMA,2023-05-15 21:40:18
UMA,2023-08-14 12:56:23
UMA,2023-11-08 17:55:20
UMA,2024-05-16 15:37:23
UMA,2024-11-14 18:07:17
UMAEXPORTS,2022-05-23 19:36:16
UMAEXPORTS,2023-02-08 19:23:05
UMAEXPORTS,2023-05-23 20:26:33
UMAEXPORTS,2023-08-07 17:19:15
UMAEXPORTS,2023-11-11 16:15:15
UMAEXPORTS,2024-02-09 17:16:45
UMAEXPORTS,2024-05-29 20:41:13
UMAEXPORTS,2024-08-13 17:57:10
UMAEXPORTS,2024-11-14 19:57:40
UMAEXPORTS,2025-02-14 18:24:33
UMANGDAIRY,2021-01-30 15:11:24
UMANGDAIRY,2021-05-18 16:17:04
UMANGDAIRY,2021-08-06 15:36:24
UMANGDAIRY,2021-10-28 17:15:43
UMANGDAIRY,2022-02-04 17:00:48
UMANGDAIRY,2022-05-20 17:23:06
UMANGDAIRY,2023-02-08 16:37:34
UMANGDAIRY,2023-05-19 16:37:11
UMANGDAIRY,2023-08-04 17:39:44
UMANGDAIRY,2023-11-07 16:20:11
UMANGDAIRY,2024-02-06 16:10:42
UMANGDAIRY,2024-05-22 15:54:47
UMANGDAIRY,2024-08-07 15:50:23
UMANGDAIRY,2024-11-06 16:04:23
UMANGDAIRY,2025-02-06 15:53:33
UMESLTD,2021-02-04 17:09:13
UMESLTD,2021-06-29 15:59:22
UMESLTD,2021-08-12 16:14:46
UMESLTD,2021-11-12 15:43:01
UMESLTD,2022-01-25 17:18:10
UMESLTD,2022-05-25 17:19:53
UMESLTD,2023-02-13 12:58:33
UMESLTD,2023-05-25 15:19:58
UMESLTD,2023-08-11 16:50:42
UMESLTD,2023-11-10 16:52:32
UMESLTD,2024-02-07 16:25:42
UMESLTD,2024-05-27 15:22:31
UMESLTD,2024-08-13 16:00:11
UMESLTD,2024-11-14 12:41:59
UMESLTD,2025-02-06 12:10:51
UMIYA-MRO,2021-02-03 17:01:10
UMIYA-MRO,2021-06-30 16:42:52
UMIYA-MRO,2021-08-13 13:23:06
UMIYA-MRO,2021-11-11 17:18:52
UMIYA-MRO,2022-02-09 17:02:56
UMIYA-MRO,2022-05-26 17:41:50
UMIYA-MRO,2023-01-24 17:20:10
UMIYA-MRO,2023-05-09 18:05:32
UMIYA-MRO,2023-08-05 14:54:49
UMIYA-MRO,2023-11-09 17:43:29
UMIYA-MRO,2024-02-12 16:24:54
UMIYA-MRO,2024-05-16 16:54:09
UMIYA-MRO,2024-08-02 16:31:56
UMIYA-MRO,2024-11-13 17:13:42
UMIYA-MRO,2025-01-17 16:57:58
UNICHEMLAB,2021-01-30 13:16:23
UNICHEMLAB,2021-05-29 20:15:40
UNICHEMLAB,2021-07-31 13:11:29
UNICHEMLAB,2021-11-02 15:09:30
UNICHEMLAB,2022-01-29 15:00:12
UNICHEMLAB,2022-05-27 15:35:07
UNICHEMLAB,2023-02-06 13:45:23
UNICHEMLAB,2023-05-23 13:36:46
UNICHEMLAB,2023-07-14 15:22:23
UNICHEMLAB,2023-11-01 13:21:25
UNICHEMLAB,2024-02-05 14:14:24
UNICHEMLAB,2024-05-22 14:31:43
UNICHEMLAB,2024-08-08 13:02:40
UNICHEMLAB,2024-11-13 14:08:22
UNICHEMLAB,2025-02-06 13:23:35
UNIDT,2021-02-13 17:47:15
UNIDT,2021-06-25 15:07:47
UNIDT,2021-06-26 17:32:48
UNIDT,2021-07-24 15:25:51
UNIDT,2021-11-11 12:41:39
UNIDT,2022-02-09 17:26:03
UNIDT,2022-05-25 17:30:08
UNIDT,2023-02-11 17:19:05
UNIDT,2023-05-29 16:08:55
UNIDT,2023-08-14 16:36:05
UNIDT,2023-11-10 19:32:16
UNIDT,2024-02-09 19:27:47
UNIDT,2024-05-24 19:33:24
UNIDT,2024-08-13 20:08:31
UNIDT,2024-11-12 17:46:59
UNIDT,2025-02-07 17:17:33
UNIECOM,2024-08-30 18:36:30
UNIECOM,2024-10-28 19:03:44
UNIECOM,2025-01-31 20:11:15
UNIENTER,2021-02-12 15:15:45
UNIENTER,2021-05-26 20:03:56
UNIENTER,2021-08-10 15:57:36
UNIENTER,2021-11-12 16:47:45
UNIENTER,2022-02-07 16:18:26
UNIENTER,2022-05-24 15:49:02
UNIENTER,2023-05-26 17:33:19
UNIENTER,2023-08-09 16:04:54
UNIENTER,2023-11-08 16:29:39
UNIENTER,2024-02-13 16:53:20
UNIENTER,2024-05-28 17:18:58
UNIENTER,2024-08-13 16:42:42
UNIENTER,2024-11-14 16:52:38
UNIENTER,2025-02-13 16:34:20
UNIHEALTH,2023-11-08 12:58:54
UNIHEALTH,2024-05-23 15:19:25
UNIHEALTH,2024-11-11 14:18:56
UNIINFO,2021-06-30 17:55:21
UNIINFO,2021-11-13 17:55:13
UNIINFO,2022-02-14 16:49:32
UNIINFO,2022-05-30 19:24:52
UNIINFO,2022-05-30 20:09:51
UNIINFO,2023-02-14 16:22:54
UNIINFO,2023-05-26 18:37:20
UNIINFO,2023-08-11 17:58:33
UNIINFO,2023-11-09 16:59:56
UNIINFO,2024-02-14 17:37:26
UNIINFO,2024-05-27 17:27:35
UNIINFO,2024-08-14 17:30:32
UNIINFO,2024-11-13 18:04:47
UNIINFO,2025-02-14 17:54:53
UNILEX,2024-10-25 13:32:38
UNIMECH,2025-02-14 18:20:43
UNIONBANK,2021-01-29 14:59:42
UNIONBANK,2021-06-07 15:50:05
UNIONBANK,2021-07-29 15:22:14
UNIONBANK,2021-11-02 14:15:18
UNIONBANK,2022-02-07 13:53:43
UNIONBANK,2023-01-20 13:21:48
UNIONBANK,2023-05-06 13:42:55
UNIONBANK,2023-07-20 19:56:04
UNIONBANK,2023-10-27 19:06:22
UNIONBANK,2024-01-20 14:06:46
UNIONBANK,2024-05-10 19:57:19
UNIONBANK,2024-07-19 19:30:00
UNIONBANK,2024-10-21 19:58:04
UNIONBANK,2025-01-27 20:28:29
UNIPARTS,2023-02-14 19:19:41
UNIPARTS,2023-05-25 19:23:05
UNIPARTS,2023-08-10 13:13:59
UNIPARTS,2023-11-09 19:50:51
UNIPARTS,2024-02-08 19:48:58
UNIPARTS,2024-05-28 15:13:06
UNIPARTS,2024-08-08 19:38:46
UNIPARTS,2024-11-07 18:46:27
UNIPARTS,2025-02-06 20:06:28
UNIPLY,2021-02-23 00:14:00
UNIPLY,2021-02-23 05:03:24
UNIPLY,2021-02-25 00:06:40
UNIPLY,2021-02-25 13:27:17
UNITDSPR,2021-01-27 18:55:51
UNITDSPR,2021-01-27 18:58:35
UNITDSPR,2021-05-21 17:10:23
UNITDSPR,2021-07-23 17:37:27
UNITDSPR,2021-10-27 15:23:26
UNITDSPR,2022-01-25 17:10:32
UNITDSPR,2022-05-27 17:38:45
UNITDSPR,2023-01-24 18:59:24
UNITDSPR,2023-05-18 18:17:07
UNITDSPR,2023-07-20 16:12:07
UNITDSPR,2023-11-08 17:37:54
UNITDSPR,2024-01-23 17:25:28
UNITDSPR,2024-05-24 18:17:17
UNITDSPR,2024-07-23 19:31:28
UNITDSPR,2024-10-23 17:58:10
UNITDSPR,2025-01-23 19:43:56
UNITECH,2022-03-23 19:22:44
UNITECH,2022-06-08 19:30:38
UNITECH,2022-06-08 19:33:47
UNITECH,2022-06-08 19:39:15
UNITECH,2023-02-28 20:00:37
UNITECH,2023-02-28 20:13:08
UNITECH,2023-02-28 20:31:16
UNITECH,2023-07-13 18:17:42
UNITECH,2023-08-29 22:13:27
UNITECH,2023-08-29 22:14:59
UNITECH,2023-08-29 22:17:02
UNITECH,2023-12-21 18:14:56
UNITECH,2023-12-21 18:16:08
UNITECH,2024-02-12 16:08:17
UNITECH,2024-05-28 21:09:11
UNITECH,2024-08-08 15:32:44
UNITECH,2024-11-13 17:16:33
UNITECH,2025-02-13 13:39:35
UNITEDPOLY,2021-06-28 19:01:50
UNITEDPOLY,2021-06-28 19:01:50
UNITEDPOLY,2021-06-28 19:04:01
UNITEDPOLY,2021-06-29 19:25:56
UNITEDPOLY,2021-06-29 19:25:56
UNITEDPOLY,2021-11-13 17:26:33
UNITEDPOLY,2022-02-14 21:23:31
UNITEDPOLY,2022-02-14 21:25:50
UNITEDPOLY,2022-05-26 19:59:20
UNITEDPOLY,2023-02-10 17:04:05
UNITEDPOLY,2023-05-15 18:41:25
UNITEDPOLY,2023-08-14 15:16:14
UNITEDPOLY,2023-11-07 20:36:43
UNITEDPOLY,2024-02-14 18:52:47
UNITEDPOLY,2024-05-25 17:10:56
UNITEDPOLY,2024-08-14 18:33:52
UNITEDPOLY,2024-11-14 13:42:38
UNITEDPOLY,2025-02-12 15:18:20
UNITEDTEA,2021-02-13 15:26:36
UNITEDTEA,2021-06-10 18:00:01
UNITEDTEA,2021-08-13 15:22:54
UNITEDTEA,2021-11-09 14:10:41
UNITEDTEA,2022-02-14 13:00:31
UNITEDTEA,2022-05-14 17:36:36
UNITEDTEA,2023-01-29 13:12:42
UNITEDTEA,2023-05-18 13:13:34
UNITEDTEA,2023-08-10 13:30:59
UNITEDTEA,2023-11-09 16:13:23
UNITEDTEA,2024-02-09 10:15:32
UNITEDTEA,2024-05-27 13:20:56
UNITEDTEA,2024-08-12 11:48:05
UNITEDTEA,2024-11-07 17:54:00
UNITEDTEA,2025-02-10 11:26:28
UNIVAFOODS,2021-02-10 18:57:00
UNIVAFOODS,2021-06-29 17:58:21
UNIVAFOODS,2021-08-10 18:16:15
UNIVAFOODS,2021-11-11 18:51:19
UNIVAFOODS,2022-02-11 18:07:32
UNIVAFOODS,2022-05-02 19:16:54
UNIVAFOODS,2023-02-14 18:26:03
UNIVAFOODS,2023-05-29 19:36:45
UNIVAFOODS,2023-08-09 18:26:25
UNIVAFOODS,2023-11-09 16:32:21
UNIVAFOODS,2024-01-25 16:32:36
UNIVAFOODS,2024-05-29 16:58:23
UNIVAFOODS,2024-08-13 13:41:09
UNIVAFOODS,2024-11-11 15:07:07
UNIVAFOODS,2025-02-07 18:00:22
UNIVASTU,2021-02-12 16:20:50
UNIVASTU,2021-06-24 17:32:15
UNIVASTU,2021-08-11 17:59:29
UNIVASTU,2021-11-13 19:33:37
UNIVASTU,2021-11-15 17:38:08
UNIVASTU,2022-02-14 19:24:12
UNIVASTU,2022-05-27 20:01:46
UNIVASTU,2023-02-07 20:24:59
UNIVASTU,2023-05-30 21:17:19
UNIVASTU,2023-08-12 19:19:10
UNIVASTU,2023-11-09 21:53:45
UNIVASTU,2024-02-09 18:51:57
UNIVASTU,2024-05-22 17:25:19
UNIVASTU,2024-08-13 19:41:20
UNIVASTU,2024-11-14 19:50:12
UNIVASTU,2025-02-13 16:40:21
UNIVCABLES,2021-02-12 19:25:17
UNIVCABLES,2021-06-29 20:34:58
UNIVCABLES,2021-08-12 19:44:28
UNIVCABLES,2021-11-11 20:05:07
UNIVCABLES,2022-02-10 20:30:51
UNIVCABLES,2022-05-23 21:52:15
UNIVCABLES,2023-02-10 19:06:32
UNIVCABLES,2023-05-18 20:00:13
UNIVCABLES,2023-08-12 20:31:36
UNIVCABLES,2023-11-09 19:15:41
UNIVCABLES,2024-02-09 19:29:42
UNIVCABLES,2024-05-17 20:59:26
UNIVCABLES,2024-08-12 19:54:28
UNIVCABLES,2024-10-25 19:33:38
UNIVCABLES,2025-02-10 19:26:05
UNIVPHOTO,2021-02-09 18:00:58
UNIVPHOTO,2021-06-28 18:47:48
UNIVPHOTO,2021-06-30 17:55:30
UNIVPHOTO,2021-08-14 15:04:08
UNIVPHOTO,2021-11-12 16:27:14
UNIVPHOTO,2022-02-14 16:25:03
UNIVPHOTO,2022-05-30 16:05:35
UNIVPHOTO,2023-02-13 19:07:17
UNIVPHOTO,2023-05-30 15:32:37
UNIVPHOTO,2023-08-08 17:37:10
UNIVPHOTO,2023-11-09 13:31:22
UNIVPHOTO,2024-02-13 15:42:56
UNIVPHOTO,2024-05-28 20:07:03
UNIVPHOTO,2024-08-13 17:44:39
UNIVPHOTO,2024-11-12 20:53:15
UNIVPHOTO,2025-02-12 15:58:23
UNOMINDA,2021-02-04 14:52:36
UNOMINDA,2021-06-13 19:07:30
UNOMINDA,2021-08-14 12:44:49
UNOMINDA,2021-11-11 14:57:35
UNOMINDA,2022-02-07 12:09:40
UNOMINDA,2022-05-24 15:57:36
UNOMINDA,2023-02-08 13:02:10
UNOMINDA,2023-05-18 18:29:53
UNOMINDA,2023-08-09 12:24:53
UNOMINDA,2023-11-07 13:02:05
UNOMINDA,2024-02-07 12:53:11
UNOMINDA,2024-05-23 14:51:17
UNOMINDA,2024-08-07 12:56:37
UNOMINDA,2024-11-12 11:38:22
UNOMINDA,2025-02-06 12:08:05
UPL,2021-01-29 15:51:11
UPL,2021-05-12 15:49:55
UPL,2021-07-30 15:39:59
UPL,2021-10-29 16:25:17
UPL,2022-01-31 10:48:41
UPL,2022-05-09 16:36:18
UPL,2023-01-31 15:07:56
UPL,2023-05-08 13:38:00
UPL,2023-07-31 14:48:28
UPL,2023-10-30 14:42:47
UPL,2024-02-02 16:41:20
UPL,2024-05-13 13:59:36
UPL,2024-08-02 14:46:05
UPL,2024-11-11 15:05:34
UPL,2025-01-31 14:54:40
URAVIDEF,2021-06-18 19:29:15
URAVIDEF,2021-11-13 14:20:00
URAVIDEF,2022-05-26 17:59:44
URAVIDEF,2023-05-29 18:44:10
URAVIDEF,2023-05-29 18:49:18
URAVIDEF,2023-05-29 18:49:18
URAVIDEF,2023-08-14 13:35:56
URAVIDEF,2023-11-08 16:10:42
URAVIDEF,2024-02-12 17:46:52
URAVIDEF,2024-05-22 17:44:45
URAVIDEF,2024-08-13 17:56:12
URAVIDEF,2024-11-13 18:18:18
URAVIDEF,2025-02-06 20:31:41
URBAN,2023-11-10 13:25:56
URBAN,2023-11-10 16:58:38
URBAN,2024-05-28 13:26:07
URBAN,2024-10-25 15:50:22
URJA,2021-02-12 19:04:52
URJA,2021-05-31 18:33:24
URJA,2021-05-31 18:39:33
URJA,2021-08-11 17:18:23
URJA,2022-01-15 17:14:58
URJA,2022-01-15 17:17:04
URJA,2022-06-06 19:43:20
URJA,2023-01-21 12:11:13
URJA,2023-05-03 16:09:18
URJA,2023-08-08 12:11:10
URJA,2023-10-27 14:10:21
URJA,2024-01-30 15:39:55
URJA,2024-05-23 12:22:14
URJA,2024-07-30 16:09:53
URJA,2024-10-25 17:24:51
URJA,2025-01-13 17:41:07
USASEEDS,2023-04-27 14:22:29
USASEEDS,2023-11-02 16:58:04
USASEEDS,2024-05-17 14:17:55
USASEEDS,2024-10-29 18:41:01
USHAMART,2021-02-08 17:13:47
USHAMART,2021-05-20 15:20:38
USHAMART,2021-07-28 14:25:45
USHAMART,2021-11-12 15:55:24
USHAMART,2022-02-11 13:45:26
USHAMART,2022-04-30 17:53:52
USHAMART,2023-02-11 13:46:44
USHAMART,2023-04-27 20:46:38
USHAMART,2023-08-05 14:32:12
USHAMART,2023-11-03 12:38:41
USHAMART,2024-02-06 13:19:08
USHAMART,2024-04-26 19:35:32
USHAMART,2024-08-12 13:37:57
USHAMART,2024-11-06 15:52:28
USHAMART,2025-01-29 13:56:31
USK,2023-05-30 18:44:31
USK,2023-06-05 18:24:12
USK,2023-08-15 17:47:07
USK,2023-11-11 19:45:36
USK,2024-02-14 16:33:07
USK,2024-05-30 21:11:57
USK,2024-08-14 16:59:25
USK,2024-11-14 18:54:31
USK,2025-02-10 14:11:18
UTIAMC,2021-01-30 19:21:30
UTIAMC,2021-04-29 00:50:21
UTIAMC,2021-07-28 21:04:15
UTIAMC,2021-10-28 20:58:00
UTIAMC,2022-01-28 21:40:43
UTIAMC,2022-04-26 21:42:51
UTIAMC,2023-02-01 18:22:24
UTIAMC,2023-04-26 18:23:54
UTIAMC,2023-07-25 18:05:58
UTIAMC,2023-10-18 15:51:26
UTIAMC,2024-01-29 18:25:31
UTIAMC,2024-04-25 19:46:16
UTIAMC,2024-07-25 14:55:31
UTIAMC,2024-10-25 17:25:47
UTIAMC,2025-01-28 15:45:33
UTKARSHBNK,2023-08-08 19:56:32
UTKARSHBNK,2023-11-04 19:16:04
UTKARSHBNK,2024-01-27 19:00:20
UTKARSHBNK,2024-04-26 16:18:07
UTKARSHBNK,2024-08-03 18:02:50
UTKARSHBNK,2024-11-09 20:34:12
UTKARSHBNK,2025-02-15 12:27:07
UTSSAV,2024-08-28 19:28:02
UTSSAV,2024-11-14 16:20:59
UTTAMSTL,2021-02-09 15:19:22
UTTAMSTL,2021-05-31 14:40:34
UTTAMSTL,2021-08-13 15:01:21
UTTAMSTL,2021-10-30 13:43:49
UTTAMSTL,2022-01-25 13:15:16
UTTAMSTL,2022-05-21 13:20:31
UTTAMSUGAR,2021-01-07 17:50:16
UTTAMSUGAR,2021-06-14 17:28:04
UTTAMSUGAR,2021-06-15 14:31:16
UTTAMSUGAR,2021-08-13 16:43:02
UTTAMSUGAR,2021-10-28 16:57:04
UTTAMSUGAR,2022-02-05 17:58:30
UTTAMSUGAR,2022-05-16 17:36:06
UTTAMSUGAR,2023-02-11 16:13:32
UTTAMSUGAR,2023-05-15 17:01:33
UTTAMSUGAR,2023-08-11 16:22:52
UTTAMSUGAR,2023-11-06 17:34:57
UTTAMSUGAR,2024-01-31 16:52:45
UTTAMSUGAR,2024-05-06 17:10:43
UTTAMSUGAR,2024-08-14 16:20:12
UTTAMSUGAR,2024-11-14 17:25:20
UTTAMSUGAR,2025-02-14 16:45:01
UWCSL,2021-06-19 18:16:00
UWCSL,2021-06-21 12:23:08
UWCSL,2021-11-13 15:31:52
UWCSL,2021-11-13 15:45:23
UWCSL,2022-05-28 14:53:01
UWCSL,2023-05-27 16:56:27
UWCSL,2023-11-14 14:41:38
UWCSL,2024-05-27 16:41:21
UWCSL,2024-11-14 17:08:58
UYFINCORP,2024-11-14 17:44:07
UYFINCORP,2025-02-14 16:50:16
V2RETAIL,2021-02-04 16:05:17
V2RETAIL,2021-06-28 19:01:27
V2RETAIL,2021-08-13 19:40:30
V2RETAIL,2021-11-11 14:03:40
V2RETAIL,2022-02-14 18:50:34
V2RETAIL,2022-05-30 21:12:16
V2RETAIL,2023-02-10 19:53:31
V2RETAIL,2023-05-25 16:41:42
V2RETAIL,2023-08-12 18:46:13
V2RETAIL,2023-11-09 18:47:11
V2RETAIL,2024-02-10 14:09:28
V2RETAIL,2024-05-30 19:26:11
V2RETAIL,2024-07-30 15:49:13
V2RETAIL,2024-10-24 17:45:04
V2RETAIL,2025-01-23 17:02:43
VADILALIND,2021-02-11 15:09:00
VADILALIND,2021-06-30 22:18:18
VADILALIND,2021-08-13 18:18:45
VADILALIND,2021-10-29 17:48:01
VADILALIND,2022-02-04 17:34:09
VADILALIND,2022-05-28 18:47:57
VADILALIND,2023-02-07 14:15:40
VADILALIND,2023-05-29 17:43:42
VADILALIND,2023-08-10 12:21:20
VADILALIND,2023-11-09 16:55:03
VADILALIND,2024-02-07 17:55:15
VADILALIND,2024-05-25 21:29:10
VADILALIND,2024-08-06 21:06:15
VADILALIND,2024-11-14 15:12:15
VADILALIND,2025-01-31 13:41:10
VAIBHAVGBL,2021-01-29 21:44:10
VAIBHAVGBL,2021-05-12 23:28:35
VAIBHAVGBL,2021-07-29 22:01:41
VAIBHAVGBL,2021-10-27 22:14:29
VAIBHAVGBL,2022-01-27 23:43:15
VAIBHAVGBL,2022-05-23 19:03:11
VAIBHAVGBL,2023-01-24 14:34:30
VAIBHAVGBL,2023-05-17 15:39:34
VAIBHAVGBL,2023-08-02 18:13:44
VAIBHAVGBL,2023-10-31 21:35:28
VAIBHAVGBL,2024-01-30 23:13:31
VAIBHAVGBL,2024-05-23 19:00:53
VAIBHAVGBL,2024-08-01 22:14:16
VAIBHAVGBL,2024-11-11 17:48:45
VAIBHAVGBL,2025-01-30 00:17:55
VAISHALI,2021-01-19 18:07:31
VAISHALI,2021-05-14 17:44:07
VAISHALI,2021-07-24 15:33:52
VAISHALI,2021-11-10 15:47:15
VAISHALI,2022-01-21 16:12:29
VAISHALI,2022-01-21 16:16:18
VAISHALI,2022-05-30 14:34:51
VAISHALI,2023-02-06 16:35:14
VAISHALI,2023-05-22 15:53:34
VAISHALI,2023-08-07 16:12:26
VAISHALI,2023-11-08 13:07:44
VAISHALI,2024-02-02 12:11:20
VAISHALI,2024-05-30 18:01:31
VAISHALI,2024-08-14 15:23:09
VAISHALI,2024-11-14 16:38:14
VAISHALI,2025-02-06 17:00:52
VAKRANGEE,2021-02-08 15:02:44
VAKRANGEE,2021-06-19 11:41:04
VAKRANGEE,2021-07-26 16:40:56
VAKRANGEE,2021-10-09 13:22:37
VAKRANGEE,2022-01-22 14:19:03
VAKRANGEE,2022-05-13 16:55:19
VAKRANGEE,2022-07-07 15:39:25
VAKRANGEE,2023-02-03 15:48:56
VAKRANGEE,2023-05-30 16:39:16
VAKRANGEE,2023-07-15 10:57:17
VAKRANGEE,2023-11-11 12:27:01
VAKRANGEE,2024-02-06 14:09:00
VAKRANGEE,2024-05-09 16:01:10
VAKRANGEE,2024-08-12 14:14:44
VAKRANGEE,2024-10-29 14:04:59
VAKRANGEE,2025-02-05 17:42:01
VALECHAENG,2021-02-12 21:03:59
VALECHAENG,2022-02-04 16:53:01
VALECHAENG,2022-02-04 18:37:07
VALECHAENG,2022-02-04 18:46:17
VALECHAENG,2023-02-17 17:56:57
VALECHAENG,2023-08-02 12:31:52
VALECHAENG,2023-08-24 15:52:12
VALECHAENG,2023-11-10 20:17:01
VALECHAENG,2024-02-23 17:07:23
VALECHAENG,2024-05-30 16:38:03
VALECHAENG,2024-11-19 20:36:07
VALECHAENG,2025-01-11 16:55:42
VALECHAENG,2025-02-14 19:56:40
VALIANTLAB,2023-11-06 18:31:21
VALIANTLAB,2024-02-09 15:00:58
VALIANTLAB,2024-05-14 19:16:13
VALIANTLAB,2024-08-12 17:04:40
VALIANTLAB,2024-11-12 18:28:50
VALIANTLAB,2025-02-07 17:28:35
VALIANTORG,2021-08-14 14:09:53
VALIANTORG,2021-10-28 14:27:16
VALIANTORG,2022-02-07 14:38:46
VALIANTORG,2022-05-26 12:00:07
VALIANTORG,2023-01-31 16:19:58
VALIANTORG,2023-05-19 18:28:44
VALIANTORG,2023-08-09 16:40:51
VALIANTORG,2023-11-08 16:31:21
VALIANTORG,2024-02-13 16:05:52
VALIANTORG,2024-05-24 21:39:33
VALIANTORG,2024-08-13 18:49:23
VALIANTORG,2024-11-13 22:15:35
VALIANTORG,2025-02-13 17:12:24
VALUEIND,2023-04-28 17:55:15
VALUEIND,2023-04-28 18:25:39
VALUEIND,2023-04-28 18:28:22
VALUEIND,2023-04-28 18:36:17
VALUEIND,2023-04-28 19:03:35
VALUEIND,2023-04-28 19:05:22
VALUEIND,2023-04-28 19:07:07
VALUEIND,2023-04-28 19:09:27
VALUEIND,2023-06-09 18:59:54
VALUEIND,2023-06-09 19:03:23
VALUEIND,2023-06-09 19:06:45
VALUEIND,2023-06-09 19:08:30
VALUEIND,2023-10-14 12:00:25
VALUEIND,2023-10-14 12:02:47
VALUEIND,2023-10-14 12:04:36
VALUEIND,2023-10-14 12:06:15
VALUEIND,2024-08-08 21:14:06
VALUEIND,2024-08-08 21:15:52
VALUEIND,2024-08-08 21:17:28
VALUEIND,2024-08-08 21:20:38
VARDHACRLC,2021-01-16 13:53:21
VARDHACRLC,2021-05-08 15:26:42
VARDHACRLC,2021-07-27 17:31:22
VARDHACRLC,2021-10-23 13:15:53
VARDHACRLC,2022-01-19 18:25:49
VARDHACRLC,2022-05-16 12:14:41
VARDHACRLC,2023-01-16 11:57:04
VARDHACRLC,2023-04-28 12:23:18
VARDHACRLC,2023-08-01 12:26:58
VARDHACRLC,2023-10-26 12:48:54
VARDHACRLC,2024-01-20 12:37:13
VARDHACRLC,2024-05-04 13:22:49
VARDHACRLC,2024-07-24 12:54:03
VARDHACRLC,2024-10-25 12:37:48
VARDHACRLC,2025-01-18 12:45:36
VARDMNPOLY,2021-02-12 17:28:29
VARDMNPOLY,2021-06-29 17:58:01
VARDMNPOLY,2021-08-13 16:16:32
VARDMNPOLY,2021-11-13 12:01:29
VARDMNPOLY,2022-02-12 16:21:06
VARDMNPOLY,2022-05-30 16:38:54
VARDMNPOLY,2023-02-13 15:50:43
VARDMNPOLY,2023-05-30 15:22:12
VARDMNPOLY,2023-08-08 16:56:48
VARDMNPOLY,2023-11-09 14:26:49
VARDMNPOLY,2024-02-13 17:21:12
VARDMNPOLY,2024-05-27 15:53:27
VARDMNPOLY,2024-08-14 14:00:14
VARDMNPOLY,2024-11-14 17:04:30
VARDMNPOLY,2025-02-14 11:07:25
VARROC,2021-02-10 09:27:10
VARROC,2021-03-22 10:46:14
VARROC,2021-06-04 16:52:48
VARROC,2021-08-12 14:57:56
VARROC,2021-11-11 15:30:48
VARROC,2022-02-14 16:00:05
VARROC,2022-05-30 16:20:47
VARROC,2023-02-07 15:24:51
VARROC,2023-05-23 14:43:02
VARROC,2023-08-09 16:15:08
VARROC,2023-11-07 14:53:25
VARROC,2024-02-07 14:36:40
VARROC,2024-05-17 15:26:00
VARROC,2024-08-07 14:10:17
VARROC,2024-11-13 14:46:58
VARROC,2025-02-10 13:50:55
VASA,2022-02-24 20:35:25
VASA,2022-05-11 22:52:45
VASA,2023-05-29 23:48:47
VASA,2023-11-10 19:17:03
VASA,2024-05-30 22:02:04
VASA,2024-11-13 20:53:13
VASCONEQ,2021-02-03 14:55:45
VASCONEQ,2021-05-31 13:53:43
VASCONEQ,2021-08-14 13:18:43
VASCONEQ,2021-11-01 13:37:17
VASCONEQ,2022-02-08 13:22:07
VASCONEQ,2022-05-23 14:25:48
VASCONEQ,2023-01-30 12:11:42
VASCONEQ,2023-05-15 14:55:03
VASCONEQ,2023-08-08 15:27:41
VASCONEQ,2023-11-07 14:15:43
VASCONEQ,2024-02-07 13:13:32
VASCONEQ,2024-05-21 14:53:39
VASCONEQ,2024-08-14 14:29:53
VASCONEQ,2024-10-29 13:17:08
VASCONEQ,2025-01-27 13:52:54
VASWANI,2021-02-14 13:18:54
VASWANI,2021-06-22 17:41:56
VASWANI,2021-06-22 17:46:02
VASWANI,2021-08-13 16:37:19
VASWANI,2021-11-13 15:55:24
VASWANI,2022-02-14 16:56:30
VASWANI,2022-05-31 18:05:28
VASWANI,2023-02-14 18:45:21
VASWANI,2023-05-29 17:39:25
VASWANI,2023-08-14 16:35:25
VASWANI,2023-11-10 16:11:41
VASWANI,2024-02-15 12:15:00
VASWANI,2024-05-23 17:53:14
VASWANI,2024-08-14 17:12:50
VASWANI,2024-10-03 18:43:11
VASWANI,2024-11-14 21:15:53
VASWANI,2025-02-15 23:45:24
VBL,2021-02-16 11:53:13
VBL,2021-05-03 11:35:34
VBL,2021-08-02 11:36:31
VBL,2021-10-29 11:36:30
VBL,2022-02-03 11:52:06
VBL,2022-04-28 11:50:14
VBL,2023-02-06 11:53:49
VBL,2023-05-02 11:52:10
VBL,2023-08-03 11:40:34
VBL,2023-11-06 11:49:32
VBL,2024-02-05 12:04:37
VBL,2024-05-13 12:00:09
VBL,2024-07-30 11:52:48
VBL,2024-10-22 11:46:03
VBL,2025-02-10 11:52:12
VCL,2021-06-30 19:47:04
VCL,2021-11-13 18:41:37
VCL,2021-11-17 13:29:41
VCL,2021-11-17 13:29:41
VCL,2022-04-28 19:07:50
VCL,2022-07-11 15:21:41
VCL,2023-01-11 18:53:56
VCL,2023-05-10 15:12:42
VCL,2023-08-05 18:41:09
VCL,2023-11-09 18:51:02
VCL,2024-02-14 17:19:44
VCL,2024-07-06 18:01:41
VCL,2024-08-13 18:31:51
VCL,2024-11-09 17:43:43
VCL,2025-02-07 17:06:14
VDEAL,2024-11-14 18:50:29
VEDL,2021-01-29 16:05:56
VEDL,2021-05-13 15:50:53
VEDL,2021-07-26 15:22:01
VEDL,2021-10-29 16:03:49
VEDL,2022-01-28 15:08:19
VEDL,2022-01-28 16:19:38
VEDL,2022-04-28 17:07:09
VEDL,2023-01-27 15:59:24
VEDL,2023-05-12 15:27:22
VEDL,2023-07-21 18:44:58
VEDL,2023-11-04 15:27:03
VEDL,2024-01-25 15:47:52
VEDL,2024-04-25 15:17:02
VEDL,2024-08-06 13:58:52
VEDL,2024-11-08 14:22:21
VEDL,2025-01-31 14:37:22
VEEDOL,2021-02-12 15:37:06
VEEDOL,2021-06-10 16:14:30
VEEDOL,2021-08-13 15:10:53
VEEDOL,2021-11-12 16:15:22
VEEDOL,2022-02-14 15:49:11
VEEDOL,2022-05-30 16:20:03
VEEDOL,2023-02-14 16:07:14
VEEDOL,2023-05-26 19:25:17
VEEDOL,2023-08-11 20:01:08
VEEDOL,2023-11-11 18:26:28
VEEDOL,2024-02-13 20:07:41
VEEDOL,2024-05-18 18:37:38
VEEDOL,2024-08-13 21:06:03
VEEDOL,2024-11-12 21:19:18
VEEDOL,2025-02-05 20:24:35
VEEKAYEM,2023-05-29 17:54:42
VEEKAYEM,2023-11-09 19:12:03
VEEKAYEM,2024-05-29 19:28:27
VEEKAYEM,2024-11-13 21:07:01
VELS,2023-05-26 18:21:03
VELS,2023-11-14 23:14:27
VELS,2024-05-30 00:09:36
VELS,2024-11-14 23:32:00
VENKEYS,2021-02-03 11:40:16
VENKEYS,2021-05-10 12:39:47
VENKEYS,2021-08-09 12:38:48
VENKEYS,2021-11-01 12:09:26
VENKEYS,2022-02-04 11:49:51
VENKEYS,2022-05-10 12:58:05
VENKEYS,2023-02-10 11:35:29
VENKEYS,2023-05-10 12:51:41
VENKEYS,2023-08-07 12:10:44
VENKEYS,2023-11-07 11:40:22
VENKEYS,2024-02-08 11:57:37
VENKEYS,2024-05-10 13:13:43
VENKEYS,2024-08-07 12:58:29
VENKEYS,2024-11-07 12:42:09
VENKEYS,2025-02-07 12:17:29
VENTIVE,2025-02-12 20:21:20
VENUSPIPES,2022-06-29 18:55:29
VENUSPIPES,2023-01-31 18:37:40
VENUSPIPES,2023-05-24 19:04:57
VENUSPIPES,2023-08-03 18:36:16
VENUSPIPES,2023-10-26 18:45:07
VENUSPIPES,2024-01-29 18:37:58
VENUSPIPES,2024-05-09 13:07:12
VENUSPIPES,2024-07-25 13:36:14
VENUSPIPES,2024-11-13 15:23:01
VENUSPIPES,2025-02-13 13:15:18
VENUSREM,2021-02-08 19:21:50
VENUSREM,2021-05-31 20:19:51
VENUSREM,2021-08-12 19:39:22
VENUSREM,2021-10-30 19:17:12
VENUSREM,2022-01-31 19:27:55
VENUSREM,2022-05-27 20:40:21
VENUSREM,2023-01-30 20:02:07
VENUSREM,2023-05-29 22:16:01
VENUSREM,2023-08-14 19:25:46
VENUSREM,2023-11-09 19:42:26
VENUSREM,2024-02-14 19:58:57
VENUSREM,2024-05-30 20:45:24
VENUSREM,2024-08-13 19:30:57
VENUSREM,2024-10-29 21:51:32
VENUSREM,2025-02-04 20:55:13
VERA,2021-06-28 18:12:23
VERA,2021-11-14 13:04:34
VERA,2022-05-16 17:30:53
VERA,2023-05-29 16:45:39
VERA,2023-11-10 16:28:49
VERA,2024-05-29 20:18:25
VERA,2024-10-30 17:22:34
VERANDA,2022-06-20 16:16:37
VERANDA,2023-02-09 18:50:51
VERANDA,2023-05-29 18:54:24
VERANDA,2023-08-09 16:45:19
VERANDA,2023-11-09 16:32:11
VERANDA,2024-02-07 17:00:01
VERANDA,2024-05-28 18:07:27
VERANDA,2024-08-07 16:41:20
VERANDA,2024-11-14 17:10:01
VERANDA,2025-02-13 16:44:24
VERITAAS,2024-06-11 22:08:23
VERITAAS,2024-11-14 21:16:27
VERTEXPLUS,2023-05-29 18:47:46
VERTEXPLUS,2023-11-14 17:01:19
VERTEXPLUS,2024-05-30 16:59:33
VERTEXPLUS,2024-11-13 15:45:53
VERTOZ,2021-02-12 19:37:29
VERTOZ,2021-05-24 20:28:17
VERTOZ,2021-08-13 18:20:01
VERTOZ,2021-11-11 18:41:24
VERTOZ,2022-02-14 21:55:34
VERTOZ,2022-05-30 20:59:43
VERTOZ,2023-02-09 18:24:06
VERTOZ,2023-04-25 19:32:50
VERTOZ,2023-08-08 19:04:14
VERTOZ,2023-11-09 17:57:21
VERTOZ,2024-02-08 19:00:34
VERTOZ,2024-05-22 18:38:44
VERTOZ,2024-08-08 18:11:01
VERTOZ,2024-11-11 19:17:15
VERTOZ,2025-02-11 19:05:17
VESUVIUS,2021-02-25 17:18:24
VESUVIUS,2021-04-27 17:15:18
VESUVIUS,2021-08-12 18:46:40
VESUVIUS,2021-11-10 18:26:25
VESUVIUS,2022-02-25 16:31:36
VESUVIUS,2022-05-06 18:59:07
VESUVIUS,2023-02-27 21:20:00
VESUVIUS,2023-05-15 20:44:52
VESUVIUS,2023-07-26 20:11:56
VESUVIUS,2023-10-30 19:04:32
VESUVIUS,2024-02-09 19:54:24
VESUVIUS,2024-04-29 20:05:10
VESUVIUS,2024-07-25 18:57:18
VESUVIUS,2024-10-28 19:57:58
VESUVIUS,2025-02-26 21:48:56
VETO,2021-02-12 18:44:04
VETO,2021-06-30 15:33:36
VETO,2021-07-30 17:43:04
VETO,2021-11-12 15:34:14
VETO,2022-02-11 18:06:12
VETO,2022-02-12 15:49:45
VETO,2022-05-26 18:42:00
VETO,2023-02-14 17:13:16
VETO,2023-05-30 20:10:59
VETO,2023-08-14 19:30:44
VETO,2023-11-09 19:57:13
VETO,2024-02-13 18:38:36
VETO,2024-05-29 20:06:49
VETO,2024-08-13 18:42:16
VETO,2024-11-13 20:20:21
VETO,2025-02-13 18:54:14
VGL,2021-02-11 18:13:37
VGL,2021-06-28 18:06:10
VGL,2021-08-13 19:53:15
VGL,2021-11-13 16:57:56
VGL,2022-02-08 19:29:01
VGL,2022-02-09 17:04:25
VGL,2022-05-31 15:56:35
VGL,2023-02-13 18:27:07
VGL,2023-05-30 18:50:19
VGL,2023-08-14 13:02:49
VGL,2023-11-10 17:53:12
VGL,2024-02-14 14:12:52
VGL,2024-05-29 18:08:48
VGL,2024-08-09 17:44:10
VGL,2024-11-14 17:46:35
VGL,2025-01-30 20:15:37
VGUARD,2021-02-03 14:44:25
VGUARD,2021-05-26 14:59:12
VGUARD,2021-07-30 13:48:41
VGUARD,2021-10-28 13:18:19
VGUARD,2022-02-02 13:29:09
VGUARD,2022-05-19 12:40:25
VGUARD,2023-02-02 13:30:05
VGUARD,2023-05-30 14:16:39
VGUARD,2023-08-09 13:55:41
VGUARD,2023-10-31 14:30:46
VGUARD,2024-02-01 13:53:30
VGUARD,2024-05-16 15:21:12
VGUARD,2024-07-24 14:05:51
VGUARD,2024-10-29 13:42:39
VGUARD,2025-01-28 14:19:46
VHL,2021-02-04 13:34:26
VHL,2021-05-26 14:06:06
VHL,2021-08-13 13:36:40
VHL,2021-11-11 12:49:15
VHL,2022-02-05 13:23:09
VHL,2022-05-25 13:05:12
VHL,2023-02-07 12:35:17
VHL,2023-05-20 13:04:00
VHL,2023-08-10 12:36:33
VHL,2023-11-13 12:40:15
VHL,2024-02-14 12:09:59
VHL,2024-05-28 13:10:07
VHL,2024-08-14 13:59:30
VHL,2024-11-13 11:43:33
VHL,2025-01-27 12:41:25
VHLTD,2024-05-30 21:14:07
VHLTD,2024-07-16 16:09:17
VHLTD,2024-11-14 14:59:21
VHLTD,2025-02-06 13:51:30
VIAZ,2023-05-27 18:12:02
VIAZ,2023-11-08 23:09:44
VIAZ,2024-03-02 14:53:09
VIAZ,2024-05-27 15:06:36
VIAZ,2024-11-13 15:23:12
VICEROY,2021-02-14 14:11:53
VICEROY,2021-06-29 18:57:37
VICEROY,2021-08-06 15:05:45
VICEROY,2021-08-13 16:31:31
VICEROY,2021-11-10 17:35:59
VICEROY,2022-02-12 16:47:54
VICEROY,2022-05-30 20:09:16
VICEROY,2023-02-10 17:36:55
VICEROY,2023-05-29 23:48:57
VICEROY,2023-08-14 23:55:07
VICEROY,2023-11-10 14:09:59
VICEROY,2024-02-12 16:49:50
VIDEOIND,2023-04-28 17:59:32
VIDEOIND,2023-04-28 18:01:37
VIDEOIND,2023-04-28 18:40:38
VIDEOIND,2023-04-28 18:42:32
VIDEOIND,2023-04-28 18:44:41
VIDEOIND,2023-04-28 18:46:15
VIDEOIND,2023-04-28 18:47:57
VIDEOIND,2023-04-28 19:13:28
VIDEOIND,2023-06-09 17:08:25
VIDEOIND,2023-06-09 17:10:07
VIDEOIND,2023-06-09 17:11:42
VIDEOIND,2023-06-09 17:13:04
VIDEOIND,2023-10-14 15:19:55
VIDEOIND,2023-10-14 15:22:12
VIDEOIND,2023-10-14 15:23:51
VIDEOIND,2023-10-14 15:25:13
VIDEOIND,2024-09-09 21:44:46
VIDEOIND,2024-09-09 21:46:19
VIDEOIND,2024-09-09 21:47:54
VIDEOIND,2024-09-09 23:51:08
VIDHIING,2021-02-09 13:18:52
VIDHIING,2021-06-10 12:44:53
VIDHIING,2021-08-05 13:06:33
VIDHIING,2021-11-08 13:27:27
VIDHIING,2022-02-10 12:54:36
VIDHIING,2022-05-12 13:20:37
VIDHIING,2023-02-10 13:10:58
VIDHIING,2023-05-26 14:03:45
VIDHIING,2023-08-11 13:28:12
VIDHIING,2023-11-08 13:11:13
VIDHIING,2024-02-07 13:23:22
VIDHIING,2024-05-29 13:20:00
VIDHIING,2024-08-08 14:00:36
VIDHIING,2024-11-11 11:22:43
VIDHIING,2025-01-20 11:29:10
VIESL,2024-11-12 16:46:10
VIJAYA,2021-11-08 17:37:03
VIJAYA,2022-02-04 17:18:06
VIJAYA,2022-05-26 21:08:27
VIJAYA,2023-02-13 14:12:05
VIJAYA,2023-05-29 18:12:42
VIJAYA,2023-08-09 14:25:15
VIJAYA,2023-11-07 13:56:10
VIJAYA,2024-02-05 14:50:26
VIJAYA,2024-05-08 16:09:46
VIJAYA,2024-08-05 14:10:38
VIJAYA,2024-11-07 13:41:13
VIJAYA,2025-02-12 13:52:02
VIJIFIN,2021-02-11 18:25:18
VIJIFIN,2021-02-13 15:17:09
VIJIFIN,2021-06-30 19:43:57
VIJIFIN,2021-07-27 18:09:32
VIJIFIN,2021-11-09 19:57:11
VIJIFIN,2021-11-11 16:52:20
VIJIFIN,2022-02-09 17:31:36
VIJIFIN,2022-05-20 18:03:23
VIJIFIN,2023-02-06 18:07:29
VIJIFIN,2023-04-28 18:14:05
VIJIFIN,2023-07-14 17:55:23
VIJIFIN,2023-10-20 17:42:20
VIJIFIN,2024-01-10 19:04:38
VIJIFIN,2024-04-09 19:15:51
VIJIFIN,2024-07-25 16:51:44
VIJIFIN,2024-11-05 19:15:01
VIJIFIN,2025-01-15 17:55:56
VIKASECO,2021-01-23 15:47:51
VIKASECO,2021-07-14 21:47:09
VIKASECO,2021-07-14 21:48:38
VIKASECO,2021-10-06 18:33:39
VIKASECO,2021-10-14 17:41:45
VIKASECO,2021-10-14 18:17:13
VIKASECO,2022-01-17 18:43:31
VIKASECO,2022-05-07 11:39:27
VIKASECO,2023-01-31 11:15:25
VIKASECO,2023-05-15 13:17:32
VIKASECO,2023-08-10 18:43:14
VIKASECO,2023-11-08 18:51:55
VIKASECO,2024-02-09 17:32:25
VIKASECO,2024-05-22 16:42:43
VIKASECO,2024-07-31 19:37:16
VIKASECO,2024-11-14 16:48:57
VIKASECO,2025-02-14 17:51:45
VIKASLIFE,2021-01-12 17:28:37
VIKASLIFE,2021-06-19 14:25:55
VIKASLIFE,2021-06-28 15:48:14
VIKASLIFE,2021-07-09 14:07:38
VIKASLIFE,2021-10-05 17:38:51
VIKASLIFE,2021-10-14 21:57:40
VIKASLIFE,2021-10-15 10:25:52
VIKASLIFE,2021-10-15 10:30:09
VIKASLIFE,2022-01-11 16:54:36
VIKASLIFE,2022-05-28 20:53:38
VIKASLIFE,2023-01-25 10:20:40
VIKASLIFE,2023-05-23 12:25:52
VIKASLIFE,2023-08-12 18:45:46
VIKASLIFE,2023-10-17 21:08:16
VIKASLIFE,2024-02-13 21:07:29
VIKASLIFE,2024-05-29 20:22:22
VIKASLIFE,2024-07-20 17:04:54
VIKASLIFE,2024-10-22 18:08:18
VIKASLIFE,2025-02-14 18:34:04
VILAS,2024-06-24 16:14:17
VILAS,2024-11-11 19:06:52
VILINBIO,2023-07-19 13:49:50
VILINBIO,2023-11-10 12:43:26
VILINBIO,2024-05-29 17:03:57
VILINBIO,2024-10-30 15:32:17
VIMTALABS,2021-01-23 12:40:38
VIMTALABS,2021-01-23 13:01:13
VIMTALABS,2021-05-14 13:58:41
VIMTALABS,2021-05-14 14:16:41
VIMTALABS,2021-07-22 12:01:06
VIMTALABS,2021-07-22 12:07:49
VIMTALABS,2021-10-23 13:38:34
VIMTALABS,2021-10-23 13:51:59
VIMTALABS,2022-01-20 16:38:04
VIMTALABS,2022-01-20 16:53:36
VIMTALABS,2022-05-12 13:19:05
VIMTALABS,2023-01-27 15:13:47
VIMTALABS,2023-05-03 15:11:09
VIMTALABS,2023-07-28 14:40:32
VIMTALABS,2023-10-30 13:52:03
VIMTALABS,2024-01-31 13:44:51
VIMTALABS,2024-05-18 15:09:17
VIMTALABS,2024-07-17 14:21:35
VIMTALABS,2024-11-08 13:16:14
VIMTALABS,2025-01-24 14:43:56
VINATIORGA,2021-02-02 14:46:43
VINATIORGA,2021-05-13 14:29:31
VINATIORGA,2021-07-31 13:27:22
VINATIORGA,2021-11-10 17:29:28
VINATIORGA,2022-01-31 17:02:36
VINATIORGA,2022-05-14 14:54:25
VINATIORGA,2023-02-06 14:32:49
VINATIORGA,2023-05-19 15:01:44
VINATIORGA,2023-08-11 14:12:36
VINATIORGA,2023-11-07 16:12:12
VINATIORGA,2024-02-11 14:30:33
VINATIORGA,2024-05-17 15:37:23
VINATIORGA,2024-08-10 13:45:59
VINATIORGA,2024-11-12 13:54:03
VINATIORGA,2025-02-01 15:11:37
VINCOFE,2024-10-28 13:07:28
VINCOFE,2025-01-30 12:15:58
VINDHYATEL,2021-02-12 18:51:23
VINDHYATEL,2021-03-06 12:27:55
VINDHYATEL,2021-06-29 20:09:30
VINDHYATEL,2021-06-29 20:26:49
VINDHYATEL,2021-08-12 19:10:29
VINDHYATEL,2021-11-11 19:40:56
VINDHYATEL,2022-02-10 19:53:27
VINDHYATEL,2022-05-23 21:00:44
VINDHYATEL,2023-02-10 18:14:26
VINDHYATEL,2023-05-18 19:20:34
VINDHYATEL,2023-08-12 20:02:24
VINDHYATEL,2023-11-09 18:37:09
VINDHYATEL,2024-02-09 19:01:19
VINDHYATEL,2024-05-17 19:43:14
VINDHYATEL,2024-08-12 19:26:29
VINDHYATEL,2024-10-25 18:55:35
VINDHYATEL,2025-02-10 18:36:37
VINEETLAB,2021-06-30 20:25:52
VINEETLAB,2021-08-12 17:50:26
VINEETLAB,2021-11-10 18:07:33
VINEETLAB,2022-02-12 18:13:58
VINEETLAB,2022-05-29 12:21:57
VINEETLAB,2023-02-15 16:26:07
VINEETLAB,2023-05-29 16:08:34
VINEETLAB,2023-08-12 17:34:48
VINEETLAB,2023-11-10 16:12:12
VINEETLAB,2024-02-12 17:07:46
VINEETLAB,2024-05-29 18:49:05
VINEETLAB,2024-08-13 18:22:35
VINEETLAB,2024-11-13 20:52:42
VINEETLAB,2025-02-12 17:37:59
VINNY,2021-06-29 18:18:14
VINNY,2021-11-18 20:32:08
VINNY,2022-05-30 21:17:19
VINNY,2023-02-15 16:29:36
VINNY,2023-05-25 18:19:30
VINNY,2023-08-14 17:25:50
VINNY,2023-11-10 16:59:30
VINNY,2024-02-14 18:16:50
VINNY,2024-05-30 18:48:07
VINNY,2024-08-14 19:45:18
VINNY,2024-11-14 18:57:24
VINNY,2025-02-14 19:08:15
VINSYS,2023-11-10 18:58:34
VINSYS,2024-05-15 18:29:11
VINSYS,2024-11-13 19:30:14
VINYAS,2023-10-28 14:41:43
VINYAS,2024-05-29 17:27:01
VINYAS,2024-11-14 14:59:41
VINYLINDIA,2021-01-25 14:07:02
VINYLINDIA,2021-05-10 15:06:31
VINYLINDIA,2021-08-09 13:40:08
VINYLINDIA,2021-11-11 14:24:26
VINYLINDIA,2022-01-21 13:15:24
VINYLINDIA,2022-05-16 15:04:50
VINYLINDIA,2023-01-18 13:57:48
VINYLINDIA,2023-05-04 14:02:32
VINYLINDIA,2023-08-08 14:21:35
VINYLINDIA,2023-11-03 13:36:58
VINYLINDIA,2024-01-22 12:56:19
VINYLINDIA,2024-05-03 13:59:42
VINYLINDIA,2024-08-05 13:26:40
VINYLINDIA,2024-10-21 14:04:01
VINYLINDIA,2025-01-17 13:11:48
VIPCLOTHNG,2021-02-12 10:18:18
VIPCLOTHNG,2021-07-01 13:13:34
VIPCLOTHNG,2021-08-10 18:07:15
VIPCLOTHNG,2021-09-15 14:52:48
VIPCLOTHNG,2021-11-01 18:43:14
VIPCLOTHNG,2022-02-09 17:26:07
VIPCLOTHNG,2022-05-30 17:50:36
VIPCLOTHNG,2023-02-10 12:38:07
VIPCLOTHNG,2023-05-26 18:51:52
VIPCLOTHNG,2023-08-10 16:47:41
VIPCLOTHNG,2023-11-09 16:44:30
VIPCLOTHNG,2024-02-13 19:19:17
VIPCLOTHNG,2024-05-24 19:01:31
VIPCLOTHNG,2024-08-14 17:35:40
VIPCLOTHNG,2024-11-08 17:07:20
VIPCLOTHNG,2025-02-12 20:25:07
VIPIND,2021-02-03 17:06:09
VIPIND,2021-05-25 17:35:53
VIPIND,2021-08-11 16:21:09
VIPIND,2021-10-29 17:10:07
VIPIND,2022-02-01 18:14:07
VIPIND,2022-05-16 20:04:40
VIPIND,2023-01-25 15:45:51
VIPIND,2023-05-08 16:25:38
VIPIND,2023-08-02 16:09:31
VIPIND,2023-10-31 18:15:30
VIPIND,2024-01-30 15:39:27
VIPIND,2024-05-10 16:23:56
VIPIND,2024-08-06 15:41:37
VIPIND,2024-10-23 16:06:28
VIPIND,2025-01-28 17:04:59
VIPULLTD,2021-02-12 17:34:49
VIPULLTD,2021-08-09 17:46:56
VIPULLTD,2021-08-21 16:19:00
VIPULLTD,2021-11-12 15:38:17
VIPULLTD,2022-02-14 17:37:56
VIPULLTD,2022-05-30 18:55:09
VIPULLTD,2022-05-30 20:39:12
VIPULLTD,2023-02-14 15:50:20
VIPULLTD,2023-06-06 19:28:17
VIPULLTD,2023-08-11 16:32:22
VIPULLTD,2023-11-10 16:58:51
VIPULLTD,2024-02-13 15:10:01
VIPULLTD,2024-05-30 18:05:08
VIPULLTD,2024-07-12 15:03:02
VIPULLTD,2024-11-07 16:56:19
VIPULLTD,2025-02-05 19:11:06
VIRINCHI,2023-05-17 18:54:53
VIRINCHI,2023-07-14 19:15:56
VIRINCHI,2023-11-13 21:50:00
VIRINCHI,2024-01-24 20:34:59
VIRINCHI,2024-05-03 22:24:37
VIRINCHI,2024-07-22 21:38:02
VIRINCHI,2024-11-06 21:06:03
VIRINCHI,2025-01-27 21:10:12
VISACHROME,2021-02-10 22:16:12
VISACHROME,2021-06-30 19:52:37
VISACHROME,2021-08-13 20:34:14
VISACHROME,2021-11-11 14:12:37
VISACHROME,2022-02-14 19:34:47
VISACHROME,2022-05-30 19:58:55
VISACHROME,2023-02-11 18:20:21
VISACHROME,2023-05-29 19:35:16
VISACHROME,2023-08-07 18:42:00
VISACHROME,2023-11-14 19:10:59
VISACHROME,2024-02-14 18:38:25
VISACHROME,2024-05-30 19:54:50
VISACHROME,2024-08-14 19:43:57
VISACHROME,2024-11-14 20:00:54
VISACHROME,2025-02-12 16:42:30
VISAKAIND,2021-01-28 14:46:04
VISAKAIND,2021-01-28 19:05:02
VISAKAIND,2021-04-22 16:20:43
VISAKAIND,2021-07-26 15:11:15
VISAKAIND,2021-10-30 14:46:07
VISAKAIND,2022-02-04 13:56:46
VISAKAIND,2022-05-09 14:08:23
VISAKAIND,2023-02-06 14:06:52
VISAKAIND,2023-05-19 21:02:02
VISAKAIND,2023-08-09 15:52:04
VISAKAIND,2023-11-07 15:45:05
VISAKAIND,2024-02-12 15:06:54
VISAKAIND,2024-05-15 18:18:04
VISAKAIND,2024-08-12 15:30:06
VISAKAIND,2024-11-12 15:17:07
VISAKAIND,2025-02-14 16:02:10
VISAMAN,2024-07-20 13:07:41
VISAMAN,2024-11-14 20:37:07
VISDEM,2023-11-11 21:40:58
VISDEM,2024-05-18 11:58:37
VISDEM,2024-05-30 23:50:02
VISDEM,2024-11-14 16:54:39
VISESHINFO,2021-02-13 13:16:52
VISESHINFO,2021-06-30 15:55:58
VISESHINFO,2021-07-01 19:26:40
VISESHINFO,2021-08-13 20:53:23
VISESHINFO,2021-11-13 20:25:15
VISESHINFO,2022-01-24 17:41:36
VISESHINFO,2022-05-30 21:24:59
VISESHINFO,2023-02-13 18:33:22
VISESHINFO,2023-05-30 21:02:18
VISESHINFO,2023-08-11 20:16:23
VISESHINFO,2023-11-07 20:31:04
VISESHINFO,2024-02-14 18:20:32
VISESHINFO,2024-05-30 20:42:54
VISESHINFO,2024-06-01 14:11:05
VISESHINFO,2024-08-12 18:52:05
VISESHINFO,2024-11-14 17:58:51
VISESHINFO,2025-02-12 17:33:00
VISHNU,2021-02-12 17:48:28
VISHNU,2021-05-19 18:49:54
VISHNU,2021-08-12 17:02:53
VISHNU,2021-11-06 16:57:20
VISHNU,2022-02-14 18:22:46
VISHNU,2022-05-16 18:58:59
VISHNU,2023-02-10 17:03:07
VISHNU,2023-05-03 14:20:34
VISHNU,2023-08-14 16:23:18
VISHNU,2023-11-08 17:27:07
VISHNU,2024-02-12 17:16:53
VISHNU,2024-05-25 18:00:26
VISHNU,2024-08-14 16:51:46
VISHNU,2024-11-11 17:06:45
VISHNU,2025-01-24 13:53:15
VISHNUINFR,2023-11-14 17:01:12
VISHNUINFR,2024-05-23 18:44:18
VISHNUINFR,2024-11-06 13:09:36
VISHWARAJ,2021-01-18 17:30:47
VISHWARAJ,2021-01-18 17:46:50
VISHWARAJ,2021-01-25 17:17:42
VISHWARAJ,2021-05-26 10:41:00
VISHWARAJ,2021-08-12 13:37:04
VISHWARAJ,2021-10-30 16:22:32
VISHWARAJ,2022-01-15 14:30:52
VISHWARAJ,2022-05-09 13:14:49
VISHWARAJ,2023-02-09 16:38:47
VISHWARAJ,2023-05-25 15:48:12
VISHWARAJ,2023-08-10 12:20:39
VISHWARAJ,2023-11-09 15:37:25
VISHWARAJ,2024-02-12 16:16:39
VISHWARAJ,2024-05-12 09:37:56
VISHWARAJ,2024-08-14 17:00:53
VISHWARAJ,2024-11-11 17:37:47
VISHWARAJ,2025-02-12 17:30:57
VISHWAS,2024-05-30 21:30:56
VISHWAS,2024-11-19 12:25:35
VISUINTL,2021-02-13 16:54:56
VISUINTL,2021-07-01 16:01:10
VISUINTL,2021-08-17 15:36:25
VISUINTL,2021-11-13 16:58:40
VISUINTL,2022-02-10 17:22:27
VISUINTL,2022-05-30 18:07:37
VISUINTL,2023-02-07 18:12:53
VISUINTL,2023-05-29 17:21:44
VITAL,2023-05-22 19:23:09
VITAL,2023-05-22 19:24:24
VITAL,2023-11-08 19:39:43
VITAL,2023-11-08 19:40:38
VITAL,2024-05-29 19:00:30
VITAL,2024-11-14 18:51:31
VIVIANA,2023-05-26 21:29:22
VIVIANA,2023-11-07 15:24:24
VIVIANA,2024-05-08 20:05:46
VIVIANA,2024-10-25 14:42:19
VIVIANA,2024-10-26 08:05:02
VIVIANA,2025-02-07 16:58:13
VIVIDHA,2021-02-12 18:34:02
VIVIDHA,2021-06-25 15:14:43
VIVIDHA,2021-06-26 00:06:14
VIVIDHA,2021-07-16 14:34:12
VIVIDHA,2021-11-12 20:45:31
VIVIDHA,2022-02-14 20:13:57
VIVIDHA,2022-05-30 19:56:31
VIVIDHA,2023-02-10 12:01:53
VIVIDHA,2023-05-10 19:10:33
VIVIDHA,2023-08-14 19:51:15
VIVIDHA,2023-11-07 20:09:05
VIVIDHA,2024-02-13 14:58:12
VIVIDHA,2024-05-27 20:18:53
VIVIDHA,2024-08-09 16:39:40
VIVIDHA,2024-11-12 21:22:25
VIVIDHA,2025-02-06 16:24:04
VIVIMEDLAB,2021-02-13 15:43:35
VIVIMEDLAB,2021-06-28 22:33:39
VIVIMEDLAB,2021-08-13 21:11:17
VIVIMEDLAB,2021-11-13 16:56:24
VIVIMEDLAB,2022-02-14 16:53:38
VIVIMEDLAB,2022-06-06 12:26:47
VIVIMEDLAB,2023-02-13 18:08:34
VIVIMEDLAB,2023-05-30 23:34:48
VIVIMEDLAB,2023-08-14 20:49:04
VIVIMEDLAB,2023-11-14 21:09:27
VIVIMEDLAB,2024-02-14 19:38:30
VIVIMEDLAB,2024-11-14 22:40:22
VIVIMEDLAB,2025-01-11 00:01:29
VIVIMEDLAB,2025-01-11 00:02:30
VIVIMEDLAB,2025-02-14 21:23:47
VIVO,2022-05-20 19:44:23
VIVO,2023-05-13 19:53:55
VIVO,2023-11-09 13:49:13
VIVO,2024-05-21 15:50:15
VIVO,2024-11-06 16:56:43
VIYASH,2021-02-03 18:44:56
VIYASH,2021-06-30 22:33:37
VIYASH,2021-08-10 19:13:56
VIYASH,2021-11-01 19:56:25
VIYASH,2022-02-11 20:03:32
VIYASH,2022-05-25 21:20:31
VIYASH,2023-02-14 17:53:43
VIYASH,2023-05-23 20:26:00
VIYASH,2023-08-10 22:17:43
VIYASH,2023-11-07 17:07:07
VIYASH,2024-02-13 20:52:30
VIYASH,2024-05-15 20:06:47
VIYASH,2024-08-14 19:56:08
VIYASH,2024-11-13 20:25:19
VIYASH,2025-02-11 13:20:31
VLEGOV,2023-08-17 16:20:33
VLEGOV,2023-11-11 14:28:24
VLEGOV,2024-01-06 13:50:35
VLEGOV,2024-04-19 17:05:12
VLEGOV,2024-07-09 14:04:38
VLEGOV,2024-10-08 16:39:07
VLEGOV,2025-02-14 17:30:26
VLINFRA,2024-11-12 17:52:54
VLSFINANCE,2021-02-12 14:09:21
VLSFINANCE,2021-06-29 18:27:08
VLSFINANCE,2021-07-26 17:34:33
VLSFINANCE,2021-11-13 18:15:28
VLSFINANCE,2022-02-10 19:05:24
VLSFINANCE,2022-05-29 15:58:07
VLSFINANCE,2023-02-04 18:25:40
VLSFINANCE,2023-05-27 21:23:47
VLSFINANCE,2023-08-10 14:29:57
VLSFINANCE,2023-10-26 19:12:41
VLSFINANCE,2024-02-13 18:38:38
VLSFINANCE,2024-05-28 20:28:37
VLSFINANCE,2024-08-09 22:03:26
VLSFINANCE,2024-11-13 20:51:16
VLSFINANCE,2025-02-05 21:43:50
VMARCIND,2021-07-06 19:59:13
VMARCIND,2021-11-12 15:26:49
VMARCIND,2022-05-28 15:47:11
VMARCIND,2023-05-27 18:24:18
VMARCIND,2023-11-07 17:45:33
VMARCIND,2024-05-07 17:11:35
VMARCIND,2024-11-11 19:00:16
VMART,2021-01-22 14:08:01
VMART,2021-05-28 16:41:20
VMART,2021-08-10 16:59:43
VMART,2021-11-08 16:50:44
VMART,2022-02-10 16:54:28
VMART,2022-05-25 18:47:44
VMART,2023-02-06 15:32:16
VMART,2023-05-16 20:44:51
VMART,2023-08-09 18:14:40
VMART,2023-11-06 17:29:27
VMART,2024-02-06 15:45:37
VMART,2024-05-14 18:33:15
VMART,2024-08-05 15:48:19
VMART,2024-10-29 14:41:26
VMART,2025-02-04 13:56:25
VMM,2025-01-31 19:02:21
VOLTAMP,2021-02-11 16:51:09
VOLTAMP,2021-02-11 16:57:28
VOLTAMP,2021-08-14 16:32:00
VOLTAMP,2021-10-29 16:40:44
VOLTAMP,2022-01-31 16:54:56
VOLTAMP,2022-05-25 14:35:17
VOLTAMP,2023-02-04 13:42:29
VOLTAMP,2023-05-25 17:03:20
VOLTAMP,2023-08-07 14:49:11
VOLTAMP,2023-10-26 14:22:58
VOLTAMP,2024-01-29 14:14:02
VOLTAMP,2024-05-02 17:50:15
VOLTAMP,2024-05-02 19:33:24
VOLTAMP,2024-07-29 13:55:17
VOLTAMP,2024-10-26 14:01:00
VOLTAMP,2025-01-30 13:03:53
VOLTAS,2021-02-12 12:18:44
VOLTAS,2021-05-12 14:24:52
VOLTAS,2021-08-06 12:05:20
VOLTAS,2021-10-29 13:04:11
VOLTAS,2022-02-11 18:24:59
VOLTAS,2022-05-05 19:55:01
VOLTAS,2023-02-09 16:01:11
VOLTAS,2023-04-26 18:25:26
VOLTAS,2023-08-11 18:18:14
VOLTAS,2023-10-19 19:16:16
VOLTAS,2024-01-30 19:14:54
VOLTAS,2024-05-07 18:30:25
VOLTAS,2024-08-12 08:31:18
VOLTAS,2024-10-29 15:38:09
VOLTAS,2025-01-29 17:09:42
VPRPL,2023-09-25 16:39:34
VPRPL,2023-11-08 15:47:07
VPRPL,2024-02-09 15:25:37
VPRPL,2024-05-27 17:30:03
VPRPL,2024-08-13 14:58:19
VPRPL,2024-11-08 16:46:57
VPRPL,2025-02-03 15:29:46
VR,2024-05-11 14:21:09
VR,2024-10-24 15:16:39
VRAJ,2024-07-18 18:06:46
VRAJ,2024-08-10 14:40:42
VRAJ,2024-11-12 15:42:35
VRAJ,2025-02-12 15:40:20
VRLLOG,2021-02-06 13:10:57
VRLLOG,2021-06-12 16:19:07
VRLLOG,2021-08-07 14:54:59
VRLLOG,2021-11-01 15:31:59
VRLLOG,2022-02-02 14:15:45
VRLLOG,2022-05-27 15:05:28
VRLLOG,2023-01-30 14:46:19
VRLLOG,2023-05-20 13:08:18
VRLLOG,2023-08-07 11:47:19
VRLLOG,2023-11-06 15:45:24
VRLLOG,2024-02-05 14:34:20
VRLLOG,2024-05-20 15:22:24
VRLLOG,2024-08-05 12:04:36
VRLLOG,2024-11-13 15:44:50
VRLLOG,2025-02-05 15:36:05
VSCL,2021-02-12 12:43:45
VSCL,2021-06-28 13:08:27
VSCL,2021-08-13 13:11:05
VSCL,2021-11-12 12:44:31
VSCL,2022-02-14 13:20:33
VSCL,2022-05-30 13:07:58
VSCL,2023-05-30 17:53:48
VSCL,2023-11-08 13:03:27
VSCL,2024-05-27 18:30:52
VSCL,2024-11-14 16:14:59
VSSL,2021-01-19 15:50:07
VSSL,2021-05-13 15:39:05
VSSL,2021-08-04 15:23:58
VSSL,2021-10-25 16:31:57
VSSL,2022-01-28 15:15:02
VSSL,2022-04-29 16:19:11
VSSL,2023-01-30 14:13:43
VSSL,2023-04-27 15:12:04
VSSL,2023-08-02 16:08:17
VSSL,2023-11-07 13:43:36
VSSL,2024-02-02 13:27:07
VSSL,2024-05-01 21:51:50
VSSL,2024-07-25 13:46:40
VSSL,2024-11-07 14:03:00
VSSL,2025-01-29 14:20:20
VSTIND,2021-01-20 16:14:34
VSTIND,2021-04-27 18:28:44
VSTIND,2021-07-27 18:54:44
VSTIND,2021-10-21 18:41:07
VSTIND,2022-01-20 19:35:30
VSTIND,2022-04-26 17:27:11
VSTIND,2023-01-25 17:41:35
VSTIND,2023-04-25 17:17:55
VSTIND,2023-07-14 18:32:29
VSTIND,2023-10-17 16:48:52
VSTIND,2024-01-22 18:42:17
VSTIND,2024-04-26 16:40:04
VSTIND,2024-07-25 17:43:39
VSTIND,2024-10-24 17:11:46
VSTIND,2025-02-07 13:14:36
VSTL,2024-03-07 12:00:38
VSTL,2024-05-28 18:44:45
VSTL,2024-08-13 17:30:52
VSTL,2024-11-13 22:09:12
VSTL,2025-02-07 17:53:24
VSTTILLERS,2021-02-09 15:08:35
VSTTILLERS,2021-06-21 17:23:47
VSTTILLERS,2021-08-14 13:53:26
VSTTILLERS,2021-11-09 14:44:47
VSTTILLERS,2022-02-14 14:58:01
VSTTILLERS,2022-05-09 15:06:24
VSTTILLERS,2023-02-10 14:51:56
VSTTILLERS,2023-05-12 16:47:45
VSTTILLERS,2023-05-12 17:01:03
VSTTILLERS,2023-08-04 14:42:01
VSTTILLERS,2023-11-07 14:16:56
VSTTILLERS,2024-02-01 15:02:16
VSTTILLERS,2024-05-09 16:06:47
VSTTILLERS,2024-08-13 14:51:24
VSTTILLERS,2024-11-04 14:15:45
VSTTILLERS,2025-02-10 14:40:45
VTL,2021-01-21 14:58:40
VTL,2021-05-25 14:46:50
VTL,2021-07-29 12:42:27
VTL,2021-10-27 13:00:12
VTL,2022-01-22 13:34:14
VTL,2022-05-21 13:13:49
VTL,2023-01-25 12:37:08
VTL,2023-05-05 13:14:35
VTL,2023-08-04 13:37:59
VTL,2023-10-31 11:51:28
VTL,2024-01-24 13:39:38
VTL,2024-05-09 14:19:54
VTL,2024-07-30 13:31:09
VTL,2024-10-30 11:51:04
VTL,2025-01-22 12:14:41
WAAREEENER,2024-11-18 20:13:30
WAAREEENER,2025-01-30 15:24:06
WAAREEINDO,2021-02-12 23:27:11
WAAREEINDO,2021-12-30 13:24:50
WAAREEINDO,2021-12-30 13:27:17
WAAREEINDO,2021-12-30 13:29:38
WAAREEINDO,2021-12-30 13:33:24
WAAREEINDO,2023-02-13 20:55:37
WAAREEINDO,2023-05-30 17:11:16
WAAREEINDO,2023-08-10 15:42:53
WAAREEINDO,2023-11-06 13:25:00
WAAREEINDO,2024-01-24 17:20:27
WAAREEINDO,2024-05-28 11:13:33
WAAREEINDO,2024-08-13 15:51:40
WAAREEINDO,2024-11-11 12:25:56
WAAREEINDO,2025-01-22 18:02:34
WABAG,2021-02-11 17:46:26
WABAG,2021-06-05 22:07:21
WABAG,2021-08-11 16:53:54
WABAG,2021-11-13 13:56:23
WABAG,2022-02-11 17:06:11
WABAG,2022-05-27 19:12:46
WABAG,2023-02-10 15:14:47
WABAG,2023-05-19 16:48:50
WABAG,2023-08-11 14:59:01
WABAG,2023-11-06 14:01:09
WABAG,2024-02-09 15:01:21
WABAG,2024-05-21 16:17:04
WABAG,2024-08-08 20:35:32
WABAG,2024-11-07 15:37:39
WABAG,2025-02-07 17:07:26
WALCHANNAG,2021-02-10 16:29:23
WALCHANNAG,2021-06-29 18:24:26
WALCHANNAG,2021-08-14 16:12:31
WALCHANNAG,2021-11-12 17:37:09
WALCHANNAG,2022-02-10 17:38:46
WALCHANNAG,2022-05-30 21:39:33
WALCHANNAG,2023-02-13 18:33:21
WALCHANNAG,2023-05-25 20:30:09
WALCHANNAG,2023-05-26 16:57:25
WALCHANNAG,2023-08-09 20:27:59
WALCHANNAG,2023-11-09 17:54:34
WALCHANNAG,2024-02-01 17:35:16
WALCHANNAG,2024-05-28 18:42:23
WALCHANNAG,2024-05-28 19:38:59
WALCHANNAG,2024-08-07 18:04:15
WALCHANNAG,2024-11-14 17:48:12
WALCHANNAG,2025-02-06 19:48:53
WALPAR,2021-11-13 13:29:28
WALPAR,2022-05-25 17:15:13
WALPAR,2023-05-22 18:28:20
WALPAR,2023-11-08 19:14:31
WALPAR,2024-05-27 18:54:19
WALPAR,2024-11-12 18:21:47
WANBURY,2021-02-12 14:57:45
WANBURY,2021-02-12 15:04:43
WANBURY,2021-06-28 16:04:10
WANBURY,2021-10-20 15:16:19
WANBURY,2021-11-25 15:11:53
WANBURY,2022-02-08 16:17:50
WANBURY,2022-06-22 19:24:16
WANBURY,2023-02-14 19:51:14
WANBURY,2023-07-07 19:45:24
WANBURY,2023-08-11 18:35:58
WANBURY,2023-10-20 19:24:33
WANBURY,2024-01-24 15:59:57
WANBURY,2024-05-16 19:13:13
WANBURY,2024-08-12 21:39:37
WANBURY,2024-11-13 20:44:55
WANBURY,2025-02-12 20:35:58
WCIL,2024-10-09 15:08:40
WCIL,2024-11-13 19:41:04
WCIL,2025-02-07 18:48:12
WEALTH,2021-02-13 12:12:53
WEALTH,2021-06-15 12:37:13
WEALTH,2021-06-16 09:41:56
WEALTH,2021-08-10 17:56:15
WEALTH,2021-10-13 17:12:22
WEALTH,2022-02-02 16:56:24
WEALTH,2022-05-10 17:51:34
WEALTH,2023-01-27 16:55:39
WEALTH,2023-04-29 13:38:35
WEALTH,2023-08-10 18:29:51
WEALTH,2023-10-25 18:47:05
WEALTH,2024-01-24 13:28:45
WEALTH,2024-05-08 14:12:10
WEALTH,2024-07-11 14:44:22
WEALTH,2024-10-14 12:34:58
WEALTH,2025-01-27 17:30:25
WEBELSOLAR,2021-01-14 13:28:33
WEBELSOLAR,2021-06-02 14:47:21
WEBELSOLAR,2021-08-16 11:30:52
WEBELSOLAR,2021-11-02 15:07:37
WEBELSOLAR,2021-11-03 19:36:07
WEBELSOLAR,2022-02-12 22:13:39
WEBELSOLAR,2022-05-30 13:56:10
WEBELSOLAR,2023-02-14 13:54:28
WEBELSOLAR,2023-05-30 14:33:48
WEBELSOLAR,2023-08-14 17:41:10
WEBELSOLAR,2023-11-14 14:30:14
WEBELSOLAR,2024-01-25 17:48:17
WEBELSOLAR,2024-05-29 17:16:47
WEBELSOLAR,2024-08-03 14:25:30
WEBELSOLAR,2024-10-29 16:19:14
WEBELSOLAR,2025-02-06 23:28:44
WEIZMANIND,2021-02-12 16:43:52
WEIZMANIND,2021-06-29 17:23:23
WEIZMANIND,2021-08-12 15:41:43
WEIZMANIND,2021-11-12 16:51:13
WEIZMANIND,2022-02-11 16:15:45
WEIZMANIND,2022-05-27 19:52:09
WEIZMANIND,2023-02-09 13:45:04
WEIZMANIND,2023-05-25 15:32:24
WEIZMANIND,2023-08-09 15:46:53
WEIZMANIND,2023-11-09 15:54:29
WEIZMANIND,2024-02-08 15:09:07
WEIZMANIND,2024-05-28 15:46:26
WEIZMANIND,2024-08-12 15:08:29
WEIZMANIND,2024-11-12 15:12:59
WEIZMANIND,2025-02-13 16:01:42
WEL,2021-11-12 14:15:59
WEL,2022-02-11 14:24:24
WEL,2022-05-28 15:26:52
WEL,2023-02-10 15:01:08
WEL,2023-05-20 16:28:07
WEL,2023-08-11 15:07:56
WEL,2023-11-09 16:06:21
WEL,2024-02-12 14:34:26
WEL,2024-05-15 14:52:35
WEL,2024-08-12 14:45:13
WEL,2024-11-12 13:03:41
WEL,2025-01-29 12:27:29
WELCORP,2021-01-28 14:20:53
WELCORP,2021-06-29 11:25:29
WELCORP,2021-07-29 14:29:28
WELCORP,2021-10-28 15:28:54
WELCORP,2022-02-10 16:04:17
WELCORP,2022-05-27 16:40:18
WELCORP,2023-02-02 21:07:10
WELCORP,2023-05-30 19:06:41
WELCORP,2023-08-04 14:33:07
WELCORP,2023-11-08 15:39:46
WELCORP,2024-02-06 14:47:12
WELCORP,2024-05-30 16:17:20
WELCORP,2024-08-07 16:50:22
WELCORP,2024-11-08 16:09:24
WELCORP,2025-02-05 16:41:25
WELENT,2021-01-28 19:25:49
WELENT,2021-06-16 20:06:43
WELENT,2021-07-29 19:42:00
WELENT,2021-10-29 17:06:42
WELENT,2022-02-02 18:40:38
WELENT,2022-05-12 20:48:31
WELENT,2023-01-31 19:55:33
WELENT,2023-05-19 15:38:05
WELENT,2023-08-01 15:24:32
WELENT,2023-11-09 14:20:29
WELENT,2024-02-01 14:47:04
WELENT,2024-05-21 14:04:01
WELENT,2024-08-01 15:09:41
WELENT,2024-10-29 19:41:32
WELENT,2025-02-03 18:44:11
WELINV,2021-01-29 12:11:36
WELINV,2021-04-20 17:21:03
WELINV,2021-04-26 14:36:05
WELINV,2021-08-11 12:47:58
WELINV,2021-10-27 12:16:05
WELINV,2022-01-27 12:23:50
WELINV,2022-05-20 13:04:50
WELINV,2023-01-18 12:46:45
WELINV,2023-05-10 19:34:24
WELINV,2023-08-02 12:33:47
WELINV,2023-10-18 12:03:47
WELINV,2024-01-31 14:33:14
WELINV,2024-05-15 17:50:15
WELINV,2024-08-07 18:39:12
WELINV,2024-11-06 13:41:24
WELINV,2025-01-29 16:51:23
WELSPUNLIV,2021-01-27 14:27:14
WELSPUNLIV,2021-05-14 14:56:01
WELSPUNLIV,2021-07-28 13:38:35
WELSPUNLIV,2021-10-27 15:16:11
WELSPUNLIV,2022-02-03 14:18:31
WELSPUNLIV,2022-05-10 14:55:10
WELSPUNLIV,2023-01-30 15:00:57
WELSPUNLIV,2023-04-27 14:31:55
WELSPUNLIV,2023-07-31 14:20:23
WELSPUNLIV,2023-10-25 13:39:41
WELSPUNLIV,2024-01-31 14:22:13
WELSPUNLIV,2024-04-25 14:24:10
WELSPUNLIV,2024-07-24 13:58:52
WELSPUNLIV,2024-10-28 14:33:05
WELSPUNLIV,2025-01-30 14:38:40
WENDT,2021-01-22 12:45:05
WENDT,2021-01-22 12:54:25
WENDT,2021-04-23 14:58:45
WENDT,2021-07-23 13:32:32
WENDT,2021-10-22 14:26:41
WENDT,2022-01-21 15:21:36
WENDT,2022-04-22 15:22:44
WENDT,2023-01-18 14:25:24
WENDT,2023-04-21 14:48:36
WENDT,2023-07-21 14:13:34
WENDT,2023-10-19 14:18:29
WENDT,2024-01-19 19:05:51
WENDT,2024-04-25 16:01:30
WENDT,2024-07-22 14:12:05
WENDT,2024-10-21 14:27:05
WENDT,2025-01-22 14:02:20
WESTLIFE,2023-07-27 13:46:31
WESTLIFE,2023-10-26 13:47:08
WESTLIFE,2024-01-31 16:27:06
WESTLIFE,2024-05-08 14:54:53
WESTLIFE,2024-05-08 15:08:15
WESTLIFE,2024-05-08 15:57:21
WESTLIFE,2024-07-25 14:57:51
WESTLIFE,2024-10-24 15:11:32
WESTLIFE,2025-01-29 15:08:27
WEWIN,2021-06-21 20:20:51
WEWIN,2021-10-29 17:34:12
WEWIN,2022-05-30 23:26:43
WEWIN,2023-02-03 18:52:06
WEWIN,2023-05-15 19:20:01
WEWIN,2023-08-11 16:46:47
WEWIN,2023-11-06 17:32:49
WEWIN,2024-02-12 17:14:05
WEWIN,2024-05-21 21:04:41
WEWIN,2024-08-09 17:15:12
WEWIN,2024-11-12 18:58:03
WEWIN,2025-02-13 17:01:39
WHEELS,2021-01-29 13:52:12
WHEELS,2021-05-21 14:12:17
WHEELS,2021-05-21 14:38:22
WHEELS,2021-07-30 13:09:36
WHEELS,2021-10-29 13:34:29
WHEELS,2022-02-01 12:28:02
WHEELS,2022-05-20 13:59:48
WHEELS,2023-01-31 12:54:41
WHEELS,2023-05-18 14:20:18
WHEELS,2023-08-01 14:18:38
WHEELS,2023-11-01 14:26:16
WHEELS,2024-01-30 14:17:58
WHEELS,2024-05-20 14:41:53
WHEELS,2024-07-29 14:11:20
WHEELS,2024-10-28 13:46:06
WHEELS,2025-01-27 13:22:02
WHIRLPOOL,2021-02-04 13:10:33
WHIRLPOOL,2021-06-15 13:33:37
WHIRLPOOL,2021-08-10 13:34:08
WHIRLPOOL,2021-11-01 12:49:46
WHIRLPOOL,2022-02-10 14:30:56
WHIRLPOOL,2022-05-25 16:38:56
WHIRLPOOL,2023-02-01 14:19:40
WHIRLPOOL,2023-05-17 17:22:38
WHIRLPOOL,2023-08-07 14:40:00
WHIRLPOOL,2023-11-03 12:08:26
WHIRLPOOL,2024-02-02 13:47:38
WHIRLPOOL,2024-05-20 18:10:29
WHIRLPOOL,2024-07-29 13:14:44
WHIRLPOOL,2024-11-08 16:02:01
WHIRLPOOL,2025-02-04 16:53:29
WILLAMAGOR,2021-02-12 13:22:41
WILLAMAGOR,2021-07-01 00:22:55
WILLAMAGOR,2021-08-12 17:43:08
WILLAMAGOR,2021-11-11 19:58:40
WILLAMAGOR,2022-02-10 18:13:20
WILLAMAGOR,2022-05-28 20:19:02
WILLAMAGOR,2023-02-11 18:31:33
WILLAMAGOR,2023-05-29 16:23:12
WILLAMAGOR,2023-08-11 16:57:01
WILLAMAGOR,2023-11-09 16:40:58
WILLAMAGOR,2024-02-07 16:39:49
WILLAMAGOR,2024-05-27 19:56:21
WILLAMAGOR,2024-08-13 18:37:48
WILLAMAGOR,2024-11-12 20:17:26
WILLAMAGOR,2025-02-14 20:31:39
WINDLAS,2021-09-08 14:45:44
WINDLAS,2021-11-01 14:52:02
WINDLAS,2022-02-02 13:48:52
WINDLAS,2022-05-12 16:52:00
WINDLAS,2023-02-08 15:36:12
WINDLAS,2023-05-05 19:12:54
WINDLAS,2023-08-08 13:37:29
WINDLAS,2023-11-08 14:22:41
WINDLAS,2024-02-08 14:23:39
WINDLAS,2024-05-20 14:15:55
WINDLAS,2024-08-13 14:08:37
WINDLAS,2024-11-12 13:53:13
WINDLAS,2025-02-11 14:50:00
WINDMACHIN,2021-02-04 15:12:37
WINDMACHIN,2021-06-30 16:54:15
WINDMACHIN,2021-08-05 17:02:55
WINDMACHIN,2021-11-01 18:30:15
WINDMACHIN,2021-11-02 17:35:42
WINDMACHIN,2022-02-12 16:21:11
WINDMACHIN,2022-02-12 17:18:09
WINDMACHIN,2022-05-10 16:02:18
WINDMACHIN,2023-02-12 17:47:04
WINDMACHIN,2023-02-14 16:07:40
WINDMACHIN,2023-05-25 15:24:37
WINDMACHIN,2023-08-09 15:18:28
WINDMACHIN,2023-11-06 18:29:00
WINDMACHIN,2024-02-09 17:34:45
WINDMACHIN,2024-05-28 19:19:34
WINDMACHIN,2024-08-13 15:21:34
WINDMACHIN,2024-11-07 18:43:14
WINDMACHIN,2025-02-01 15:18:54
WINNY,2024-11-12 11:56:52
WINSOL,2024-06-03 19:03:43
WINSOL,2024-11-13 18:54:12
WINSOME,2021-02-11 15:53:36
WINSOME,2021-06-29 19:11:57
WINSOME,2021-07-03 16:27:47
WINSOME,2021-08-12 20:51:53
WINSOME,2021-11-14 16:49:29
WINSOME,2022-02-11 17:32:40
WINSOME,2022-05-27 19:18:29
WINSOME,2023-02-14 17:00:49
WINSOME,2023-05-29 18:21:07
WINSOME,2023-08-14 14:52:59
WINSOME,2023-11-08 16:03:43
WINSOME,2024-04-22 18:48:06
WINSOME,2024-11-15 16:36:35
WINSOME,2025-03-26 13:47:21
WINSOME,2025-03-26 13:50:47
WINSOME,2025-03-26 13:53:42
WIPL,2021-02-12 13:37:30
WIPL,2021-06-14 14:33:51
WIPL,2021-08-11 16:38:19
WIPL,2021-11-13 13:58:50
WIPL,2022-02-12 14:00:15
WIPL,2022-05-20 15:04:58
WIPL,2023-02-14 16:12:48
WIPL,2023-05-29 16:10:34
WIPL,2023-08-12 14:42:01
WIPL,2023-11-13 13:44:48
WIPL,2024-02-12 14:53:41
WIPL,2024-05-29 14:48:23
WIPL,2024-08-12 13:39:04
WIPL,2024-11-13 15:11:39
WIPL,2025-02-13 14:44:23
WIPRO,2021-01-13 15:42:05
WIPRO,2021-04-15 15:45:33
WIPRO,2021-07-15 16:03:48
WIPRO,2021-10-13 15:34:40
WIPRO,2022-01-12 15:35:45
WIPRO,2022-04-29 15:45:56
WIPRO,2023-01-13 15:39:14
WIPRO,2023-04-27 15:58:05
WIPRO,2023-07-13 15:39:05
WIPRO,2023-10-18 15:47:16
WIPRO,2024-01-12 15:36:37
WIPRO,2024-04-19 15:44:44
WIPRO,2024-07-19 15:34:36
WIPRO,2024-10-17 15:45:00
WIPRO,2025-01-17 15:40:00
WOCKPHARMA,2021-01-29 13:47:11
WOCKPHARMA,2021-05-27 13:57:32
WOCKPHARMA,2021-07-22 12:46:53
WOCKPHARMA,2021-11-08 14:00:04
WOCKPHARMA,2022-01-27 12:59:37
WOCKPHARMA,2022-05-30 22:44:57
WOCKPHARMA,2023-02-13 15:06:53
WOCKPHARMA,2023-05-26 17:21:48
WOCKPHARMA,2023-08-14 14:17:19
WOCKPHARMA,2023-11-14 17:14:55
WOCKPHARMA,2024-02-14 14:38:43
WOCKPHARMA,2024-05-28 19:24:56
WOCKPHARMA,2024-08-09 15:05:13
WOCKPHARMA,2024-11-13 13:37:30
WOCKPHARMA,2025-02-07 13:41:00
WOL3D,2024-11-14 14:42:13
WOMANCART,2023-11-14 18:52:22
WOMANCART,2024-05-30 16:42:04
WOMANCART,2024-11-14 15:06:05
WONDERLA,2021-02-02 18:23:52
WONDERLA,2021-06-08 16:32:27
WONDERLA,2021-08-10 14:11:23
WONDERLA,2021-11-10 15:02:19
WONDERLA,2022-02-10 14:12:09
WONDERLA,2022-05-26 15:21:37
WONDERLA,2023-02-07 16:19:33
WONDERLA,2023-05-24 15:48:17
WONDERLA,2023-08-11 12:47:02
WONDERLA,2023-11-08 14:36:10
WONDERLA,2024-02-08 14:05:46
WONDERLA,2024-05-16 15:11:41
WONDERLA,2024-07-29 14:59:16
WONDERLA,2024-11-05 14:18:16
WONDERLA,2025-01-27 14:44:39
WORTHPERI,2021-02-11 13:01:43
WORTHPERI,2021-06-21 12:50:28
WORTHPERI,2021-08-13 13:15:27
WORTHPERI,2021-11-12 17:59:47
WORTHPERI,2022-02-10 13:07:45
WORTHPERI,2022-05-28 13:23:18
WORTHPERI,2023-02-08 13:18:39
WORTHPERI,2023-05-29 12:57:55
WORTHPERI,2023-08-07 13:43:56
WORTHPERI,2023-11-08 13:27:35
WORTHPERI,2024-02-12 13:19:05
WORTHPERI,2024-05-27 14:23:53
WORTHPERI,2024-08-08 13:51:45
WORTHPERI,2024-11-14 16:20:28
WORTHPERI,2025-02-11 13:34:17
WSI,2021-02-12 13:54:24
WSI,2021-07-13 13:36:11
WSI,2021-08-11 14:38:51
WSI,2021-11-12 15:54:56
WSI,2022-02-14 16:06:39
WSI,2022-05-30 14:15:42
WSI,2023-02-08 17:33:23
WSI,2023-05-30 14:54:54
WSI,2023-08-11 15:32:30
WSI,2023-11-08 18:52:05
WSI,2024-02-09 13:42:33
WSI,2024-05-21 13:04:08
WSI,2024-08-14 19:52:52
WSI,2024-11-13 12:57:03
WSI,2025-02-12 17:30:08
WSTCSTPAPR,2021-02-11 13:12:13
WSTCSTPAPR,2021-06-24 15:06:00
WSTCSTPAPR,2021-08-13 14:20:31
WSTCSTPAPR,2021-11-13 13:41:24
WSTCSTPAPR,2022-02-10 14:49:36
WSTCSTPAPR,2022-05-26 16:24:35
WSTCSTPAPR,2023-02-10 14:05:06
WSTCSTPAPR,2023-05-19 14:13:58
WSTCSTPAPR,2023-08-10 14:17:03
WSTCSTPAPR,2023-11-09 14:21:05
WSTCSTPAPR,2024-02-13 13:17:41
WSTCSTPAPR,2024-05-27 14:39:54
WSTCSTPAPR,2024-08-10 13:57:48
WSTCSTPAPR,2024-11-14 13:39:32
WSTCSTPAPR,2025-02-13 14:44:52
WTICAB,2024-05-28 18:14:25
WTICAB,2024-11-14 17:08:01
XCHANGING,2021-02-11 14:26:43
XCHANGING,2021-06-01 14:32:22
XCHANGING,2021-08-04 16:16:28
XCHANGING,2021-08-13 17:08:26
XCHANGING,2021-11-12 13:05:44
XCHANGING,2022-02-10 15:49:57
XCHANGING,2022-05-23 21:09:31
XCHANGING,2023-02-10 14:45:14
XCHANGING,2023-05-25 16:31:33
XCHANGING,2023-08-03 14:00:52
XCHANGING,2023-11-02 12:16:19
XCHANGING,2024-02-13 18:54:50
XCHANGING,2024-05-23 14:54:04
XCHANGING,2024-08-09 12:39:05
XCHANGING,2024-10-30 13:25:25
XCHANGING,2025-01-31 17:24:23
XELPMOC,2021-02-03 14:53:42
XELPMOC,2021-05-21 16:12:14
XELPMOC,2021-08-14 12:36:14
XELPMOC,2021-11-12 15:51:42
XELPMOC,2022-02-12 15:16:21
XELPMOC,2022-02-12 16:48:54
XELPMOC,2022-05-29 13:00:29
XELPMOC,2023-02-14 17:00:29
XELPMOC,2023-05-30 20:42:53
XELPMOC,2023-08-12 13:41:11
XELPMOC,2023-11-09 17:10:20
XELPMOC,2024-02-14 17:33:12
XELPMOC,2024-05-28 18:50:10
XELPMOC,2024-08-12 16:54:09
XELPMOC,2024-11-13 17:26:32
XELPMOC,2025-02-13 17:55:47
XPROINDIA,2021-02-10 13:06:10
XPROINDIA,2021-05-25 14:21:26
XPROINDIA,2021-08-10 15:41:23
XPROINDIA,2021-10-29 13:58:16
XPROINDIA,2022-02-04 17:20:38
XPROINDIA,2022-05-25 17:33:23
XPROINDIA,2023-02-06 15:00:09
XPROINDIA,2023-05-22 18:27:27
XPROINDIA,2023-08-11 15:34:47
XPROINDIA,2023-11-06 14:25:09
XPROINDIA,2024-01-29 14:02:17
XPROINDIA,2024-05-28 18:46:44
XPROINDIA,2024-07-26 16:12:37
XPROINDIA,2024-11-05 14:41:15
XPROINDIA,2025-02-08 16:12:19
XTGLOBAL,2024-11-13 12:36:27
XTGLOBAL,2025-02-14 12:09:32
YASHO,2023-10-31 13:50:54
YASHO,2024-02-06 16:48:10
YASHO,2024-05-13 15:19:08
YASHO,2024-08-01 16:23:21
YASHO,2024-11-13 15:15:58
YASHO,2025-02-11 16:19:46
YASHOPTICS,2024-05-29 19:26:43
YASHOPTICS,2024-11-14 14:12:15
YATHARTH,2023-08-17 19:37:26
YATHARTH,2023-11-07 17:10:22
YATHARTH,2024-02-10 18:55:06
YATHARTH,2024-05-23 10:32:15
YATHARTH,2024-08-13 19:01:18
YATHARTH,2024-11-07 17:19:49
YATHARTH,2025-01-27 12:34:43
YATRA,2023-10-16 13:19:09
YATRA,2023-11-14 15:37:52
YATRA,2024-02-14 15:42:16
YATRA,2024-05-30 20:25:55
YATRA,2024-08-12 19:39:48
YATRA,2024-11-12 17:37:03
YATRA,2025-02-11 04:56:02
YCCL,2023-11-02 19:39:55
YCCL,2024-05-21 20:29:49
YCCL,2024-11-12 17:09:12
YESBANK,2021-01-22 16:05:48
YESBANK,2021-04-30 16:55:19
YESBANK,2021-07-23 16:23:52
YESBANK,2021-10-22 12:54:57
YESBANK,2022-01-22 12:53:11
YESBANK,2022-04-30 14:16:20
YESBANK,2023-01-21 14:23:04
YESBANK,2023-04-22 13:26:03
YESBANK,2023-07-22 12:45:43
YESBANK,2023-10-21 12:36:47
YESBANK,2024-01-27 12:43:41
YESBANK,2024-04-27 12:50:16
YESBANK,2024-07-20 12:42:30
YESBANK,2024-10-26 12:40:30
YESBANK,2025-01-25 12:35:18
YUDIZ,2023-11-09 18:24:41
YUDIZ,2024-05-28 15:31:07
YUDIZ,2024-11-13 19:24:11
YUKEN,2021-11-12 13:41:39
YUKEN,2022-02-08 14:11:38
YUKEN,2022-05-25 14:52:21
YUKEN,2023-02-14 15:49:19
YUKEN,2023-05-29 15:29:06
YUKEN,2023-08-09 14:42:02
YUKEN,2023-11-08 15:01:27
YUKEN,2024-02-14 14:31:49
YUKEN,2024-05-22 15:14:33
YUKEN,2024-08-07 14:57:51
YUKEN,2024-11-13 15:49:10
YUKEN,2025-02-13 13:49:32
ZAGGLE,2023-10-11 17:46:29
ZAGGLE,2023-11-07 18:34:34
ZAGGLE,2024-02-06 16:24:24
ZAGGLE,2024-05-23 16:21:55
ZAGGLE,2024-07-30 16:18:23
ZAGGLE,2024-11-13 16:00:10
ZAGGLE,2025-02-07 16:27:29
ZEAL,2023-08-29 18:48:40
ZEAL,2023-11-08 22:41:04
ZEAL,2024-05-30 20:42:18
ZEAL,2024-11-14 17:26:46
ZEEL,2021-02-04 14:06:27
ZEEL,2021-05-20 16:01:45
ZEEL,2021-08-06 15:57:46
ZEEL,2021-11-11 17:28:44
ZEEL,2022-02-02 16:54:46
ZEEL,2022-05-26 18:08:40
ZEEL,2023-02-13 17:43:17
ZEEL,2023-05-25 16:49:48
ZEEL,2023-08-09 17:36:46
ZEEL,2023-11-09 18:22:40
ZEEL,2024-02-13 18:09:49
ZEEL,2024-05-17 16:17:47
ZEEL,2024-07-31 13:49:32
ZEEL,2024-10-18 14:51:40
ZEEL,2025-01-23 15:04:38
ZEELEARN,2021-02-09 22:30:29
ZEELEARN,2021-06-30 12:01:50
ZEELEARN,2021-08-13 22:48:49
ZEELEARN,2021-10-29 16:38:59
ZEELEARN,2022-02-04 16:18:27
ZEELEARN,2022-05-30 22:17:14
ZEELEARN,2023-02-08 18:54:47
ZEELEARN,2023-05-25 23:13:42
ZEELEARN,2023-08-10 17:30:01
ZEELEARN,2023-11-07 19:13:13
ZEELEARN,2024-02-14 19:00:25
ZEELEARN,2024-05-28 23:13:16
ZEELEARN,2024-08-08 19:44:50
ZEELEARN,2024-11-07 20:10:34
ZEELEARN,2025-02-06 22:28:36
ZEEMEDIA,2021-02-11 17:21:19
ZEEMEDIA,2021-06-28 18:27:43
ZEEMEDIA,2021-07-24 16:43:53
ZEEMEDIA,2021-07-24 17:03:20
ZEEMEDIA,2021-11-12 15:15:34
ZEEMEDIA,2022-02-10 17:15:53
ZEEMEDIA,2022-05-24 19:24:10
ZEEMEDIA,2023-02-14 16:11:25
ZEEMEDIA,2023-05-29 17:38:42
ZEEMEDIA,2023-08-12 13:28:43
ZEEMEDIA,2023-10-31 17:19:45
ZEEMEDIA,2024-02-12 17:26:21
ZEEMEDIA,2024-05-24 20:28:04
ZEEMEDIA,2024-08-07 14:54:57
ZEEMEDIA,2024-10-25 16:01:27
ZEEMEDIA,2025-02-11 18:37:39
ZENITHDRUG,2024-05-29 19:21:09
ZENITHDRUG,2024-11-14 15:18:19
ZENITHEXPO,2021-02-12 14:38:08
ZENITHEXPO,2021-06-30 16:34:13
ZENITHEXPO,2021-08-13 15:53:30
ZENITHEXPO,2021-11-12 13:10:53
ZENITHEXPO,2022-02-12 13:53:36
ZENITHEXPO,2022-05-28 14:37:09
ZENITHEXPO,2023-02-13 16:39:57
ZENITHEXPO,2023-05-27 12:53:06
ZENITHEXPO,2023-08-11 13:18:40
ZENITHEXPO,2023-11-10 12:49:49
ZENITHEXPO,2024-02-10 12:48:59
ZENITHEXPO,2024-05-30 13:14:09
ZENITHEXPO,2024-08-12 12:52:58
ZENITHEXPO,2024-11-14 12:38:07
ZENITHEXPO,2025-02-12 12:19:30
ZENITHSTL,2021-02-13 00:14:20
ZENITHSTL,2021-03-09 17:41:41
ZENITHSTL,2021-06-30 01:51:21
ZENITHSTL,2021-08-13 23:11:08
ZENITHSTL,2021-11-12 21:49:46
ZENITHSTL,2022-02-14 19:54:11
ZENITHSTL,2022-06-10 17:16:44
ZENITHSTL,2023-02-14 20:03:17
ZENITHSTL,2023-05-29 22:29:51
ZENITHSTL,2023-08-11 22:56:18
ZENITHSTL,2023-11-07 00:37:50
ZENITHSTL,2024-02-13 20:34:40
ZENITHSTL,2024-05-28 22:35:17
ZENITHSTL,2024-08-13 22:25:19
ZENITHSTL,2024-11-15 22:07:43
ZENITHSTL,2025-01-22 17:08:03
ZENITHSTL,2025-02-13 22:44:17
ZENSARTECH,2021-01-21 19:45:59
ZENSARTECH,2021-04-29 21:02:47
ZENSARTECH,2021-07-26 20:52:34
ZENSARTECH,2021-10-26 20:26:29
ZENSARTECH,2022-01-24 20:49:20
ZENSARTECH,2022-05-10 20:28:57
ZENSARTECH,2023-01-23 19:31:25
ZENSARTECH,2023-05-11 19:19:39
ZENSARTECH,2023-07-20 14:44:16
ZENSARTECH,2023-10-17 16:11:04
ZENSARTECH,2024-01-22 17:47:32
ZENSARTECH,2024-04-25 16:51:29
ZENSARTECH,2024-07-22 19:38:30
ZENSARTECH,2024-10-22 15:37:08
ZENSARTECH,2025-01-22 15:28:50
ZENTEC,2021-01-30 14:40:33
ZENTEC,2021-05-01 15:25:23
ZENTEC,2021-05-02 15:35:26
ZENTEC,2021-07-24 13:39:46
ZENTEC,2021-10-30 13:41:32
ZENTEC,2022-01-29 15:09:36
ZENTEC,2022-01-31 19:22:07
ZENTEC,2022-05-07 15:07:41
ZENTEC,2023-01-28 16:37:13
ZENTEC,2023-05-06 16:19:37
ZENTEC,2023-08-05 18:10:57
ZENTEC,2023-10-28 14:47:38
ZENTEC,2024-01-27 14:21:58
ZENTEC,2024-05-04 18:32:05
ZENTEC,2024-07-28 15:06:18
ZENTEC,2024-11-02 18:09:32
ZENTEC,2025-02-15 17:47:05
ZFCVINDIA,2021-02-10 19:00:38
ZFCVINDIA,2021-05-17 18:02:32
ZFCVINDIA,2021-05-18 14:33:14
ZFCVINDIA,2021-07-28 17:47:19
ZFCVINDIA,2021-07-28 18:20:52
ZFCVINDIA,2021-10-26 17:38:32
ZFCVINDIA,2022-01-27 17:58:01
ZFCVINDIA,2022-05-20 22:45:21
ZFCVINDIA,2023-02-01 17:14:42
ZFCVINDIA,2023-05-24 17:46:52
ZFCVINDIA,2023-07-27 12:33:13
ZFCVINDIA,2023-10-27 12:43:06
ZFCVINDIA,2024-01-30 16:28:41
ZFCVINDIA,2024-05-24 16:47:19
ZFCVINDIA,2024-07-22 13:15:21
ZFCVINDIA,2024-11-08 15:19:06
ZFCVINDIA,2025-02-06 18:21:53
ZICOM,2021-01-22 00:03:40
ZICOM,2021-01-22 00:04:46
ZICOM,2021-02-11 00:26:04
ZICOM,2021-02-11 00:27:09
ZIMLAB,2023-02-03 19:48:07
ZIMLAB,2023-05-19 18:58:28
ZIMLAB,2023-08-14 18:21:37
ZIMLAB,2023-11-01 19:54:08
ZIMLAB,2024-01-29 16:07:16
ZIMLAB,2024-05-13 20:53:29
ZIMLAB,2024-08-03 18:23:14
ZIMLAB,2024-11-09 19:33:50
ZIMLAB,2025-02-10 19:23:49
ZODIAC,2021-06-25 19:25:44
ZODIAC,2021-11-13 18:47:19
ZODIAC,2022-02-07 18:23:18
ZODIAC,2022-05-07 21:01:15
ZODIAC,2023-02-10 17:52:53
ZODIAC,2023-05-11 14:59:52
ZODIAC,2023-08-10 17:56:07
ZODIAC,2023-11-07 17:37:23
ZODIAC,2024-02-07 17:30:20
ZODIAC,2024-05-16 17:57:45
ZODIAC,2024-08-14 17:48:22
ZODIAC,2024-11-12 17:41:33
ZODIAC,2025-02-10 18:08:17
ZODIACLOTH,2021-02-12 20:05:16
ZODIACLOTH,2021-03-05 15:07:35
ZODIACLOTH,2021-06-30 21:01:08
ZODIACLOTH,2021-08-13 19:23:00
ZODIACLOTH,2021-11-13 17:50:12
ZODIACLOTH,2022-02-11 18:44:40
ZODIACLOTH,2022-05-30 20:54:26
ZODIACLOTH,2023-02-14 18:40:09
ZODIACLOTH,2023-05-30 20:33:20
ZODIACLOTH,2023-08-14 18:53:13
ZODIACLOTH,2023-11-07 19:06:52
ZODIACLOTH,2024-02-14 18:36:11
ZODIACLOTH,2024-05-30 21:16:32
ZODIACLOTH,2024-08-08 20:25:58
ZODIACLOTH,2024-11-14 20:45:53
ZODIACLOTH,2025-02-11 20:34:00
ZODJRDMKJ,2021-01-27 16:58:17
ZODJRDMKJ,2021-01-27 23:00:45
ZODJRDMKJ,2021-06-29 17:26:00
ZODJRDMKJ,2021-08-10 16:38:25
ZOTA,2021-02-10 17:29:50
ZOTA,2021-07-30 16:17:29
ZOTA,2021-11-01 13:12:50
ZOTA,2022-02-12 13:17:14
ZOTA,2022-05-30 16:08:05
ZOTA,2023-02-13 16:32:19
ZOTA,2023-05-30 17:25:30
ZOTA,2023-08-14 18:02:38
ZOTA,2023-11-10 17:46:58
ZOTA,2024-02-08 17:48:05
ZOTA,2024-05-29 18:43:23
ZOTA,2024-08-14 19:07:52
ZOTA,2024-11-14 19:18:11
ZOTA,2025-02-13 19:33:40
ZTECH,2024-08-13 15:50:42
ZTECH,2024-11-13 22:04:42
ZTECH,2025-02-12 16:27:52
ZUARI,2021-02-12 18:12:54
ZUARI,2021-05-28 22:04:33
ZUARI,2021-08-14 13:54:21
ZUARI,2021-11-10 20:29:16
ZUARI,2022-02-02 17:51:02
ZUARI,2022-05-29 17:53:30
ZUARI,2023-02-01 18:26:04
ZUARI,2023-05-20 16:59:47
ZUARI,2023-08-09 15:01:28
ZUARI,2023-11-04 17:30:44
ZUARI,2024-02-07 15:11:09
ZUARI,2024-05-25 11:47:35
ZUARI,2024-08-03 13:04:55
ZUARI,2024-11-06 18:11:20
ZUARI,2025-02-06 16:11:55
ZUARIIND,2021-02-13 16:23:24
ZUARIIND,2021-06-04 20:26:25
ZUARIIND,2021-08-14 17:38:21
ZUARIIND,2021-11-14 14:58:57
ZUARIIND,2022-02-14 18:16:37
ZUARIIND,2022-05-31 10:38:35
ZUARIIND,2023-02-13 19:00:41
ZUARIIND,2023-05-25 19:04:11
ZUARIIND,2023-08-14 16:54:55
ZUARIIND,2023-11-10 18:15:32
ZUARIIND,2024-02-13 18:12:36
ZUARIIND,2024-05-29 10:28:52
ZUARIIND,2024-08-10 17:41:47
ZUARIIND,2024-11-12 16:15:33
ZUARIIND,2025-02-13 15:44:14
ZYDUSLIFE,2021-02-05 13:14:26
ZYDUSLIFE,2021-05-27 13:27:00
ZYDUSLIFE,2021-05-27 15:16:06
ZYDUSLIFE,2021-08-11 12:56:40
ZYDUSLIFE,2021-10-29 12:12:21
ZYDUSLIFE,2022-02-03 12:18:51
ZYDUSLIFE,2022-05-20 13:35:22
ZYDUSLIFE,2023-02-03 12:38:38
ZYDUSLIFE,2023-05-18 13:13:35
ZYDUSLIFE,2023-08-11 12:31:53
ZYDUSLIFE,2023-11-07 12:01:20
ZYDUSLIFE,2024-02-09 12:56:23
ZYDUSLIFE,2024-05-17 15:34:26
ZYDUSLIFE,2024-08-09 12:52:19
ZYDUSLIFE,2024-11-12 12:35:08
ZYDUSLIFE,2025-02-05 12:22:54
ZYDUSWELL,2021-02-01 12:59:34
ZYDUSWELL,2021-05-10 13:38:13
ZYDUSWELL,2021-07-30 13:54:56
ZYDUSWELL,2021-10-28 15:14:47
ZYDUSWELL,2022-02-02 11:55:10
ZYDUSWELL,2022-05-17 12:20:45
ZYDUSWELL,2023-02-02 12:41:39
ZYDUSWELL,2023-05-17 12:10:40
ZYDUSWELL,2023-08-03 12:04:59
ZYDUSWELL,2023-11-06 11:53:47
ZYDUSWELL,2024-02-08 12:35:30
ZYDUSWELL,2024-05-14 12:40:09
ZYDUSWELL,2024-08-02 12:40:17
ZYDUSWELL,2024-11-11 12:12:56
ZYDUSWELL,2025-02-04 12:26:32
